#include <stdint.h>

const uint8_t image_data[] = {
0x01, 0x21, 0x19, 0x21, 0x29, 0x29, 0x31, 0x39, 0x31, 0x31, 0x39, 0x39, 
0x39, 0x39, 0x41, 0x41, 0x41, 0x39, 0x49, 0x41, 0x41, 0x49, 0x41, 0x41, 
0x41, 0x49, 0x41, 0x41, 0x41, 0x41, 0x41, 0x41, 0x41, 0x41, 0x49, 0x49, 
0x49, 0x49, 0x49, 0x49, 0x49, 0x49, 0x49, 0x51, 0x49, 0x51, 0x51, 0x49, 
0x39, 0x49, 0x49, 0x51, 0x51, 0x51, 0x51, 0x51, 0x51, 0x49, 0x51, 0x51, 
0x51, 0x51, 0x51, 0x51, 0x51, 0x59, 0x51, 0x51, 0x51, 0x51, 0x59, 0x59, 
0x59, 0x51, 0x59, 0x59, 0x61, 0x59, 0x59, 0x59, 0x59, 0x59, 0x59, 0x61, 
0x59, 0x61, 0x59, 0x59, 0x59, 0x59, 0x59, 0x61, 0x61, 0x61, 0x61, 0x61, 
0x61, 0x61, 0x61, 0x61, 0x59, 0x61, 0x61, 0x69, 0x59, 0x61, 0x61, 0x69, 
0x61, 0x59, 0x69, 0x69, 0x69, 0x59, 0x71, 0x61, 0x61, 0x61, 0x69, 0x61, 
0x69, 0x69, 0x61, 0x69, 0x69, 0x69, 0x69, 0x69, 0x61, 0x61, 0x61, 0x69, 
0x51, 0x31, 0x49, 0x31, 0x31, 0x29, 0x29, 0x31, 0x29, 0x29, 0x29, 0x29, 
0x29, 0x29, 0x29, 0x29, 0x29, 0x29, 0x29, 0x29, 0x29, 0x21, 0x29, 0x29, 
0x29, 0x29, 0x29, 0x21, 0x21, 0x31, 0x21, 0x11, 0x21, 0x29, 0x31, 0x31, 
0x31, 0x39, 0x41, 0x39, 0x39, 0x41, 0x39, 0x41, 0x39, 0x49, 0x41, 0x41, 
0x49, 0x41, 0x41, 0x41, 0x41, 0x49, 0x41, 0x49, 0x49, 0x49, 0x41, 0x49, 
0x49, 0x49, 0x49, 0x49, 0x51, 0x51, 0x49, 0x51, 0x51, 0x49, 0x49, 0x41, 
0x51, 0x51, 0x49, 0x51, 0x39, 0x51, 0x51, 0x51, 0x51, 0x51, 0x51, 0x51, 
0x59, 0x59, 0x51, 0x51, 0x59, 0x59, 0x61, 0x59, 0x51, 0x51, 0x59, 0x51, 
0x59, 0x59, 0x59, 0x59, 0x59, 0x51, 0x59, 0x59, 0x61, 0x59, 0x59, 0x59, 
0x59, 0x61, 0x59, 0x59, 0x61, 0x59, 0x59, 0x61, 0x61, 0x61, 0x61, 0x61, 
0x61, 0x61, 0x61, 0x61, 0x69, 0x59, 0x61, 0x61, 0x61, 0x69, 0x69, 0x69, 
0x61, 0x69, 0x61, 0x59, 0x69, 0x69, 0x69, 0x61, 0x69, 0x59, 0x71, 0x69, 
0x69, 0x61, 0x61, 0x69, 0x69, 0x71, 0x61, 0x69, 0x61, 0x61, 0x61, 0x71, 
0x61, 0x69, 0x61, 0x61, 0x51, 0x49, 0x49, 0x31, 0x31, 0x31, 0x31, 0x39, 
0x29, 0x29, 0x29, 0x21, 0x29, 0x29, 0x29, 0x21, 0x29, 0x29, 0x29, 0x21, 
0x29, 0x21, 0x29, 0x21, 0x29, 0x29, 0x21, 0x21, 0x21, 0x39, 0x39, 0x29, 
0x19, 0x19, 0x31, 0x31, 0x31, 0x39, 0x39, 0x39, 0x31, 0x39, 0x39, 0x39, 
0x41, 0x41, 0x41, 0x39, 0x41, 0x41, 0x41, 0x41, 0x49, 0x49, 0x49, 0x49, 
0x41, 0x49, 0x49, 0x41, 0x49, 0x49, 0x41, 0x51, 0x51, 0x51, 0x49, 0x49, 
0x51, 0x49, 0x51, 0x49, 0x51, 0x51, 0x51, 0x51, 0x41, 0x49, 0x49, 0x51, 
0x49, 0x59, 0x51, 0x49, 0x51, 0x59, 0x59, 0x59, 0x51, 0x59, 0x51, 0x59, 
0x51, 0x59, 0x51, 0x51, 0x59, 0x61, 0x59, 0x59, 0x61, 0x59, 0x59, 0x51, 
0x61, 0x59, 0x59, 0x59, 0x61, 0x61, 0x59, 0x59, 0x61, 0x51, 0x59, 0x61, 
0x61, 0x61, 0x59, 0x69, 0x61, 0x61, 0x61, 0x61, 0x61, 0x59, 0x61, 0x59, 
0x61, 0x69, 0x69, 0x61, 0x69, 0x69, 0x61, 0x69, 0x61, 0x69, 0x69, 0x61, 
0x69, 0x61, 0x61, 0x69, 0x69, 0x71, 0x69, 0x61, 0x61, 0x69, 0x69, 0x71, 
0x69, 0x69, 0x69, 0x71, 0x69, 0x69, 0x69, 0x69, 0x49, 0x41, 0x49, 0x39, 
0x31, 0x31, 0x31, 0x29, 0x31, 0x29, 0x29, 0x29, 0x29, 0x29, 0x29, 0x29, 
0x29, 0x21, 0x29, 0x31, 0x29, 0x21, 0x29, 0x29, 0x29, 0x21, 0x29, 0x29, 
0x21, 0x31, 0x31, 0x31, 0x29, 0x21, 0x29, 0x29, 0x39, 0x39, 0x39, 0x39, 
0x39, 0x41, 0x39, 0x39, 0x41, 0x41, 0x41, 0x41, 0x39, 0x49, 0x41, 0x41, 
0x49, 0x41, 0x49, 0x41, 0x49, 0x49, 0x51, 0x49, 0x49, 0x49, 0x49, 0x51, 
0x49, 0x51, 0x51, 0x49, 0x59, 0x49, 0x51, 0x49, 0x51, 0x59, 0x51, 0x51, 
0x39, 0x51, 0x51, 0x49, 0x51, 0x59, 0x51, 0x51, 0x59, 0x59, 0x59, 0x59, 
0x51, 0x51, 0x59, 0x51, 0x51, 0x59, 0x59, 0x59, 0x59, 0x59, 0x61, 0x59, 
0x59, 0x51, 0x51, 0x59, 0x61, 0x59, 0x61, 0x59, 0x61, 0x59, 0x59, 0x61, 
0x59, 0x61, 0x61, 0x59, 0x61, 0x61, 0x69, 0x61, 0x61, 0x61, 0x61, 0x69, 
0x59, 0x61, 0x61, 0x61, 0x61, 0x69, 0x69, 0x59, 0x69, 0x69, 0x61, 0x61, 
0x61, 0x61, 0x69, 0x69, 0x69, 0x69, 0x71, 0x69, 0x61, 0x61, 0x69, 0x61, 
0x69, 0x61, 0x69, 0x69, 0x61, 0x69, 0x69, 0x69, 0x69, 0x71, 0x71, 0x69, 
0x51, 0x51, 0x51, 0x41, 0x31, 0x31, 0x31, 0x29, 0x29, 0x31, 0x29, 0x29, 
0x29, 0x29, 0x31, 0x29, 0x29, 0x21, 0x29, 0x21, 0x21, 0x21, 0x29, 0x29, 
0x29, 0x21, 0x29, 0x29, 0x21, 0x21, 0x29, 0x31, 0x29, 0x31, 0x21, 0x29, 
0x31, 0x31, 0x39, 0x39, 0x39, 0x39, 0x41, 0x41, 0x41, 0x41, 0x41, 0x41, 
0x41, 0x41, 0x41, 0x49, 0x49, 0x49, 0x49, 0x41, 0x49, 0x41, 0x49, 0x49, 
0x49, 0x51, 0x51, 0x51, 0x51, 0x51, 0x41, 0x49, 0x59, 0x49, 0x59, 0x59, 
0x51, 0x51, 0x51, 0x51, 0x39, 0x49, 0x49, 0x49, 0x51, 0x51, 0x51, 0x59, 
0x51, 0x59, 0x51, 0x61, 0x51, 0x51, 0x59, 0x59, 0x59, 0x59, 0x59, 0x51, 
0x61, 0x59, 0x59, 0x59, 0x51, 0x61, 0x59, 0x59, 0x59, 0x61, 0x69, 0x59, 
0x61, 0x59, 0x61, 0x59, 0x59, 0x69, 0x61, 0x59, 0x59, 0x61, 0x69, 0x61, 
0x61, 0x61, 0x69, 0x69, 0x61, 0x61, 0x61, 0x69, 0x61, 0x61, 0x61, 0x69, 
0x59, 0x69, 0x69, 0x71, 0x61, 0x61, 0x69, 0x71, 0x69, 0x71, 0x71, 0x69, 
0x69, 0x69, 0x69, 0x71, 0x69, 0x61, 0x61, 0x69, 0x69, 0x61, 0x61, 0x69, 
0x69, 0x69, 0x69, 0x71, 0x69, 0x61, 0x59, 0x41, 0x31, 0x29, 0x31, 0x29, 
0x29, 0x29, 0x29, 0x29, 0x31, 0x29, 0x21, 0x31, 0x29, 0x29, 0x29, 0x29, 
0x29, 0x29, 0x29, 0x29, 0x31, 0x29, 0x29, 0x21, 0x29, 0x19, 0x19, 0x21, 
0x29, 0x39, 0x21, 0x19, 0x31, 0x39, 0x39, 0x41, 0x41, 0x41, 0x39, 0x41, 
0x41, 0x41, 0x41, 0x41, 0x39, 0x39, 0x41, 0x41, 0x41, 0x41, 0x41, 0x49, 
0x49, 0x49, 0x49, 0x49, 0x49, 0x49, 0x49, 0x49, 0x49, 0x49, 0x51, 0x51, 
0x51, 0x41, 0x51, 0x51, 0x51, 0x51, 0x51, 0x49, 0x41, 0x49, 0x51, 0x51, 
0x49, 0x51, 0x49, 0x59, 0x51, 0x59, 0x51, 0x51, 0x51, 0x51, 0x59, 0x59, 
0x59, 0x59, 0x59, 0x51, 0x59, 0x59, 0x59, 0x59, 0x61, 0x59, 0x59, 0x61, 
0x59, 0x59, 0x59, 0x61, 0x61, 0x59, 0x61, 0x61, 0x61, 0x61, 0x69, 0x59, 
0x59, 0x59, 0x61, 0x69, 0x61, 0x69, 0x69, 0x59, 0x69, 0x69, 0x71, 0x61, 
0x61, 0x69, 0x61, 0x61, 0x61, 0x69, 0x69, 0x61, 0x61, 0x61, 0x61, 0x69, 
0x69, 0x61, 0x71, 0x69, 0x69, 0x69, 0x69, 0x69, 0x69, 0x71, 0x71, 0x69, 
0x69, 0x71, 0x71, 0x71, 0x69, 0x69, 0x69, 0x69, 0x69, 0x69, 0x61, 0x41, 
0x31, 0x31, 0x29, 0x31, 0x29, 0x29, 0x29, 0x29, 0x29, 0x29, 0x29, 0x29, 
0x29, 0x29, 0x29, 0x29, 0x29, 0x21, 0x29, 0x21, 0x29, 0x29, 0x29, 0x29, 
0x29, 0x19, 0x19, 0x19, 0x19, 0x21, 0x31, 0x21, 0x29, 0x31, 0x39, 0x41, 
0x41, 0x39, 0x39, 0x41, 0x41, 0x41, 0x49, 0x41, 0x41, 0x39, 0x41, 0x41, 
0x41, 0x49, 0x49, 0x49, 0x49, 0x49, 0x49, 0x49, 0x49, 0x49, 0x51, 0x49, 
0x51, 0x49, 0x49, 0x51, 0x49, 0x49, 0x59, 0x51, 0x51, 0x51, 0x51, 0x51, 
0x41, 0x49, 0x51, 0x49, 0x59, 0x51, 0x51, 0x51, 0x59, 0x49, 0x59, 0x59, 
0x59, 0x49, 0x51, 0x51, 0x59, 0x59, 0x59, 0x59, 0x61, 0x51, 0x51, 0x61, 
0x59, 0x59, 0x59, 0x59, 0x61, 0x61, 0x51, 0x59, 0x61, 0x59, 0x61, 0x59, 
0x61, 0x61, 0x69, 0x59, 0x61, 0x51, 0x61, 0x61, 0x61, 0x61, 0x69, 0x61, 
0x61, 0x61, 0x69, 0x61, 0x69, 0x61, 0x61, 0x69, 0x69, 0x61, 0x69, 0x61, 
0x69, 0x69, 0x69, 0x71, 0x71, 0x61, 0x71, 0x69, 0x69, 0x69, 0x69, 0x71, 
0x71, 0x69, 0x69, 0x69, 0x69, 0x69, 0x69, 0x69, 0x71, 0x71, 0x71, 0x69, 
0x69, 0x69, 0x59, 0x41, 0x31, 0x29, 0x31, 0x31, 0x29, 0x31, 0x29, 0x29, 
0x29, 0x29, 0x31, 0x29, 0x29, 0x29, 0x29, 0x29, 0x29, 0x29, 0x29, 0x29, 
0x29, 0x29, 0x21, 0x29, 0x29, 0x19, 0x19, 0x19, 0x19, 0x19, 0x21, 0x21, 
0x21, 0x31, 0x31, 0x39, 0x39, 0x39, 0x39, 0x39, 0x41, 0x39, 0x41, 0x39, 
0x41, 0x49, 0x41, 0x41, 0x41, 0x41, 0x49, 0x49, 0x41, 0x49, 0x49, 0x51, 
0x49, 0x41, 0x49, 0x49, 0x49, 0x51, 0x51, 0x49, 0x51, 0x51, 0x51, 0x51, 
0x51, 0x51, 0x51, 0x51, 0x49, 0x49, 0x51, 0x51, 0x51, 0x51, 0x49, 0x51, 
0x51, 0x59, 0x51, 0x61, 0x59, 0x59, 0x59, 0x59, 0x59, 0x59, 0x51, 0x51, 
0x59, 0x51, 0x59, 0x59, 0x59, 0x59, 0x61, 0x61, 0x59, 0x61, 0x59, 0x61, 
0x61, 0x61, 0x61, 0x61, 0x61, 0x61, 0x61, 0x61, 0x59, 0x61, 0x59, 0x61, 
0x61, 0x61, 0x61, 0x61, 0x61, 0x61, 0x61, 0x69, 0x61, 0x69, 0x69, 0x69, 
0x69, 0x71, 0x61, 0x69, 0x69, 0x69, 0x69, 0x69, 0x71, 0x69, 0x79, 0x71, 
0x69, 0x69, 0x61, 0x71, 0x69, 0x69, 0x69, 0x69, 0x69, 0x69, 0x71, 0x71, 
0x71, 0x69, 0x71, 0x79, 0x71, 0x61, 0x61, 0x49, 0x31, 0x31, 0x31, 0x29, 
0x29, 0x21, 0x29, 0x29, 0x29, 0x29, 0x29, 0x29, 0x29, 0x29, 0x29, 0x29, 
0x21, 0x29, 0x29, 0x29, 0x29, 0x29, 0x29, 0x31, 0x29, 0x19, 0x19, 0x19, 
0x19, 0x19, 0x19, 0x19, 0x19, 0x31, 0x39, 0x31, 0x39, 0x49, 0x39, 0x41, 
0x41, 0x41, 0x41, 0x41, 0x49, 0x49, 0x39, 0x51, 0x49, 0x49, 0x49, 0x49, 
0x41, 0x49, 0x49, 0x49, 0x51, 0x49, 0x51, 0x49, 0x51, 0x49, 0x51, 0x59, 
0x51, 0x51, 0x59, 0x51, 0x51, 0x59, 0x51, 0x51, 0x41, 0x49, 0x49, 0x51, 
0x51, 0x59, 0x51, 0x51, 0x59, 0x59, 0x59, 0x51, 0x59, 0x59, 0x59, 0x59, 
0x59, 0x59, 0x61, 0x51, 0x59, 0x59, 0x59, 0x51, 0x59, 0x69, 0x61, 0x59, 
0x61, 0x61, 0x61, 0x69, 0x61, 0x61, 0x61, 0x69, 0x59, 0x61, 0x61, 0x61, 
0x61, 0x59, 0x59, 0x61, 0x69, 0x69, 0x61, 0x71, 0x61, 0x61, 0x69, 0x69, 
0x61, 0x69, 0x69, 0x69, 0x69, 0x69, 0x69, 0x69, 0x69, 0x61, 0x61, 0x71, 
0x71, 0x61, 0x71, 0x71, 0x69, 0x71, 0x69, 0x69, 0x69, 0x69, 0x71, 0x71, 
0x71, 0x79, 0x69, 0x71, 0x71, 0x71, 0x71, 0x71, 0x69, 0x71, 0x61, 0x49, 
0x31, 0x31, 0x31, 0x31, 0x31, 0x31, 0x29, 0x31, 0x31, 0x31, 0x29, 0x31, 
0x29, 0x29, 0x29, 0x29, 0x29, 0x29, 0x29, 0x29, 0x21, 0x29, 0x29, 0x29, 
0x29, 0x19, 0x19, 0x11, 0x19, 0x19, 0x19, 0x19, 0x19, 0x29, 0x31, 0x31, 
0x39, 0x39, 0x41, 0x39, 0x41, 0x41, 0x41, 0x39, 0x41, 0x41, 0x49, 0x41, 
0x49, 0x41, 0x49, 0x49, 0x49, 0x49, 0x49, 0x49, 0x49, 0x51, 0x51, 0x49, 
0x51, 0x51, 0x51, 0x51, 0x51, 0x51, 0x51, 0x51, 0x51, 0x51, 0x59, 0x51, 
0x41, 0x51, 0x51, 0x51, 0x51, 0x51, 0x59, 0x49, 0x59, 0x59, 0x59, 0x59, 
0x59, 0x59, 0x59, 0x61, 0x59, 0x59, 0x51, 0x61, 0x59, 0x59, 0x61, 0x61, 
0x59, 0x59, 0x59, 0x61, 0x59, 0x51, 0x61, 0x59, 0x61, 0x61, 0x59, 0x61, 
0x61, 0x69, 0x61, 0x61, 0x61, 0x69, 0x61, 0x51, 0x61, 0x61, 0x61, 0x69, 
0x61, 0x59, 0x69, 0x61, 0x61, 0x69, 0x61, 0x69, 0x69, 0x69, 0x69, 0x69, 
0x69, 0x69, 0x69, 0x69, 0x69, 0x69, 0x71, 0x69, 0x71, 0x69, 0x69, 0x71, 
0x69, 0x71, 0x71, 0x71, 0x69, 0x69, 0x71, 0x71, 0x69, 0x79, 0x71, 0x79, 
0x69, 0x69, 0x69, 0x49, 0x39, 0x31, 0x29, 0x31, 0x29, 0x31, 0x21, 0x31, 
0x29, 0x29, 0x31, 0x31, 0x31, 0x29, 0x29, 0x29, 0x29, 0x29, 0x29, 0x29, 
0x29, 0x29, 0x21, 0x29, 0x29, 0x19, 0x11, 0x11, 0x19, 0x19, 0x19, 0x19, 
0x21, 0x21, 0x31, 0x39, 0x39, 0x39, 0x39, 0x39, 0x41, 0x41, 0x41, 0x41, 
0x41, 0x49, 0x41, 0x41, 0x41, 0x41, 0x49, 0x49, 0x49, 0x41, 0x51, 0x49, 
0x51, 0x51, 0x49, 0x49, 0x51, 0x49, 0x51, 0x51, 0x51, 0x51, 0x59, 0x51, 
0x51, 0x49, 0x51, 0x51, 0x41, 0x51, 0x59, 0x51, 0x59, 0x59, 0x59, 0x51, 
0x51, 0x59, 0x51, 0x51, 0x51, 0x59, 0x51, 0x59, 0x59, 0x59, 0x59, 0x59, 
0x59, 0x59, 0x59, 0x59, 0x59, 0x59, 0x59, 0x59, 0x59, 0x59, 0x61, 0x61, 
0x69, 0x59, 0x59, 0x61, 0x61, 0x61, 0x59, 0x61, 0x59, 0x61, 0x61, 0x61, 
0x59, 0x59, 0x69, 0x59, 0x61, 0x61, 0x69, 0x61, 0x69, 0x69, 0x61, 0x61, 
0x69, 0x61, 0x69, 0x69, 0x69, 0x69, 0x69, 0x69, 0x71, 0x69, 0x71, 0x69, 
0x69, 0x61, 0x69, 0x69, 0x69, 0x71, 0x71, 0x69, 0x71, 0x71, 0x71, 0x69, 
0x71, 0x71, 0x71, 0x71, 0x71, 0x69, 0x61, 0x51, 0x29, 0x31, 0x31, 0x31, 
0x29, 0x31, 0x29, 0x29, 0x29, 0x31, 0x31, 0x29, 0x29, 0x29, 0x21, 0x29, 
0x29, 0x29, 0x29, 0x29, 0x29, 0x29, 0x29, 0x21, 0x29, 0x11, 0x11, 0x11, 
0x11, 0x19, 0x19, 0x19, 0x19, 0x21, 0x39, 0x39, 0x39, 0x39, 0x41, 0x39, 
0x41, 0x41, 0x39, 0x39, 0x41, 0x49, 0x41, 0x49, 0x41, 0x49, 0x49, 0x49, 
0x51, 0x49, 0x49, 0x51, 0x51, 0x49, 0x51, 0x51, 0x49, 0x49, 0x51, 0x51, 
0x51, 0x51, 0x59, 0x51, 0x59, 0x51, 0x59, 0x51, 0x41, 0x49, 0x51, 0x51, 
0x59, 0x51, 0x51, 0x51, 0x59, 0x59, 0x51, 0x59, 0x51, 0x59, 0x59, 0x51, 
0x51, 0x59, 0x59, 0x59, 0x59, 0x59, 0x61, 0x59, 0x59, 0x59, 0x61, 0x61, 
0x59, 0x59, 0x61, 0x61, 0x61, 0x61, 0x59, 0x69, 0x61, 0x69, 0x61, 0x59, 
0x59, 0x61, 0x61, 0x59, 0x61, 0x59, 0x61, 0x61, 0x61, 0x69, 0x69, 0x69, 
0x61, 0x61, 0x69, 0x69, 0x71, 0x69, 0x69, 0x69, 0x71, 0x69, 0x69, 0x69, 
0x69, 0x69, 0x71, 0x69, 0x71, 0x71, 0x61, 0x69, 0x71, 0x71, 0x69, 0x71, 
0x71, 0x71, 0x71, 0x71, 0x69, 0x69, 0x69, 0x69, 0x69, 0x69, 0x61, 0x49, 
0x39, 0x31, 0x31, 0x31, 0x31, 0x31, 0x31, 0x31, 0x31, 0x29, 0x29, 0x29, 
0x29, 0x29, 0x29, 0x29, 0x29, 0x29, 0x29, 0x29, 0x31, 0x29, 0x29, 0x29, 
0x21, 0x19, 0x19, 0x11, 0x19, 0x19, 0x19, 0x19, 0x19, 0x19, 0x21, 0x31, 
0x39, 0x39, 0x39, 0x41, 0x41, 0x41, 0x39, 0x41, 0x41, 0x41, 0x41, 0x41, 
0x41, 0x49, 0x41, 0x49, 0x49, 0x41, 0x49, 0x51, 0x49, 0x49, 0x51, 0x51, 
0x51, 0x49, 0x59, 0x51, 0x51, 0x59, 0x59, 0x59, 0x51, 0x51, 0x59, 0x51, 
0x41, 0x59, 0x51, 0x59, 0x51, 0x59, 0x61, 0x59, 0x51, 0x51, 0x51, 0x59, 
0x59, 0x51, 0x51, 0x51, 0x51, 0x59, 0x51, 0x59, 0x51, 0x59, 0x59, 0x61, 
0x59, 0x61, 0x61, 0x59, 0x61, 0x61, 0x59, 0x61, 0x59, 0x61, 0x61, 0x61, 
0x61, 0x61, 0x61, 0x61, 0x59, 0x61, 0x59, 0x61, 0x61, 0x61, 0x61, 0x69, 
0x69, 0x61, 0x69, 0x69, 0x59, 0x71, 0x69, 0x69, 0x69, 0x69, 0x69, 0x61, 
0x69, 0x69, 0x69, 0x61, 0x69, 0x61, 0x69, 0x69, 0x59, 0x59, 0x61, 0x61, 
0x61, 0x61, 0x69, 0x69, 0x69, 0x69, 0x71, 0x69, 0x71, 0x71, 0x79, 0x79, 
0x69, 0x69, 0x69, 0x49, 0x39, 0x39, 0x31, 0x31, 0x31, 0x31, 0x31, 0x29, 
0x29, 0x31, 0x31, 0x29, 0x29, 0x21, 0x29, 0x29, 0x29, 0x21, 0x29, 0x29, 
0x21, 0x29, 0x29, 0x21, 0x29, 0x19, 0x11, 0x19, 0x11, 0x11, 0x19, 0x19, 
0x19, 0x19, 0x21, 0x29, 0x31, 0x39, 0x39, 0x39, 0x39, 0x41, 0x39, 0x41, 
0x41, 0x39, 0x41, 0x41, 0x49, 0x49, 0x49, 0x49, 0x49, 0x41, 0x51, 0x51, 
0x49, 0x51, 0x51, 0x51, 0x49, 0x49, 0x51, 0x59, 0x59, 0x51, 0x59, 0x59, 
0x51, 0x51, 0x51, 0x51, 0x49, 0x59, 0x51, 0x51, 0x59, 0x51, 0x59, 0x59, 
0x61, 0x59, 0x59, 0x59, 0x59, 0x59, 0x59, 0x51, 0x51, 0x51, 0x51, 0x59, 
0x59, 0x59, 0x61, 0x61, 0x59, 0x61, 0x61, 0x69, 0x59, 0x61, 0x61, 0x61, 
0x61, 0x61, 0x61, 0x61, 0x61, 0x59, 0x61, 0x61, 0x61, 0x59, 0x59, 0x61, 
0x61, 0x61, 0x59, 0x59, 0x59, 0x61, 0x61, 0x59, 0x59, 0x61, 0x61, 0x61, 
0x59, 0x61, 0x61, 0x69, 0x61, 0x59, 0x61, 0x61, 0x61, 0x69, 0x61, 0x61, 
0x61, 0x69, 0x69, 0x71, 0x61, 0x69, 0x61, 0x71, 0x71, 0x71, 0x71, 0x69, 
0x71, 0x71, 0x71, 0x71, 0x69, 0x69, 0x69, 0x51, 0x39, 0x41, 0x31, 0x39, 
0x39, 0x31, 0x29, 0x31, 0x29, 0x29, 0x29, 0x29, 0x29, 0x29, 0x21, 0x29, 
0x29, 0x29, 0x29, 0x29, 0x29, 0x29, 0x29, 0x29, 0x21, 0x21, 0x11, 0x19, 
0x19, 0x19, 0x11, 0x19, 0x19, 0x19, 0x19, 0x31, 0x39, 0x39, 0x39, 0x39, 
0x41, 0x41, 0x41, 0x41, 0x41, 0x41, 0x49, 0x49, 0x41, 0x49, 0x41, 0x49, 
0x41, 0x41, 0x49, 0x49, 0x51, 0x51, 0x59, 0x51, 0x51, 0x59, 0x51, 0x51, 
0x51, 0x51, 0x59, 0x59, 0x51, 0x59, 0x59, 0x51, 0x49, 0x51, 0x49, 0x51, 
0x59, 0x51, 0x51, 0x59, 0x59, 0x51, 0x61, 0x59, 0x59, 0x51, 0x61, 0x61, 
0x59, 0x59, 0x59, 0x59, 0x59, 0x59, 0x61, 0x59, 0x59, 0x61, 0x61, 0x59, 
0x61, 0x59, 0x61, 0x61, 0x59, 0x59, 0x61, 0x61, 0x59, 0x61, 0x59, 0x59, 
0x59, 0x59, 0x61, 0x61, 0x69, 0x61, 0x59, 0x61, 0x61, 0x61, 0x61, 0x61, 
0x69, 0x69, 0x61, 0x69, 0x61, 0x69, 0x61, 0x61, 0x69, 0x69, 0x69, 0x69, 
0x69, 0x69, 0x71, 0x71, 0x69, 0x69, 0x69, 0x71, 0x71, 0x71, 0x71, 0x71, 
0x71, 0x79, 0x71, 0x71, 0x69, 0x79, 0x71, 0x79, 0x71, 0x71, 0x69, 0x51, 
0x39, 0x39, 0x31, 0x31, 0x31, 0x31, 0x29, 0x31, 0x29, 0x21, 0x29, 0x29, 
0x31, 0x29, 0x29, 0x29, 0x29, 0x29, 0x29, 0x29, 0x29, 0x29, 0x29, 0x31, 
0x29, 0x19, 0x11, 0x11, 0x19, 0x19, 0x19, 0x11, 0x19, 0x19, 0x19, 0x29, 
0x31, 0x39, 0x39, 0x39, 0x41, 0x31, 0x41, 0x39, 0x49, 0x41, 0x41, 0x41, 
0x49, 0x49, 0x49, 0x49, 0x49, 0x49, 0x51, 0x49, 0x49, 0x51, 0x51, 0x51, 
0x49, 0x49, 0x51, 0x51, 0x51, 0x51, 0x59, 0x51, 0x59, 0x51, 0x51, 0x51, 
0x41, 0x51, 0x59, 0x51, 0x59, 0x51, 0x51, 0x51, 0x49, 0x51, 0x51, 0x51, 
0x51, 0x51, 0x51, 0x59, 0x51, 0x59, 0x59, 0x51, 0x51, 0x59, 0x59, 0x59, 
0x59, 0x59, 0x61, 0x51, 0x61, 0x59, 0x61, 0x61, 0x61, 0x61, 0x61, 0x59, 
0x69, 0x69, 0x61, 0x69, 0x61, 0x61, 0x69, 0x61, 0x61, 0x61, 0x61, 0x61, 
0x59, 0x61, 0x61, 0x69, 0x61, 0x61, 0x69, 0x69, 0x69, 0x61, 0x71, 0x69, 
0x61, 0x69, 0x69, 0x61, 0x69, 0x69, 0x71, 0x71, 0x71, 0x69, 0x69, 0x71, 
0x69, 0x71, 0x71, 0x79, 0x71, 0x71, 0x71, 0x71, 0x71, 0x71, 0x71, 0x79, 
0x79, 0x69, 0x69, 0x51, 0x31, 0x31, 0x31, 0x31, 0x29, 0x29, 0x31, 0x29, 
0x39, 0x31, 0x29, 0x29, 0x29, 0x29, 0x21, 0x29, 0x31, 0x29, 0x29, 0x29, 
0x29, 0x29, 0x21, 0x21, 0x29, 0x19, 0x19, 0x19, 0x11, 0x19, 0x19, 0x19, 
0x19, 0x19, 0x19, 0x21, 0x31, 0x31, 0x39, 0x39, 0x41, 0x41, 0x41, 0x39, 
0x41, 0x39, 0x41, 0x49, 0x41, 0x41, 0x41, 0x41, 0x49, 0x49, 0x49, 0x49, 
0x49, 0x49, 0x51, 0x49, 0x49, 0x49, 0x49, 0x49, 0x51, 0x51, 0x59, 0x51, 
0x51, 0x59, 0x51, 0x49, 0x41, 0x51, 0x51, 0x51, 0x51, 0x51, 0x51, 0x49, 
0x51, 0x51, 0x51, 0x59, 0x59, 0x51, 0x59, 0x59, 0x51, 0x59, 0x59, 0x59, 
0x59, 0x59, 0x61, 0x61, 0x61, 0x59, 0x61, 0x61, 0x59, 0x69, 0x59, 0x59, 
0x59, 0x61, 0x59, 0x69, 0x61, 0x69, 0x61, 0x69, 0x69, 0x61, 0x69, 0x69, 
0x61, 0x69, 0x69, 0x61, 0x59, 0x61, 0x69, 0x69, 0x69, 0x71, 0x61, 0x69, 
0x69, 0x61, 0x69, 0x69, 0x69, 0x69, 0x69, 0x69, 0x61, 0x69, 0x71, 0x69, 
0x69, 0x69, 0x71, 0x71, 0x71, 0x71, 0x79, 0x71, 0x79, 0x71, 0x79, 0x79, 
0x71, 0x79, 0x79, 0x71, 0x71, 0x71, 0x69, 0x51, 0x39, 0x31, 0x31, 0x31, 
0x31, 0x31, 0x31, 0x31, 0x29, 0x29, 0x31, 0x31, 0x21, 0x21, 0x29, 0x29, 
0x29, 0x29, 0x29, 0x29, 0x29, 0x29, 0x29, 0x31, 0x21, 0x19, 0x11, 0x11, 
0x11, 0x11, 0x11, 0x19, 0x19, 0x19, 0x11, 0x19, 0x29, 0x31, 0x31, 0x31, 
0x39, 0x39, 0x39, 0x41, 0x41, 0x41, 0x41, 0x41, 0x39, 0x39, 0x39, 0x39, 
0x41, 0x41, 0x41, 0x49, 0x49, 0x41, 0x41, 0x49, 0x49, 0x49, 0x51, 0x49, 
0x51, 0x59, 0x51, 0x59, 0x51, 0x59, 0x59, 0x49, 0x49, 0x49, 0x51, 0x51, 
0x59, 0x51, 0x51, 0x51, 0x59, 0x51, 0x51, 0x59, 0x59, 0x59, 0x51, 0x59, 
0x59, 0x51, 0x61, 0x59, 0x59, 0x59, 0x61, 0x59, 0x59, 0x69, 0x61, 0x61, 
0x59, 0x61, 0x61, 0x59, 0x59, 0x61, 0x61, 0x69, 0x69, 0x69, 0x61, 0x69, 
0x61, 0x61, 0x69, 0x61, 0x61, 0x69, 0x69, 0x69, 0x61, 0x69, 0x69, 0x69, 
0x61, 0x69, 0x69, 0x69, 0x69, 0x71, 0x69, 0x69, 0x69, 0x69, 0x69, 0x71, 
0x69, 0x71, 0x71, 0x71, 0x69, 0x69, 0x69, 0x69, 0x69, 0x69, 0x79, 0x71, 
0x71, 0x71, 0x79, 0x79, 0x79, 0x79, 0x79, 0x71, 0x71, 0x69, 0x61, 0x59, 
0x41, 0x39, 0x31, 0x31, 0x39, 0x31, 0x29, 0x31, 0x29, 0x29, 0x29, 0x29, 
0x29, 0x29, 0x21, 0x29, 0x29, 0x29, 0x29, 0x29, 0x29, 0x29, 0x29, 0x21, 
0x29, 0x19, 0x11, 0x11, 0x19, 0x19, 0x11, 0x19, 0x19, 0x19, 0x19, 0x19, 
0x29, 0x31, 0x39, 0x39, 0x39, 0x31, 0x41, 0x39, 0x39, 0x41, 0x49, 0x49, 
0x41, 0x49, 0x49, 0x41, 0x49, 0x41, 0x49, 0x49, 0x49, 0x49, 0x49, 0x51, 
0x51, 0x51, 0x51, 0x49, 0x51, 0x51, 0x59, 0x59, 0x51, 0x59, 0x59, 0x49, 
0x41, 0x51, 0x51, 0x59, 0x49, 0x59, 0x59, 0x49, 0x51, 0x59, 0x59, 0x59, 
0x59, 0x59, 0x59, 0x59, 0x59, 0x59, 0x51, 0x61, 0x59, 0x59, 0x61, 0x59, 
0x61, 0x61, 0x61, 0x69, 0x61, 0x59, 0x61, 0x61, 0x61, 0x61, 0x69, 0x69, 
0x59, 0x61, 0x69, 0x69, 0x61, 0x69, 0x61, 0x61, 0x69, 0x69, 0x61, 0x61, 
0x69, 0x61, 0x71, 0x69, 0x69, 0x69, 0x69, 0x69, 0x69, 0x69, 0x69, 0x61, 
0x69, 0x71, 0x69, 0x69, 0x71, 0x69, 0x71, 0x69, 0x69, 0x69, 0x69, 0x71, 
0x69, 0x71, 0x71, 0x71, 0x71, 0x69, 0x79, 0x81, 0x79, 0x71, 0x79, 0x71, 
0x71, 0x71, 0x61, 0x51, 0x41, 0x39, 0x31, 0x31, 0x31, 0x31, 0x29, 0x31, 
0x31, 0x29, 0x29, 0x31, 0x31, 0x31, 0x21, 0x29, 0x29, 0x31, 0x29, 0x29, 
0x29, 0x29, 0x29, 0x21, 0x29, 0x19, 0x11, 0x11, 0x11, 0x11, 0x19, 0x19, 
0x19, 0x19, 0x19, 0x19, 0x21, 0x31, 0x31, 0x39, 0x39, 0x39, 0x39, 0x41, 
0x41, 0x41, 0x41, 0x41, 0x41, 0x49, 0x41, 0x49, 0x49, 0x49, 0x49, 0x49, 
0x49, 0x51, 0x49, 0x51, 0x49, 0x51, 0x49, 0x51, 0x51, 0x51, 0x51, 0x59, 
0x59, 0x59, 0x51, 0x49, 0x49, 0x51, 0x51, 0x51, 0x51, 0x51, 0x59, 0x59, 
0x59, 0x59, 0x59, 0x59, 0x51, 0x59, 0x59, 0x59, 0x59, 0x59, 0x59, 0x61, 
0x51, 0x59, 0x59, 0x61, 0x61, 0x59, 0x61, 0x61, 0x61, 0x59, 0x61, 0x61, 
0x61, 0x69, 0x61, 0x59, 0x69, 0x61, 0x61, 0x69, 0x69, 0x69, 0x69, 0x69, 
0x61, 0x61, 0x61, 0x69, 0x61, 0x61, 0x61, 0x61, 0x61, 0x69, 0x69, 0x69, 
0x69, 0x69, 0x61, 0x69, 0x69, 0x69, 0x69, 0x71, 0x69, 0x69, 0x69, 0x71, 
0x69, 0x71, 0x69, 0x71, 0x71, 0x71, 0x71, 0x71, 0x79, 0x79, 0x79, 0x79, 
0x81, 0x79, 0x79, 0x79, 0x79, 0x71, 0x69, 0x51, 0x39, 0x31, 0x31, 0x31, 
0x31, 0x29, 0x31, 0x29, 0x29, 0x29, 0x29, 0x21, 0x29, 0x29, 0x21, 0x29, 
0x29, 0x29, 0x29, 0x29, 0x29, 0x29, 0x31, 0x29, 0x31, 0x19, 0x11, 0x11, 
0x11, 0x11, 0x19, 0x19, 0x11, 0x19, 0x11, 0x11, 0x19, 0x31, 0x39, 0x31, 
0x39, 0x39, 0x39, 0x39, 0x41, 0x41, 0x39, 0x41, 0x41, 0x41, 0x41, 0x49, 
0x49, 0x49, 0x49, 0x41, 0x49, 0x49, 0x51, 0x49, 0x51, 0x51, 0x51, 0x51, 
0x51, 0x51, 0x51, 0x51, 0x51, 0x51, 0x59, 0x51, 0x41, 0x49, 0x51, 0x51, 
0x59, 0x51, 0x51, 0x59, 0x59, 0x59, 0x51, 0x59, 0x59, 0x59, 0x59, 0x61, 
0x51, 0x59, 0x59, 0x61, 0x59, 0x61, 0x61, 0x61, 0x59, 0x61, 0x69, 0x59, 
0x61, 0x61, 0x61, 0x61, 0x69, 0x69, 0x69, 0x69, 0x69, 0x69, 0x61, 0x61, 
0x69, 0x61, 0x69, 0x69, 0x69, 0x69, 0x71, 0x69, 0x69, 0x69, 0x71, 0x71, 
0x69, 0x69, 0x69, 0x69, 0x69, 0x69, 0x71, 0x61, 0x69, 0x71, 0x71, 0x71, 
0x71, 0x69, 0x71, 0x71, 0x71, 0x71, 0x69, 0x69, 0x71, 0x71, 0x71, 0x71, 
0x71, 0x79, 0x79, 0x71, 0x79, 0x79, 0x79, 0x71, 0x79, 0x71, 0x69, 0x51, 
0x39, 0x31, 0x31, 0x31, 0x31, 0x31, 0x31, 0x31, 0x29, 0x29, 0x29, 0x29, 
0x29, 0x29, 0x29, 0x29, 0x29, 0x29, 0x29, 0x31, 0x29, 0x29, 0x29, 0x29, 
0x29, 0x19, 0x11, 0x11, 0x11, 0x19, 0x19, 0x19, 0x19, 0x19, 0x19, 0x11, 
0x19, 0x29, 0x31, 0x31, 0x39, 0x41, 0x39, 0x49, 0x41, 0x49, 0x41, 0x41, 
0x49, 0x41, 0x41, 0x49, 0x49, 0x49, 0x49, 0x49, 0x49, 0x49, 0x51, 0x51, 
0x59, 0x51, 0x51, 0x59, 0x59, 0x51, 0x51, 0x51, 0x51, 0x59, 0x59, 0x51, 
0x41, 0x51, 0x51, 0x59, 0x51, 0x59, 0x59, 0x59, 0x59, 0x59, 0x59, 0x59, 
0x59, 0x59, 0x59, 0x59, 0x59, 0x59, 0x61, 0x59, 0x61, 0x61, 0x61, 0x59, 
0x61, 0x61, 0x69, 0x59, 0x61, 0x59, 0x69, 0x59, 0x69, 0x61, 0x69, 0x61, 
0x61, 0x69, 0x69, 0x61, 0x69, 0x61, 0x61, 0x69, 0x69, 0x69, 0x69, 0x69, 
0x71, 0x69, 0x69, 0x69, 0x69, 0x69, 0x69, 0x69, 0x71, 0x71, 0x71, 0x69, 
0x69, 0x71, 0x69, 0x71, 0x71, 0x69, 0x79, 0x71, 0x69, 0x71, 0x69, 0x71, 
0x69, 0x69, 0x69, 0x71, 0x71, 0x79, 0x71, 0x71, 0x71, 0x79, 0x79, 0x79, 
0x79, 0x71, 0x69, 0x59, 0x39, 0x31, 0x31, 0x29, 0x31, 0x29, 0x29, 0x31, 
0x29, 0x29, 0x29, 0x21, 0x31, 0x29, 0x29, 0x29, 0x29, 0x29, 0x29, 0x29, 
0x29, 0x29, 0x29, 0x21, 0x29, 0x19, 0x09, 0x09, 0x11, 0x11, 0x19, 0x19, 
0x19, 0x19, 0x19, 0x19, 0x19, 0x29, 0x31, 0x31, 0x39, 0x39, 0x39, 0x39, 
0x41, 0x41, 0x39, 0x41, 0x41, 0x41, 0x49, 0x49, 0x49, 0x41, 0x49, 0x51, 
0x49, 0x49, 0x51, 0x49, 0x49, 0x49, 0x51, 0x51, 0x51, 0x51, 0x59, 0x59, 
0x51, 0x51, 0x59, 0x51, 0x49, 0x49, 0x59, 0x51, 0x51, 0x51, 0x49, 0x59, 
0x51, 0x51, 0x59, 0x59, 0x59, 0x59, 0x61, 0x59, 0x51, 0x61, 0x61, 0x59, 
0x69, 0x59, 0x59, 0x61, 0x59, 0x59, 0x61, 0x61, 0x59, 0x61, 0x61, 0x59, 
0x69, 0x69, 0x61, 0x61, 0x61, 0x69, 0x59, 0x61, 0x69, 0x69, 0x61, 0x61, 
0x69, 0x69, 0x69, 0x69, 0x69, 0x69, 0x69, 0x71, 0x69, 0x69, 0x61, 0x69, 
0x71, 0x71, 0x71, 0x69, 0x71, 0x71, 0x71, 0x69, 0x71, 0x71, 0x71, 0x71, 
0x71, 0x71, 0x71, 0x71, 0x71, 0x71, 0x71, 0x79, 0x79, 0x79, 0x79, 0x79, 
0x81, 0x79, 0x79, 0x79, 0x71, 0x71, 0x61, 0x59, 0x39, 0x39, 0x31, 0x31, 
0x39, 0x31, 0x29, 0x29, 0x29, 0x29, 0x29, 0x29, 0x31, 0x29, 0x29, 0x29, 
0x31, 0x31, 0x31, 0x29, 0x29, 0x29, 0x29, 0x31, 0x29, 0x19, 0x19, 0x11, 
0x11, 0x11, 0x19, 0x19, 0x19, 0x19, 0x19, 0x19, 0x19, 0x19, 0x29, 0x39, 
0x39, 0x39, 0x39, 0x41, 0x41, 0x39, 0x41, 0x39, 0x49, 0x41, 0x41, 0x49, 
0x49, 0x49, 0x51, 0x49, 0x49, 0x49, 0x49, 0x49, 0x49, 0x49, 0x51, 0x51, 
0x51, 0x59, 0x51, 0x49, 0x51, 0x51, 0x59, 0x51, 0x41, 0x51, 0x51, 0x59, 
0x51, 0x51, 0x51, 0x59, 0x59, 0x59, 0x61, 0x51, 0x59, 0x59, 0x59, 0x51, 
0x59, 0x51, 0x59, 0x59, 0x59, 0x59, 0x69, 0x61, 0x59, 0x61, 0x61, 0x61, 
0x61, 0x69, 0x61, 0x61, 0x61, 0x59, 0x61, 0x61, 0x69, 0x61, 0x69, 0x69, 
0x61, 0x69, 0x61, 0x61, 0x71, 0x61, 0x69, 0x61, 0x69, 0x69, 0x69, 0x69, 
0x69, 0x69, 0x71, 0x71, 0x71, 0x71, 0x71, 0x71, 0x69, 0x69, 0x79, 0x71, 
0x71, 0x71, 0x71, 0x71, 0x71, 0x79, 0x71, 0x69, 0x71, 0x69, 0x69, 0x79, 
0x71, 0x79, 0x71, 0x71, 0x79, 0x79, 0x79, 0x79, 0x79, 0x71, 0x61, 0x59, 
0x39, 0x39, 0x39, 0x31, 0x31, 0x31, 0x31, 0x31, 0x31, 0x29, 0x29, 0x29, 
0x29, 0x29, 0x29, 0x29, 0x21, 0x29, 0x29, 0x29, 0x29, 0x29, 0x31, 0x29, 
0x29, 0x19, 0x19, 0x11, 0x11, 0x11, 0x11, 0x11, 0x11, 0x19, 0x19, 0x19, 
0x19, 0x19, 0x29, 0x31, 0x31, 0x39, 0x39, 0x41, 0x39, 0x41, 0x41, 0x41, 
0x41, 0x41, 0x41, 0x41, 0x49, 0x49, 0x49, 0x41, 0x49, 0x51, 0x51, 0x49, 
0x51, 0x51, 0x51, 0x51, 0x59, 0x51, 0x51, 0x51, 0x51, 0x59, 0x49, 0x51, 
0x49, 0x51, 0x59, 0x59, 0x51, 0x51, 0x51, 0x59, 0x51, 0x51, 0x61, 0x59, 
0x59, 0x59, 0x51, 0x59, 0x51, 0x59, 0x59, 0x51, 0x51, 0x61, 0x61, 0x59, 
0x61, 0x61, 0x59, 0x61, 0x61, 0x59, 0x69, 0x61, 0x59, 0x69, 0x61, 0x61, 
0x69, 0x61, 0x61, 0x69, 0x61, 0x69, 0x69, 0x69, 0x61, 0x61, 0x71, 0x71, 
0x61, 0x69, 0x69, 0x71, 0x69, 0x61, 0x69, 0x69, 0x71, 0x69, 0x71, 0x69, 
0x69, 0x71, 0x71, 0x69, 0x69, 0x69, 0x69, 0x71, 0x69, 0x79, 0x71, 0x71, 
0x69, 0x71, 0x71, 0x71, 0x79, 0x71, 0x79, 0x79, 0x79, 0x79, 0x81, 0x79, 
0x71, 0x71, 0x69, 0x59, 0x41, 0x39, 0x31, 0x31, 0x29, 0x31, 0x29, 0x29, 
0x29, 0x29, 0x31, 0x31, 0x29, 0x31, 0x29, 0x29, 0x29, 0x31, 0x29, 0x29, 
0x29, 0x31, 0x29, 0x29, 0x29, 0x19, 0x11, 0x11, 0x11, 0x11, 0x11, 0x19, 
0x19, 0x19, 0x11, 0x19, 0x19, 0x19, 0x19, 0x29, 0x31, 0x39, 0x39, 0x39, 
0x39, 0x39, 0x41, 0x41, 0x41, 0x39, 0x49, 0x41, 0x41, 0x49, 0x49, 0x41, 
0x41, 0x49, 0x51, 0x51, 0x49, 0x51, 0x51, 0x59, 0x51, 0x51, 0x51, 0x51, 
0x51, 0x51, 0x51, 0x49, 0x41, 0x51, 0x51, 0x51, 0x51, 0x59, 0x59, 0x51, 
0x51, 0x51, 0x59, 0x51, 0x59, 0x59, 0x59, 0x61, 0x51, 0x51, 0x59, 0x61, 
0x59, 0x59, 0x59, 0x59, 0x59, 0x61, 0x59, 0x61, 0x61, 0x59, 0x61, 0x61, 
0x69, 0x69, 0x61, 0x61, 0x61, 0x61, 0x61, 0x61, 0x69, 0x69, 0x61, 0x61, 
0x69, 0x69, 0x69, 0x69, 0x61, 0x69, 0x71, 0x69, 0x69, 0x71, 0x69, 0x69, 
0x71, 0x61, 0x69, 0x69, 0x69, 0x69, 0x69, 0x61, 0x69, 0x71, 0x69, 0x71, 
0x69, 0x71, 0x69, 0x71, 0x71, 0x71, 0x71, 0x71, 0x71, 0x79, 0x79, 0x79, 
0x81, 0x71, 0x79, 0x79, 0x79, 0x71, 0x71, 0x61, 0x39, 0x31, 0x31, 0x31, 
0x39, 0x31, 0x29, 0x21, 0x29, 0x29, 0x29, 0x29, 0x29, 0x31, 0x29, 0x31, 
0x29, 0x29, 0x29, 0x29, 0x31, 0x29, 0x31, 0x29, 0x29, 0x19, 0x11, 0x19, 
0x11, 0x11, 0x11, 0x19, 0x19, 0x11, 0x19, 0x19, 0x19, 0x19, 0x19, 0x21, 
0x29, 0x29, 0x31, 0x39, 0x39, 0x39, 0x39, 0x41, 0x41, 0x39, 0x41, 0x41, 
0x41, 0x41, 0x49, 0x49, 0x49, 0x49, 0x51, 0x49, 0x49, 0x49, 0x49, 0x51, 
0x51, 0x51, 0x51, 0x51, 0x51, 0x59, 0x49, 0x49, 0x49, 0x51, 0x51, 0x59, 
0x59, 0x51, 0x59, 0x59, 0x59, 0x59, 0x59, 0x61, 0x59, 0x59, 0x59, 0x59, 
0x59, 0x59, 0x59, 0x59, 0x61, 0x59, 0x61, 0x61, 0x59, 0x61, 0x59, 0x59, 
0x59, 0x69, 0x59, 0x61, 0x69, 0x61, 0x61, 0x61, 0x61, 0x61, 0x69, 0x69, 
0x59, 0x69, 0x61, 0x69, 0x69, 0x69, 0x61, 0x69, 0x69, 0x69, 0x69, 0x69, 
0x69, 0x69, 0x69, 0x69, 0x69, 0x69, 0x69, 0x61, 0x69, 0x61, 0x69, 0x71, 
0x69, 0x69, 0x71, 0x71, 0x69, 0x71, 0x69, 0x69, 0x71, 0x71, 0x79, 0x71, 
0x71, 0x71, 0x79, 0x79, 0x71, 0x79, 0x81, 0x79, 0x79, 0x79, 0x69, 0x61, 
0x41, 0x39, 0x39, 0x31, 0x31, 0x31, 0x29, 0x29, 0x29, 0x31, 0x29, 0x29, 
0x29, 0x29, 0x21, 0x29, 0x29, 0x29, 0x29, 0x31, 0x31, 0x29, 0x29, 0x29, 
0x29, 0x19, 0x11, 0x11, 0x19, 0x11, 0x11, 0x11, 0x19, 0x11, 0x19, 0x19, 
0x19, 0x21, 0x11, 0x19, 0x21, 0x21, 0x29, 0x31, 0x39, 0x41, 0x39, 0x41, 
0x39, 0x49, 0x41, 0x41, 0x51, 0x49, 0x41, 0x41, 0x49, 0x49, 0x49, 0x51, 
0x49, 0x49, 0x51, 0x51, 0x51, 0x51, 0x51, 0x51, 0x51, 0x59, 0x51, 0x51, 
0x49, 0x51, 0x59, 0x51, 0x51, 0x59, 0x59, 0x61, 0x59, 0x59, 0x59, 0x59, 
0x59, 0x59, 0x59, 0x59, 0x59, 0x61, 0x59, 0x59, 0x59, 0x59, 0x59, 0x59, 
0x59, 0x61, 0x61, 0x61, 0x59, 0x61, 0x61, 0x59, 0x61, 0x59, 0x61, 0x69, 
0x69, 0x61, 0x69, 0x69, 0x61, 0x69, 0x61, 0x69, 0x69, 0x71, 0x69, 0x69, 
0x69, 0x61, 0x69, 0x61, 0x69, 0x61, 0x69, 0x61, 0x69, 0x61, 0x69, 0x69, 
0x69, 0x61, 0x61, 0x61, 0x69, 0x69, 0x69, 0x69, 0x69, 0x69, 0x71, 0x71, 
0x71, 0x71, 0x69, 0x69, 0x71, 0x71, 0x79, 0x79, 0x79, 0x79, 0x79, 0x79, 
0x79, 0x71, 0x69, 0x59, 0x39, 0x31, 0x39, 0x29, 0x29, 0x29, 0x29, 0x31, 
0x29, 0x31, 0x29, 0x29, 0x29, 0x29, 0x29, 0x31, 0x29, 0x29, 0x29, 0x31, 
0x29, 0x29, 0x29, 0x29, 0x29, 0x19, 0x19, 0x11, 0x11, 0x11, 0x11, 0x19, 
0x19, 0x19, 0x19, 0x11, 0x19, 0x19, 0x11, 0x11, 0x19, 0x19, 0x21, 0x29, 
0x39, 0x39, 0x39, 0x39, 0x39, 0x49, 0x41, 0x41, 0x49, 0x41, 0x49, 0x41, 
0x49, 0x41, 0x51, 0x49, 0x49, 0x51, 0x49, 0x51, 0x59, 0x51, 0x51, 0x59, 
0x51, 0x59, 0x51, 0x49, 0x41, 0x51, 0x59, 0x51, 0x59, 0x59, 0x59, 0x51, 
0x59, 0x59, 0x59, 0x59, 0x59, 0x59, 0x59, 0x59, 0x59, 0x59, 0x51, 0x59, 
0x59, 0x61, 0x59, 0x59, 0x61, 0x59, 0x61, 0x61, 0x59, 0x61, 0x59, 0x61, 
0x61, 0x61, 0x61, 0x61, 0x69, 0x61, 0x61, 0x61, 0x61, 0x61, 0x69, 0x61, 
0x69, 0x59, 0x69, 0x69, 0x69, 0x69, 0x69, 0x61, 0x61, 0x69, 0x61, 0x61, 
0x69, 0x61, 0x69, 0x61, 0x61, 0x61, 0x61, 0x61, 0x61, 0x61, 0x61, 0x59, 
0x69, 0x69, 0x69, 0x69, 0x69, 0x71, 0x69, 0x71, 0x71, 0x71, 0x79, 0x71, 
0x71, 0x71, 0x71, 0x79, 0x71, 0x79, 0x69, 0x59, 0x39, 0x31, 0x31, 0x29, 
0x29, 0x29, 0x29, 0x29, 0x29, 0x29, 0x31, 0x31, 0x29, 0x29, 0x21, 0x29, 
0x29, 0x31, 0x29, 0x29, 0x29, 0x29, 0x29, 0x21, 0x29, 0x21, 0x11, 0x11, 
0x11, 0x19, 0x11, 0x11, 0x19, 0x19, 0x19, 0x19, 0x19, 0x11, 0x11, 0x11, 
0x11, 0x19, 0x19, 0x21, 0x21, 0x31, 0x41, 0x39, 0x41, 0x41, 0x41, 0x41, 
0x41, 0x49, 0x49, 0x49, 0x49, 0x49, 0x49, 0x51, 0x51, 0x49, 0x49, 0x49, 
0x51, 0x51, 0x51, 0x49, 0x51, 0x51, 0x51, 0x51, 0x49, 0x49, 0x51, 0x51, 
0x51, 0x59, 0x51, 0x51, 0x51, 0x59, 0x51, 0x59, 0x59, 0x59, 0x51, 0x59, 
0x51, 0x51, 0x59, 0x61, 0x51, 0x59, 0x61, 0x61, 0x59, 0x59, 0x61, 0x59, 
0x61, 0x61, 0x59, 0x61, 0x69, 0x69, 0x59, 0x61, 0x59, 0x61, 0x59, 0x61, 
0x59, 0x61, 0x61, 0x61, 0x61, 0x69, 0x69, 0x59, 0x61, 0x59, 0x61, 0x61, 
0x69, 0x61, 0x61, 0x61, 0x59, 0x59, 0x51, 0x51, 0x59, 0x51, 0x51, 0x59, 
0x59, 0x61, 0x61, 0x59, 0x59, 0x61, 0x61, 0x61, 0x69, 0x61, 0x69, 0x69, 
0x71, 0x71, 0x71, 0x71, 0x71, 0x79, 0x71, 0x71, 0x79, 0x71, 0x61, 0x61, 
0x39, 0x31, 0x31, 0x31, 0x29, 0x21, 0x21, 0x21, 0x29, 0x29, 0x31, 0x29, 
0x29, 0x29, 0x29, 0x29, 0x29, 0x29, 0x21, 0x29, 0x21, 0x21, 0x29, 0x29, 
0x29, 0x19, 0x11, 0x11, 0x11, 0x11, 0x19, 0x11, 0x11, 0x19, 0x19, 0x19, 
0x11, 0x19, 0x11, 0x19, 0x19, 0x19, 0x19, 0x21, 0x21, 0x21, 0x31, 0x39, 
0x41, 0x41, 0x49, 0x49, 0x49, 0x41, 0x49, 0x49, 0x49, 0x49, 0x49, 0x51, 
0x49, 0x51, 0x49, 0x49, 0x51, 0x49, 0x49, 0x51, 0x59, 0x51, 0x51, 0x49, 
0x51, 0x49, 0x51, 0x51, 0x51, 0x51, 0x51, 0x51, 0x59, 0x59, 0x51, 0x51, 
0x59, 0x51, 0x59, 0x59, 0x59, 0x59, 0x59, 0x51, 0x51, 0x51, 0x51, 0x59, 
0x59, 0x59, 0x59, 0x59, 0x61, 0x59, 0x59, 0x61, 0x61, 0x61, 0x59, 0x59, 
0x61, 0x61, 0x59, 0x61, 0x59, 0x59, 0x61, 0x61, 0x69, 0x61, 0x61, 0x59, 
0x61, 0x51, 0x51, 0x51, 0x51, 0x51, 0x49, 0x49, 0x41, 0x31, 0x29, 0x21, 
0x21, 0x29, 0x21, 0x21, 0x31, 0x39, 0x31, 0x31, 0x41, 0x49, 0x49, 0x51, 
0x59, 0x51, 0x59, 0x59, 0x51, 0x69, 0x61, 0x69, 0x61, 0x69, 0x79, 0x71, 
0x71, 0x61, 0x61, 0x59, 0x31, 0x29, 0x29, 0x29, 0x29, 0x29, 0x29, 0x29, 
0x29, 0x21, 0x21, 0x29, 0x29, 0x21, 0x21, 0x29, 0x29, 0x21, 0x21, 0x21, 
0x21, 0x21, 0x21, 0x29, 0x21, 0x19, 0x19, 0x11, 0x19, 0x19, 0x19, 0x19, 
0x11, 0x11, 0x19, 0x19, 0x11, 0x19, 0x19, 0x11, 0x11, 0x11, 0x19, 0x21, 
0x21, 0x21, 0x21, 0x29, 0x31, 0x39, 0x39, 0x41, 0x41, 0x49, 0x49, 0x49, 
0x49, 0x49, 0x49, 0x49, 0x49, 0x51, 0x49, 0x51, 0x49, 0x51, 0x51, 0x51, 
0x49, 0x51, 0x51, 0x51, 0x49, 0x51, 0x51, 0x51, 0x51, 0x59, 0x51, 0x51, 
0x59, 0x51, 0x51, 0x51, 0x51, 0x51, 0x59, 0x51, 0x51, 0x59, 0x59, 0x51, 
0x51, 0x59, 0x51, 0x59, 0x59, 0x59, 0x59, 0x51, 0x59, 0x59, 0x51, 0x51, 
0x61, 0x59, 0x59, 0x59, 0x61, 0x61, 0x59, 0x59, 0x59, 0x59, 0x61, 0x59, 
0x59, 0x61, 0x59, 0x59, 0x51, 0x31, 0x29, 0x29, 0x21, 0x29, 0x21, 0x21, 
0x21, 0x19, 0x21, 0x21, 0x19, 0x19, 0x21, 0x19, 0x21, 0x21, 0x21, 0x19, 
0x29, 0x21, 0x21, 0x19, 0x29, 0x29, 0x29, 0x31, 0x31, 0x31, 0x39, 0x31, 
0x31, 0x51, 0x59, 0x59, 0x59, 0x59, 0x49, 0x49, 0x29, 0x29, 0x21, 0x21, 
0x21, 0x21, 0x21, 0x19, 0x21, 0x21, 0x19, 0x19, 0x19, 0x21, 0x19, 0x19, 
0x19, 0x19, 0x19, 0x19, 0x19, 0x11, 0x19, 0x11, 0x11, 0x19, 0x11, 0x19, 
0x11, 0x11, 0x19, 0x11, 0x19, 0x11, 0x11, 0x11, 0x11, 0x19, 0x19, 0x11, 
0x11, 0x19, 0x11, 0x19, 0x19, 0x21, 0x19, 0x29, 0x29, 0x39, 0x41, 0x39, 
0x41, 0x41, 0x49, 0x49, 0x49, 0x49, 0x49, 0x49, 0x51, 0x51, 0x51, 0x51, 
0x51, 0x59, 0x51, 0x51, 0x49, 0x51, 0x51, 0x49, 0x49, 0x51, 0x59, 0x51, 
0x59, 0x51, 0x51, 0x59, 0x59, 0x59, 0x59, 0x51, 0x51, 0x59, 0x51, 0x59, 
0x51, 0x51, 0x51, 0x51, 0x51, 0x59, 0x59, 0x51, 0x51, 0x51, 0x51, 0x51, 
0x51, 0x51, 0x51, 0x49, 0x59, 0x59, 0x51, 0x51, 0x51, 0x51, 0x61, 0x51, 
0x59, 0x51, 0x51, 0x49, 0x51, 0x49, 0x51, 0x51, 0x39, 0x29, 0x21, 0x19, 
0x21, 0x21, 0x21, 0x19, 0x19, 0x19, 0x11, 0x19, 0x19, 0x19, 0x19, 0x19, 
0x19, 0x19, 0x19, 0x19, 0x19, 0x19, 0x19, 0x21, 0x19, 0x19, 0x21, 0x21, 
0x19, 0x19, 0x21, 0x19, 0x21, 0x29, 0x21, 0x29, 0x21, 0x19, 0x21, 0x19, 
0x19, 0x11, 0x19, 0x11, 0x19, 0x11, 0x19, 0x11, 0x11, 0x11, 0x11, 0x11, 
0x11, 0x09, 0x11, 0x11, 0x11, 0x11, 0x11, 0x11, 0x19, 0x11, 0x11, 0x11, 
0x09, 0x21, 0x19, 0x11, 0x19, 0x19, 0x19, 0x19, 0x19, 0x11, 0x11, 0x11, 
0x19, 0x11, 0x11, 0x11, 0x11, 0x11, 0x19, 0x19, 0x19, 0x19, 0x21, 0x21, 
0x19, 0x29, 0x39, 0x41, 0x41, 0x41, 0x49, 0x49, 0x41, 0x41, 0x51, 0x51, 
0x51, 0x49, 0x51, 0x51, 0x51, 0x51, 0x49, 0x51, 0x51, 0x51, 0x51, 0x49, 
0x41, 0x49, 0x51, 0x51, 0x51, 0x51, 0x59, 0x59, 0x51, 0x59, 0x61, 0x61, 
0x59, 0x51, 0x49, 0x49, 0x41, 0x39, 0x39, 0x39, 0x41, 0x39, 0x39, 0x39, 
0x39, 0x39, 0x31, 0x31, 0x39, 0x39, 0x31, 0x31, 0x31, 0x31, 0x31, 0x29, 
0x31, 0x31, 0x29, 0x29, 0x29, 0x29, 0x29, 0x29, 0x21, 0x19, 0x21, 0x21, 
0x19, 0x19, 0x19, 0x19, 0x19, 0x11, 0x19, 0x19, 0x19, 0x19, 0x11, 0x11, 
0x11, 0x11, 0x11, 0x11, 0x19, 0x11, 0x11, 0x19, 0x19, 0x11, 0x19, 0x19, 
0x19, 0x11, 0x19, 0x11, 0x19, 0x19, 0x19, 0x19, 0x19, 0x11, 0x11, 0x19, 
0x19, 0x19, 0x19, 0x11, 0x19, 0x11, 0x19, 0x11, 0x11, 0x11, 0x11, 0x11, 
0x11, 0x11, 0x11, 0x11, 0x11, 0x09, 0x11, 0x11, 0x11, 0x11, 0x11, 0x09, 
0x11, 0x11, 0x11, 0x11, 0x11, 0x11, 0x19, 0x11, 0x11, 0x19, 0x11, 0x19, 
0x11, 0x11, 0x19, 0x11, 0x11, 0x19, 0x11, 0x19, 0x19, 0x11, 0x11, 0x11, 
0x19, 0x19, 0x19, 0x19, 0x19, 0x19, 0x29, 0x39, 0x41, 0x41, 0x41, 0x41, 
0x49, 0x49, 0x49, 0x49, 0x41, 0x49, 0x51, 0x51, 0x51, 0x49, 0x51, 0x49, 
0x51, 0x51, 0x51, 0x51, 0x41, 0x49, 0x51, 0x51, 0x51, 0x51, 0x59, 0x59, 
0x59, 0x61, 0x51, 0x59, 0x59, 0x51, 0x51, 0x39, 0x29, 0x21, 0x21, 0x21, 
0x21, 0x21, 0x21, 0x19, 0x21, 0x21, 0x21, 0x19, 0x21, 0x21, 0x21, 0x21, 
0x21, 0x21, 0x21, 0x21, 0x21, 0x21, 0x21, 0x21, 0x21, 0x19, 0x21, 0x19, 
0x19, 0x21, 0x19, 0x19, 0x19, 0x11, 0x11, 0x19, 0x11, 0x11, 0x11, 0x11, 
0x19, 0x19, 0x11, 0x11, 0x11, 0x19, 0x11, 0x19, 0x11, 0x11, 0x11, 0x19, 
0x11, 0x11, 0x11, 0x11, 0x11, 0x11, 0x11, 0x11, 0x19, 0x11, 0x11, 0x11, 
0x11, 0x11, 0x11, 0x19, 0x11, 0x19, 0x19, 0x11, 0x11, 0x11, 0x11, 0x11, 
0x11, 0x09, 0x11, 0x11, 0x11, 0x11, 0x11, 0x11, 0x11, 0x11, 0x11, 0x11, 
0x11, 0x11, 0x09, 0x09, 0x11, 0x11, 0x09, 0x11, 0x09, 0x19, 0x11, 0x11, 
0x11, 0x11, 0x11, 0x11, 0x11, 0x11, 0x11, 0x11, 0x19, 0x11, 0x11, 0x19, 
0x11, 0x11, 0x11, 0x11, 0x11, 0x11, 0x19, 0x19, 0x19, 0x19, 0x19, 0x29, 
0x31, 0x41, 0x41, 0x49, 0x49, 0x49, 0x49, 0x41, 0x49, 0x51, 0x49, 0x49, 
0x59, 0x51, 0x59, 0x51, 0x51, 0x51, 0x51, 0x51, 0x49, 0x51, 0x59, 0x51, 
0x59, 0x51, 0x51, 0x51, 0x51, 0x59, 0x59, 0x51, 0x59, 0x51, 0x49, 0x39, 
0x21, 0x21, 0x19, 0x19, 0x19, 0x19, 0x19, 0x19, 0x21, 0x19, 0x19, 0x19, 
0x21, 0x19, 0x19, 0x19, 0x19, 0x21, 0x19, 0x19, 0x21, 0x19, 0x19, 0x19, 
0x19, 0x19, 0x19, 0x21, 0x19, 0x11, 0x19, 0x19, 0x19, 0x19, 0x19, 0x19, 
0x11, 0x19, 0x19, 0x11, 0x11, 0x11, 0x11, 0x11, 0x11, 0x11, 0x19, 0x11, 
0x11, 0x11, 0x11, 0x11, 0x11, 0x11, 0x11, 0x11, 0x11, 0x11, 0x11, 0x11, 
0x11, 0x11, 0x11, 0x11, 0x11, 0x11, 0x11, 0x19, 0x11, 0x19, 0x19, 0x11, 
0x11, 0x11, 0x09, 0x11, 0x09, 0x19, 0x11, 0x11, 0x11, 0x11, 0x09, 0x11, 
0x01, 0x11, 0x09, 0x09, 0x09, 0x11, 0x09, 0x09, 0x11, 0x09, 0x09, 0x09, 
0x11, 0x11, 0x11, 0x11, 0x11, 0x11, 0x11, 0x19, 0x11, 0x19, 0x19, 0x11, 
0x19, 0x21, 0x19, 0x19, 0x19, 0x19, 0x11, 0x11, 0x11, 0x11, 0x19, 0x19, 
0x11, 0x19, 0x21, 0x21, 0x29, 0x39, 0x41, 0x49, 0x49, 0x41, 0x49, 0x49, 
0x49, 0x49, 0x49, 0x51, 0x51, 0x59, 0x51, 0x49, 0x49, 0x51, 0x51, 0x51, 
0x49, 0x49, 0x59, 0x51, 0x51, 0x51, 0x51, 0x59, 0x51, 0x59, 0x51, 0x59, 
0x49, 0x51, 0x49, 0x39, 0x21, 0x19, 0x11, 0x11, 0x19, 0x11, 0x19, 0x11, 
0x19, 0x19, 0x19, 0x11, 0x19, 0x19, 0x19, 0x19, 0x19, 0x11, 0x19, 0x19, 
0x19, 0x19, 0x19, 0x19, 0x19, 0x19, 0x19, 0x19, 0x11, 0x11, 0x11, 0x19, 
0x19, 0x11, 0x11, 0x11, 0x11, 0x11, 0x11, 0x09, 0x11, 0x09, 0x11, 0x11, 
0x11, 0x11, 0x11, 0x19, 0x11, 0x09, 0x11, 0x11, 0x11, 0x11, 0x11, 0x09, 
0x11, 0x19, 0x11, 0x11, 0x11, 0x11, 0x11, 0x11, 0x11, 0x11, 0x11, 0x11, 
0x11, 0x09, 0x09, 0x11, 0x11, 0x11, 0x11, 0x11, 0x11, 0x11, 0x09, 0x11, 
0x09, 0x09, 0x11, 0x11, 0x11, 0x11, 0x11, 0x11, 0x19, 0x09, 0x01, 0x09, 
0x11, 0x09, 0x11, 0x09, 0x09, 0x11, 0x11, 0x11, 0x11, 0x11, 0x11, 0x19, 
0x19, 0x19, 0x11, 0x11, 0x11, 0x19, 0x11, 0x11, 0x19, 0x11, 0x11, 0x11, 
0x11, 0x09, 0x11, 0x09, 0x19, 0x19, 0x19, 0x19, 0x21, 0x31, 0x41, 0x49, 
0x41, 0x49, 0x49, 0x49, 0x49, 0x51, 0x51, 0x51, 0x51, 0x51, 0x51, 0x51, 
0x51, 0x51, 0x51, 0x49, 0x49, 0x51, 0x51, 0x59, 0x59, 0x59, 0x51, 0x59, 
0x51, 0x49, 0x51, 0x51, 0x49, 0x51, 0x49, 0x31, 0x21, 0x19, 0x11, 0x11, 
0x11, 0x11, 0x11, 0x11, 0x19, 0x11, 0x11, 0x19, 0x19, 0x19, 0x11, 0x19, 
0x19, 0x11, 0x11, 0x19, 0x19, 0x19, 0x19, 0x11, 0x19, 0x19, 0x11, 0x11, 
0x19, 0x19, 0x19, 0x11, 0x11, 0x11, 0x11, 0x19, 0x11, 0x11, 0x11, 0x11, 
0x19, 0x09, 0x11, 0x11, 0x11, 0x11, 0x11, 0x11, 0x11, 0x11, 0x09, 0x11, 
0x11, 0x11, 0x19, 0x11, 0x09, 0x11, 0x11, 0x11, 0x11, 0x11, 0x11, 0x11, 
0x11, 0x11, 0x11, 0x11, 0x11, 0x11, 0x11, 0x11, 0x11, 0x11, 0x11, 0x11, 
0x11, 0x11, 0x09, 0x11, 0x11, 0x09, 0x09, 0x11, 0x11, 0x09, 0x11, 0x09, 
0x11, 0x11, 0x09, 0x11, 0x11, 0x09, 0x11, 0x09, 0x09, 0x19, 0x09, 0x11, 
0x19, 0x11, 0x11, 0x11, 0x11, 0x11, 0x19, 0x19, 0x19, 0x19, 0x19, 0x11, 
0x11, 0x19, 0x11, 0x19, 0x11, 0x11, 0x11, 0x11, 0x11, 0x11, 0x19, 0x21, 
0x19, 0x29, 0x41, 0x41, 0x41, 0x49, 0x49, 0x51, 0x49, 0x49, 0x51, 0x49, 
0x51, 0x49, 0x51, 0x51, 0x59, 0x51, 0x51, 0x49, 0x49, 0x59, 0x51, 0x49, 
0x51, 0x59, 0x51, 0x51, 0x51, 0x51, 0x59, 0x59, 0x59, 0x51, 0x41, 0x29, 
0x29, 0x11, 0x11, 0x11, 0x11, 0x11, 0x11, 0x19, 0x19, 0x11, 0x19, 0x19, 
0x19, 0x19, 0x19, 0x19, 0x19, 0x19, 0x19, 0x19, 0x19, 0x11, 0x19, 0x19, 
0x11, 0x11, 0x19, 0x19, 0x19, 0x11, 0x11, 0x19, 0x11, 0x19, 0x11, 0x11, 
0x19, 0x11, 0x11, 0x19, 0x11, 0x09, 0x11, 0x19, 0x11, 0x11, 0x11, 0x11, 
0x11, 0x11, 0x11, 0x11, 0x11, 0x11, 0x09, 0x11, 0x11, 0x09, 0x11, 0x11, 
0x11, 0x19, 0x11, 0x11, 0x11, 0x11, 0x11, 0x11, 0x11, 0x11, 0x11, 0x11, 
0x11, 0x09, 0x09, 0x11, 0x11, 0x09, 0x09, 0x11, 0x09, 0x09, 0x09, 0x09, 
0x11, 0x11, 0x11, 0x11, 0x09, 0x11, 0x01, 0x09, 0x11, 0x11, 0x09, 0x01, 
0x09, 0x11, 0x09, 0x11, 0x09, 0x11, 0x11, 0x11, 0x11, 0x11, 0x11, 0x19, 
0x11, 0x19, 0x19, 0x19, 0x19, 0x19, 0x11, 0x11, 0x19, 0x19, 0x11, 0x11, 
0x11, 0x11, 0x19, 0x19, 0x19, 0x21, 0x39, 0x41, 0x41, 0x41, 0x49, 0x49, 
0x41, 0x49, 0x49, 0x51, 0x49, 0x49, 0x51, 0x49, 0x51, 0x49, 0x49, 0x49, 
0x41, 0x49, 0x51, 0x59, 0x51, 0x51, 0x51, 0x51, 0x51, 0x51, 0x51, 0x59, 
0x51, 0x49, 0x49, 0x29, 0x19, 0x19, 0x11, 0x19, 0x11, 0x11, 0x11, 0x11, 
0x11, 0x11, 0x11, 0x11, 0x19, 0x19, 0x19, 0x19, 0x11, 0x11, 0x19, 0x19, 
0x11, 0x11, 0x11, 0x19, 0x19, 0x11, 0x11, 0x19, 0x11, 0x11, 0x19, 0x11, 
0x11, 0x19, 0x21, 0x19, 0x11, 0x11, 0x11, 0x11, 0x19, 0x11, 0x11, 0x11, 
0x11, 0x09, 0x19, 0x11, 0x11, 0x11, 0x11, 0x11, 0x11, 0x11, 0x11, 0x11, 
0x11, 0x11, 0x11, 0x11, 0x09, 0x11, 0x11, 0x09, 0x01, 0x11, 0x11, 0x09, 
0x11, 0x11, 0x11, 0x09, 0x11, 0x09, 0x09, 0x09, 0x09, 0x11, 0x01, 0x09, 
0x09, 0x01, 0x09, 0x11, 0x09, 0x09, 0x09, 0x09, 0x09, 0x09, 0x09, 0x01, 
0x09, 0x09, 0x01, 0x09, 0x09, 0x11, 0x11, 0x09, 0x09, 0x11, 0x11, 0x11, 
0x11, 0x11, 0x11, 0x11, 0x11, 0x11, 0x19, 0x11, 0x19, 0x19, 0x11, 0x11, 
0x11, 0x19, 0x11, 0x11, 0x11, 0x11, 0x11, 0x19, 0x19, 0x21, 0x29, 0x39, 
0x41, 0x41, 0x41, 0x41, 0x49, 0x49, 0x49, 0x51, 0x51, 0x51, 0x49, 0x49, 
0x51, 0x49, 0x51, 0x49, 0x41, 0x51, 0x51, 0x49, 0x51, 0x49, 0x51, 0x51, 
0x51, 0x49, 0x51, 0x49, 0x51, 0x49, 0x49, 0x29, 0x19, 0x19, 0x11, 0x11, 
0x11, 0x11, 0x11, 0x11, 0x11, 0x11, 0x19, 0x19, 0x11, 0x11, 0x11, 0x11, 
0x11, 0x11, 0x11, 0x11, 0x11, 0x11, 0x19, 0x19, 0x19, 0x11, 0x19, 0x19, 
0x19, 0x19, 0x19, 0x11, 0x11, 0x11, 0x19, 0x19, 0x11, 0x11, 0x11, 0x11, 
0x11, 0x11, 0x11, 0x11, 0x11, 0x11, 0x19, 0x19, 0x11, 0x11, 0x11, 0x11, 
0x11, 0x11, 0x11, 0x11, 0x11, 0x11, 0x11, 0x11, 0x11, 0x11, 0x11, 0x11, 
0x09, 0x11, 0x11, 0x11, 0x11, 0x11, 0x11, 0x11, 0x09, 0x11, 0x09, 0x11, 
0x09, 0x09, 0x09, 0x09, 0x09, 0x09, 0x01, 0x09, 0x09, 0x09, 0x11, 0x09, 
0x11, 0x09, 0x11, 0x09, 0x09, 0x11, 0x09, 0x09, 0x01, 0x11, 0x09, 0x09, 
0x09, 0x11, 0x11, 0x11, 0x11, 0x11, 0x11, 0x11, 0x11, 0x19, 0x19, 0x19, 
0x19, 0x11, 0x11, 0x19, 0x11, 0x11, 0x11, 0x11, 0x11, 0x11, 0x11, 0x11, 
0x19, 0x21, 0x21, 0x39, 0x41, 0x41, 0x49, 0x41, 0x49, 0x49, 0x49, 0x51, 
0x49, 0x49, 0x49, 0x51, 0x51, 0x49, 0x49, 0x51, 0x41, 0x51, 0x51, 0x51, 
0x51, 0x51, 0x51, 0x51, 0x51, 0x51, 0x51, 0x49, 0x59, 0x51, 0x49, 0x29, 
0x19, 0x19, 0x11, 0x11, 0x09, 0x11, 0x11, 0x09, 0x11, 0x09, 0x11, 0x11, 
0x11, 0x19, 0x11, 0x09, 0x11, 0x09, 0x09, 0x09, 0x19, 0x19, 0x19, 0x19, 
0x19, 0x19, 0x19, 0x19, 0x19, 0x19, 0x11, 0x19, 0x11, 0x19, 0x11, 0x19, 
0x11, 0x11, 0x19, 0x11, 0x11, 0x11, 0x11, 0x11, 0x11, 0x11, 0x11, 0x11, 
0x19, 0x11, 0x11, 0x19, 0x11, 0x11, 0x11, 0x11, 0x11, 0x11, 0x11, 0x11, 
0x11, 0x11, 0x11, 0x11, 0x09, 0x11, 0x09, 0x11, 0x11, 0x11, 0x11, 0x11, 
0x09, 0x09, 0x11, 0x09, 0x11, 0x09, 0x09, 0x09, 0x09, 0x11, 0x09, 0x11, 
0x09, 0x09, 0x11, 0x09, 0x09, 0x11, 0x09, 0x09, 0x09, 0x09, 0x09, 0x09, 
0x09, 0x11, 0x11, 0x11, 0x11, 0x11, 0x11, 0x11, 0x19, 0x11, 0x11, 0x19, 
0x19, 0x19, 0x19, 0x19, 0x19, 0x19, 0x19, 0x19, 0x19, 0x11, 0x11, 0x09, 
0x19, 0x19, 0x19, 0x19, 0x11, 0x11, 0x21, 0x29, 0x39, 0x41, 0x49, 0x41, 
0x49, 0x51, 0x49, 0x49, 0x51, 0x51, 0x51, 0x51, 0x49, 0x51, 0x49, 0x49, 
0x49, 0x49, 0x51, 0x51, 0x51, 0x59, 0x51, 0x51, 0x51, 0x51, 0x61, 0x51, 
0x51, 0x51, 0x49, 0x31, 0x21, 0x19, 0x11, 0x11, 0x11, 0x11, 0x11, 0x11, 
0x11, 0x01, 0x11, 0x11, 0x11, 0x11, 0x11, 0x11, 0x11, 0x11, 0x11, 0x11, 
0x19, 0x19, 0x19, 0x19, 0x19, 0x21, 0x11, 0x11, 0x19, 0x19, 0x19, 0x11, 
0x11, 0x19, 0x11, 0x19, 0x19, 0x19, 0x11, 0x19, 0x11, 0x19, 0x19, 0x19, 
0x11, 0x11, 0x11, 0x11, 0x19, 0x11, 0x19, 0x19, 0x11, 0x19, 0x11, 0x19, 
0x19, 0x11, 0x11, 0x11, 0x19, 0x11, 0x19, 0x11, 0x11, 0x11, 0x19, 0x11, 
0x11, 0x19, 0x19, 0x11, 0x11, 0x09, 0x09, 0x09, 0x11, 0x09, 0x11, 0x09, 
0x09, 0x11, 0x09, 0x11, 0x11, 0x19, 0x11, 0x19, 0x09, 0x11, 0x09, 0x09, 
0x09, 0x09, 0x11, 0x09, 0x09, 0x19, 0x11, 0x11, 0x19, 0x11, 0x11, 0x11, 
0x19, 0x11, 0x11, 0x19, 0x11, 0x19, 0x11, 0x11, 0x11, 0x19, 0x19, 0x19, 
0x11, 0x11, 0x11, 0x11, 0x11, 0x19, 0x19, 0x19, 0x19, 0x19, 0x11, 0x19, 
0x31, 0x41, 0x49, 0x49, 0x49, 0x49, 0x51, 0x51, 0x51, 0x51, 0x51, 0x49, 
0x51, 0x51, 0x51, 0x49, 0x49, 0x51, 0x51, 0x51, 0x51, 0x51, 0x59, 0x59, 
0x59, 0x59, 0x59, 0x59, 0x59, 0x59, 0x51, 0x29, 0x19, 0x19, 0x11, 0x11, 
0x11, 0x09, 0x11, 0x11, 0x09, 0x11, 0x11, 0x09, 0x11, 0x11, 0x09, 0x11, 
0x09, 0x09, 0x09, 0x09, 0x11, 0x19, 0x21, 0x19, 0x19, 0x21, 0x19, 0x21, 
0x11, 0x19, 0x19, 0x11, 0x19, 0x19, 0x19, 0x11, 0x11, 0x19, 0x11, 0x19, 
0x11, 0x11, 0x11, 0x11, 0x19, 0x11, 0x19, 0x19, 0x19, 0x19, 0x19, 0x11, 
0x19, 0x11, 0x11, 0x19, 0x19, 0x19, 0x11, 0x11, 0x11, 0x19, 0x11, 0x11, 
0x11, 0x11, 0x11, 0x11, 0x11, 0x11, 0x11, 0x19, 0x11, 0x09, 0x09, 0x09, 
0x11, 0x09, 0x11, 0x11, 0x01, 0x11, 0x09, 0x11, 0x11, 0x19, 0x19, 0x11, 
0x19, 0x11, 0x09, 0x11, 0x09, 0x11, 0x11, 0x09, 0x09, 0x19, 0x09, 0x09, 
0x11, 0x11, 0x11, 0x11, 0x11, 0x19, 0x19, 0x11, 0x11, 0x11, 0x19, 0x19, 
0x19, 0x19, 0x19, 0x11, 0x11, 0x11, 0x19, 0x19, 0x11, 0x11, 0x11, 0x11, 
0x19, 0x19, 0x19, 0x19, 0x21, 0x39, 0x41, 0x41, 0x49, 0x49, 0x51, 0x51, 
0x51, 0x51, 0x51, 0x49, 0x49, 0x51, 0x51, 0x51, 0x49, 0x51, 0x59, 0x51, 
0x49, 0x51, 0x59, 0x51, 0x51, 0x51, 0x51, 0x59, 0x51, 0x51, 0x49, 0x31, 
0x19, 0x19, 0x11, 0x11, 0x11, 0x19, 0x19, 0x11, 0x09, 0x11, 0x11, 0x11, 
0x11, 0x11, 0x11, 0x11, 0x11, 0x09, 0x11, 0x11, 0x11, 0x19, 0x21, 0x19, 
0x21, 0x19, 0x19, 0x19, 0x19, 0x11, 0x19, 0x11, 0x19, 0x19, 0x19, 0x19, 
0x11, 0x11, 0x19, 0x19, 0x11, 0x19, 0x19, 0x19, 0x11, 0x11, 0x11, 0x11, 
0x11, 0x11, 0x11, 0x11, 0x19, 0x11, 0x19, 0x11, 0x11, 0x19, 0x11, 0x19, 
0x19, 0x11, 0x11, 0x11, 0x11, 0x11, 0x11, 0x11, 0x11, 0x11, 0x11, 0x11, 
0x11, 0x09, 0x09, 0x11, 0x09, 0x09, 0x09, 0x09, 0x09, 0x09, 0x09, 0x11, 
0x19, 0x11, 0x19, 0x21, 0x19, 0x09, 0x11, 0x11, 0x09, 0x11, 0x09, 0x11, 
0x11, 0x11, 0x11, 0x11, 0x11, 0x11, 0x11, 0x11, 0x11, 0x11, 0x11, 0x19, 
0x11, 0x11, 0x11, 0x11, 0x19, 0x11, 0x11, 0x11, 0x19, 0x11, 0x19, 0x19, 
0x11, 0x11, 0x11, 0x19, 0x21, 0x19, 0x21, 0x19, 0x21, 0x29, 0x41, 0x49, 
0x49, 0x49, 0x51, 0x51, 0x51, 0x59, 0x51, 0x51, 0x51, 0x51, 0x51, 0x49, 
0x41, 0x51, 0x51, 0x59, 0x59, 0x51, 0x59, 0x51, 0x51, 0x51, 0x59, 0x59, 
0x59, 0x49, 0x51, 0x29, 0x19, 0x19, 0x11, 0x11, 0x19, 0x11, 0x11, 0x11, 
0x11, 0x09, 0x09, 0x11, 0x09, 0x11, 0x11, 0x09, 0x11, 0x11, 0x11, 0x09, 
0x11, 0x19, 0x19, 0x19, 0x19, 0x11, 0x19, 0x11, 0x11, 0x11, 0x11, 0x11, 
0x11, 0x11, 0x11, 0x19, 0x11, 0x19, 0x11, 0x11, 0x09, 0x11, 0x11, 0x19, 
0x11, 0x19, 0x11, 0x11, 0x11, 0x19, 0x11, 0x11, 0x19, 0x11, 0x11, 0x19, 
0x11, 0x19, 0x19, 0x19, 0x11, 0x11, 0x11, 0x11, 0x19, 0x19, 0x19, 0x11, 
0x11, 0x11, 0x11, 0x11, 0x11, 0x11, 0x09, 0x09, 0x11, 0x09, 0x11, 0x09, 
0x11, 0x09, 0x11, 0x11, 0x19, 0x19, 0x21, 0x21, 0x21, 0x11, 0x09, 0x09, 
0x11, 0x11, 0x11, 0x09, 0x11, 0x11, 0x11, 0x11, 0x11, 0x19, 0x11, 0x11, 
0x11, 0x11, 0x11, 0x19, 0x11, 0x11, 0x19, 0x11, 0x19, 0x19, 0x19, 0x19, 
0x19, 0x11, 0x11, 0x11, 0x11, 0x11, 0x19, 0x11, 0x19, 0x19, 0x21, 0x21, 
0x21, 0x31, 0x41, 0x51, 0x49, 0x49, 0x49, 0x51, 0x49, 0x59, 0x51, 0x51, 
0x51, 0x51, 0x51, 0x51, 0x49, 0x49, 0x51, 0x59, 0x59, 0x59, 0x51, 0x59, 
0x51, 0x59, 0x51, 0x59, 0x59, 0x51, 0x49, 0x29, 0x19, 0x19, 0x11, 0x19, 
0x11, 0x11, 0x11, 0x11, 0x09, 0x09, 0x11, 0x09, 0x11, 0x11, 0x11, 0x11, 
0x11, 0x09, 0x09, 0x09, 0x11, 0x11, 0x11, 0x11, 0x19, 0x09, 0x11, 0x11, 
0x11, 0x19, 0x11, 0x19, 0x11, 0x11, 0x11, 0x11, 0x11, 0x11, 0x11, 0x11, 
0x11, 0x11, 0x11, 0x11, 0x19, 0x11, 0x11, 0x11, 0x09, 0x11, 0x11, 0x11, 
0x11, 0x11, 0x19, 0x19, 0x19, 0x19, 0x19, 0x11, 0x11, 0x11, 0x11, 0x11, 
0x11, 0x11, 0x11, 0x11, 0x09, 0x11, 0x11, 0x11, 0x11, 0x11, 0x11, 0x09, 
0x09, 0x09, 0x09, 0x09, 0x09, 0x01, 0x11, 0x11, 0x21, 0x19, 0x29, 0x21, 
0x21, 0x11, 0x11, 0x09, 0x11, 0x09, 0x09, 0x09, 0x09, 0x19, 0x11, 0x11, 
0x11, 0x11, 0x11, 0x11, 0x19, 0x11, 0x11, 0x11, 0x11, 0x11, 0x11, 0x11, 
0x19, 0x19, 0x19, 0x19, 0x11, 0x11, 0x11, 0x11, 0x11, 0x11, 0x11, 0x19, 
0x11, 0x11, 0x19, 0x21, 0x19, 0x29, 0x41, 0x49, 0x49, 0x49, 0x49, 0x49, 
0x51, 0x51, 0x51, 0x49, 0x59, 0x51, 0x51, 0x49, 0x41, 0x51, 0x59, 0x51, 
0x51, 0x59, 0x51, 0x59, 0x51, 0x51, 0x59, 0x59, 0x51, 0x49, 0x41, 0x29, 
0x11, 0x19, 0x11, 0x19, 0x11, 0x11, 0x21, 0x19, 0x11, 0x11, 0x11, 0x11, 
0x11, 0x09, 0x11, 0x11, 0x11, 0x11, 0x09, 0x11, 0x11, 0x11, 0x11, 0x11, 
0x19, 0x09, 0x09, 0x11, 0x11, 0x11, 0x11, 0x09, 0x11, 0x09, 0x11, 0x11, 
0x09, 0x09, 0x09, 0x11, 0x09, 0x09, 0x11, 0x11, 0x11, 0x09, 0x11, 0x09, 
0x11, 0x11, 0x11, 0x11, 0x11, 0x19, 0x19, 0x19, 0x11, 0x19, 0x11, 0x19, 
0x11, 0x11, 0x11, 0x11, 0x11, 0x09, 0x11, 0x11, 0x11, 0x11, 0x11, 0x11, 
0x09, 0x09, 0x11, 0x09, 0x09, 0x09, 0x09, 0x09, 0x11, 0x09, 0x11, 0x19, 
0x21, 0x21, 0x21, 0x29, 0x19, 0x11, 0x09, 0x11, 0x11, 0x09, 0x11, 0x09, 
0x09, 0x11, 0x11, 0x11, 0x11, 0x11, 0x11, 0x19, 0x11, 0x11, 0x11, 0x11, 
0x11, 0x11, 0x19, 0x11, 0x19, 0x19, 0x11, 0x21, 0x19, 0x11, 0x11, 0x11, 
0x11, 0x11, 0x11, 0x19, 0x19, 0x21, 0x19, 0x19, 0x21, 0x21, 0x29, 0x41, 
0x49, 0x49, 0x51, 0x51, 0x59, 0x51, 0x51, 0x59, 0x49, 0x51, 0x51, 0x49, 
0x49, 0x49, 0x49, 0x51, 0x59, 0x59, 0x59, 0x51, 0x51, 0x61, 0x51, 0x59, 
0x59, 0x51, 0x49, 0x29, 0x19, 0x19, 0x11, 0x11, 0x19, 0x19, 0x21, 0x41, 
0x29, 0x11, 0x19, 0x11, 0x11, 0x11, 0x09, 0x11, 0x09, 0x09, 0x11, 0x11, 
0x11, 0x11, 0x11, 0x11, 0x11, 0x11, 0x11, 0x11, 0x09, 0x11, 0x19, 0x11, 
0x11, 0x11, 0x11, 0x09, 0x11, 0x11, 0x11, 0x11, 0x09, 0x11, 0x09, 0x11, 
0x11, 0x11, 0x09, 0x11, 0x11, 0x11, 0x11, 0x11, 0x11, 0x19, 0x11, 0x11, 
0x11, 0x11, 0x11, 0x19, 0x11, 0x11, 0x11, 0x11, 0x11, 0x09, 0x11, 0x11, 
0x11, 0x09, 0x11, 0x11, 0x11, 0x11, 0x11, 0x11, 0x09, 0x09, 0x11, 0x09, 
0x11, 0x11, 0x09, 0x19, 0x29, 0x29, 0x29, 0x29, 0x21, 0x11, 0x11, 0x09, 
0x11, 0x11, 0x09, 0x09, 0x09, 0x19, 0x11, 0x11, 0x11, 0x11, 0x11, 0x09, 
0x11, 0x11, 0x11, 0x11, 0x19, 0x19, 0x11, 0x11, 0x11, 0x19, 0x19, 0x19, 
0x19, 0x19, 0x11, 0x19, 0x19, 0x19, 0x19, 0x11, 0x19, 0x11, 0x19, 0x11, 
0x11, 0x21, 0x19, 0x29, 0x41, 0x41, 0x49, 0x49, 0x49, 0x59, 0x59, 0x51, 
0x51, 0x51, 0x49, 0x41, 0x41, 0x51, 0x51, 0x51, 0x51, 0x51, 0x59, 0x59, 
0x51, 0x51, 0x51, 0x59, 0x51, 0x51, 0x41, 0x29, 0x21, 0x11, 0x19, 0x19, 
0x19, 0x19, 0x29, 0x41, 0x41, 0x31, 0x19, 0x11, 0x11, 0x11, 0x09, 0x11, 
0x11, 0x11, 0x11, 0x09, 0x11, 0x11, 0x11, 0x11, 0x11, 0x11, 0x11, 0x09, 
0x11, 0x11, 0x11, 0x11, 0x09, 0x09, 0x11, 0x11, 0x09, 0x11, 0x11, 0x09, 
0x09, 0x11, 0x11, 0x09, 0x09, 0x09, 0x11, 0x11, 0x11, 0x09, 0x11, 0x11, 
0x19, 0x11, 0x11, 0x11, 0x19, 0x11, 0x19, 0x09, 0x09, 0x11, 0x11, 0x11, 
0x11, 0x11, 0x09, 0x19, 0x11, 0x09, 0x09, 0x11, 0x11, 0x09, 0x09, 0x11, 
0x11, 0x09, 0x11, 0x09, 0x11, 0x09, 0x11, 0x11, 0x29, 0x21, 0x29, 0x29, 
0x29, 0x09, 0x09, 0x09, 0x09, 0x09, 0x09, 0x09, 0x09, 0x11, 0x11, 0x11, 
0x09, 0x09, 0x11, 0x19, 0x11, 0x11, 0x11, 0x11, 0x11, 0x11, 0x21, 0x11, 
0x11, 0x19, 0x11, 0x19, 0x19, 0x19, 0x11, 0x19, 0x19, 0x19, 0x19, 0x11, 
0x11, 0x11, 0x11, 0x21, 0x19, 0x19, 0x21, 0x21, 0x39, 0x41, 0x41, 0x49, 
0x49, 0x51, 0x51, 0x49, 0x49, 0x49, 0x51, 0x49, 0x41, 0x51, 0x51, 0x51, 
0x51, 0x51, 0x59, 0x51, 0x51, 0x59, 0x51, 0x51, 0x51, 0x51, 0x49, 0x21, 
0x19, 0x19, 0x19, 0x19, 0x19, 0x19, 0x31, 0x49, 0x51, 0x49, 0x39, 0x21, 
0x19, 0x19, 0x11, 0x09, 0x11, 0x11, 0x11, 0x11, 0x11, 0x11, 0x11, 0x11, 
0x11, 0x11, 0x11, 0x09, 0x11, 0x11, 0x11, 0x11, 0x11, 0x11, 0x11, 0x11, 
0x11, 0x11, 0x11, 0x09, 0x09, 0x11, 0x11, 0x11, 0x11, 0x11, 0x11, 0x11, 
0x11, 0x11, 0x11, 0x11, 0x11, 0x11, 0x11, 0x11, 0x11, 0x11, 0x19, 0x11, 
0x09, 0x11, 0x11, 0x09, 0x19, 0x11, 0x09, 0x11, 0x11, 0x19, 0x11, 0x11, 
0x11, 0x11, 0x09, 0x09, 0x11, 0x09, 0x11, 0x09, 0x11, 0x11, 0x11, 0x19, 
0x31, 0x29, 0x29, 0x29, 0x19, 0x11, 0x11, 0x09, 0x09, 0x11, 0x09, 0x11, 
0x09, 0x19, 0x11, 0x11, 0x11, 0x11, 0x11, 0x11, 0x11, 0x11, 0x19, 0x11, 
0x11, 0x11, 0x19, 0x19, 0x19, 0x11, 0x19, 0x19, 0x19, 0x19, 0x19, 0x11, 
0x11, 0x11, 0x19, 0x19, 0x11, 0x11, 0x19, 0x19, 0x19, 0x19, 0x19, 0x19, 
0x21, 0x39, 0x41, 0x49, 0x49, 0x51, 0x51, 0x51, 0x49, 0x51, 0x51, 0x49, 
0x41, 0x51, 0x49, 0x51, 0x51, 0x51, 0x51, 0x51, 0x59, 0x51, 0x51, 0x51, 
0x51, 0x49, 0x49, 0x29, 0x19, 0x11, 0x19, 0x11, 0x11, 0x19, 0x31, 0x49, 
0x51, 0x51, 0x51, 0x41, 0x29, 0x19, 0x11, 0x11, 0x11, 0x11, 0x11, 0x11, 
0x11, 0x11, 0x11, 0x11, 0x11, 0x11, 0x11, 0x19, 0x11, 0x19, 0x11, 0x11, 
0x11, 0x11, 0x11, 0x11, 0x11, 0x11, 0x11, 0x19, 0x11, 0x19, 0x19, 0x11, 
0x11, 0x11, 0x11, 0x11, 0x19, 0x19, 0x11, 0x11, 0x11, 0x19, 0x19, 0x19, 
0x19, 0x11, 0x19, 0x11, 0x11, 0x09, 0x11, 0x11, 0x11, 0x11, 0x11, 0x11, 
0x11, 0x19, 0x19, 0x11, 0x11, 0x09, 0x09, 0x11, 0x11, 0x09, 0x11, 0x11, 
0x11, 0x11, 0x09, 0x09, 0x29, 0x29, 0x29, 0x29, 0x11, 0x11, 0x11, 0x11, 
0x11, 0x09, 0x09, 0x09, 0x09, 0x19, 0x11, 0x11, 0x11, 0x11, 0x19, 0x11, 
0x11, 0x11, 0x11, 0x11, 0x11, 0x11, 0x11, 0x11, 0x19, 0x19, 0x11, 0x19, 
0x19, 0x19, 0x19, 0x19, 0x11, 0x11, 0x09, 0x11, 0x11, 0x19, 0x19, 0x11, 
0x11, 0x11, 0x21, 0x19, 0x19, 0x39, 0x41, 0x41, 0x41, 0x49, 0x49, 0x49, 
0x51, 0x51, 0x51, 0x49, 0x49, 0x49, 0x51, 0x51, 0x51, 0x59, 0x51, 0x59, 
0x51, 0x59, 0x49, 0x51, 0x51, 0x59, 0x49, 0x29, 0x21, 0x19, 0x19, 0x19, 
0x19, 0x19, 0x31, 0x51, 0x51, 0x49, 0x51, 0x51, 0x51, 0x29, 0x19, 0x19, 
0x11, 0x11, 0x11, 0x11, 0x19, 0x11, 0x19, 0x19, 0x11, 0x19, 0x19, 0x19, 
0x19, 0x11, 0x19, 0x19, 0x19, 0x19, 0x19, 0x19, 0x19, 0x19, 0x19, 0x19, 
0x19, 0x19, 0x19, 0x19, 0x11, 0x21, 0x19, 0x19, 0x21, 0x19, 0x21, 0x21, 
0x21, 0x29, 0x29, 0x21, 0x29, 0x21, 0x29, 0x29, 0x19, 0x19, 0x19, 0x19, 
0x19, 0x21, 0x19, 0x21, 0x29, 0x31, 0x31, 0x31, 0x19, 0x19, 0x11, 0x11, 
0x09, 0x11, 0x11, 0x11, 0x09, 0x09, 0x11, 0x11, 0x21, 0x29, 0x29, 0x19, 
0x11, 0x09, 0x11, 0x11, 0x09, 0x11, 0x11, 0x11, 0x09, 0x19, 0x11, 0x11, 
0x11, 0x11, 0x11, 0x11, 0x11, 0x09, 0x11, 0x11, 0x09, 0x11, 0x19, 0x11, 
0x11, 0x19, 0x11, 0x21, 0x19, 0x19, 0x19, 0x11, 0x19, 0x11, 0x11, 0x11, 
0x09, 0x11, 0x11, 0x19, 0x11, 0x11, 0x19, 0x21, 0x21, 0x29, 0x39, 0x41, 
0x41, 0x49, 0x51, 0x49, 0x51, 0x49, 0x51, 0x49, 0x49, 0x49, 0x51, 0x51, 
0x51, 0x51, 0x59, 0x59, 0x51, 0x59, 0x59, 0x59, 0x59, 0x51, 0x49, 0x29, 
0x21, 0x19, 0x19, 0x19, 0x19, 0x21, 0x31, 0x51, 0x49, 0x59, 0x51, 0x51, 
0x51, 0x39, 0x21, 0x11, 0x11, 0x09, 0x09, 0x11, 0x19, 0x31, 0x31, 0x31, 
0x31, 0x31, 0x31, 0x39, 0x41, 0x31, 0x31, 0x31, 0x31, 0x31, 0x29, 0x39, 
0x31, 0x31, 0x31, 0x31, 0x31, 0x39, 0x39, 0x31, 0x31, 0x39, 0x41, 0x39, 
0x41, 0x39, 0x41, 0x41, 0x41, 0x41, 0x41, 0x41, 0x41, 0x41, 0x41, 0x51, 
0x29, 0x21, 0x21, 0x19, 0x19, 0x19, 0x19, 0x31, 0x41, 0x41, 0x49, 0x41, 
0x29, 0x11, 0x11, 0x09, 0x09, 0x11, 0x11, 0x09, 0x11, 0x09, 0x09, 0x09, 
0x11, 0x11, 0x11, 0x19, 0x09, 0x09, 0x11, 0x11, 0x11, 0x11, 0x11, 0x11, 
0x09, 0x19, 0x11, 0x09, 0x11, 0x11, 0x11, 0x11, 0x09, 0x11, 0x11, 0x11, 
0x11, 0x19, 0x11, 0x11, 0x11, 0x19, 0x19, 0x19, 0x11, 0x19, 0x19, 0x19, 
0x11, 0x11, 0x19, 0x19, 0x11, 0x11, 0x19, 0x19, 0x19, 0x19, 0x19, 0x19, 
0x19, 0x19, 0x31, 0x39, 0x49, 0x49, 0x49, 0x49, 0x49, 0x49, 0x49, 0x49, 
0x49, 0x49, 0x51, 0x49, 0x49, 0x59, 0x59, 0x59, 0x51, 0x59, 0x51, 0x51, 
0x51, 0x49, 0x41, 0x21, 0x19, 0x19, 0x19, 0x19, 0x19, 0x21, 0x31, 0x51, 
0x51, 0x51, 0x59, 0x51, 0x51, 0x41, 0x19, 0x11, 0x11, 0x11, 0x11, 0x19, 
0x21, 0x41, 0x49, 0x51, 0x51, 0x51, 0x51, 0x49, 0x51, 0x41, 0x41, 0x41, 
0x39, 0x39, 0x39, 0x39, 0x39, 0x39, 0x39, 0x39, 0x39, 0x39, 0x39, 0x41, 
0x49, 0x41, 0x41, 0x39, 0x41, 0x41, 0x41, 0x41, 0x41, 0x41, 0x49, 0x41, 
0x41, 0x49, 0x41, 0x49, 0x21, 0x21, 0x21, 0x21, 0x19, 0x21, 0x21, 0x29, 
0x41, 0x49, 0x49, 0x39, 0x29, 0x11, 0x11, 0x19, 0x11, 0x11, 0x19, 0x09, 
0x11, 0x11, 0x11, 0x09, 0x19, 0x11, 0x11, 0x19, 0x11, 0x19, 0x11, 0x11, 
0x09, 0x09, 0x11, 0x09, 0x09, 0x19, 0x11, 0x11, 0x11, 0x19, 0x11, 0x19, 
0x11, 0x11, 0x11, 0x11, 0x11, 0x11, 0x11, 0x11, 0x19, 0x19, 0x19, 0x19, 
0x19, 0x19, 0x19, 0x19, 0x11, 0x11, 0x19, 0x11, 0x11, 0x19, 0x19, 0x11, 
0x19, 0x19, 0x19, 0x21, 0x19, 0x19, 0x21, 0x31, 0x49, 0x49, 0x49, 0x49, 
0x49, 0x49, 0x51, 0x49, 0x49, 0x51, 0x51, 0x51, 0x51, 0x51, 0x59, 0x49, 
0x59, 0x51, 0x51, 0x59, 0x49, 0x51, 0x41, 0x21, 0x19, 0x19, 0x21, 0x19, 
0x21, 0x21, 0x39, 0x51, 0x51, 0x51, 0x59, 0x59, 0x59, 0x49, 0x19, 0x11, 
0x11, 0x19, 0x19, 0x19, 0x21, 0x51, 0x51, 0x59, 0x51, 0x59, 0x51, 0x49, 
0x49, 0x49, 0x49, 0x49, 0x39, 0x39, 0x39, 0x39, 0x39, 0x39, 0x39, 0x41, 
0x39, 0x39, 0x41, 0x41, 0x41, 0x31, 0x41, 0x39, 0x41, 0x41, 0x41, 0x49, 
0x41, 0x41, 0x49, 0x41, 0x41, 0x39, 0x41, 0x49, 0x21, 0x21, 0x19, 0x19, 
0x19, 0x19, 0x21, 0x29, 0x39, 0x49, 0x49, 0x39, 0x29, 0x19, 0x11, 0x11, 
0x11, 0x19, 0x11, 0x09, 0x09, 0x11, 0x09, 0x09, 0x11, 0x11, 0x11, 0x19, 
0x11, 0x11, 0x11, 0x11, 0x01, 0x11, 0x11, 0x09, 0x09, 0x19, 0x11, 0x11, 
0x11, 0x11, 0x11, 0x11, 0x11, 0x19, 0x11, 0x11, 0x09, 0x11, 0x11, 0x11, 
0x11, 0x11, 0x19, 0x19, 0x19, 0x19, 0x11, 0x11, 0x19, 0x11, 0x11, 0x11, 
0x19, 0x19, 0x11, 0x19, 0x11, 0x11, 0x19, 0x21, 0x21, 0x11, 0x19, 0x21, 
0x31, 0x41, 0x41, 0x49, 0x49, 0x49, 0x51, 0x49, 0x49, 0x49, 0x49, 0x51, 
0x51, 0x51, 0x59, 0x51, 0x51, 0x59, 0x51, 0x51, 0x49, 0x49, 0x41, 0x21, 
0x19, 0x19, 0x19, 0x19, 0x19, 0x21, 0x31, 0x49, 0x51, 0x51, 0x51, 0x59, 
0x59, 0x49, 0x19, 0x19, 0x11, 0x19, 0x19, 0x19, 0x21, 0x51, 0x59, 0x59, 
0x51, 0x51, 0x49, 0x49, 0x41, 0x41, 0x41, 0x41, 0x39, 0x39, 0x39, 0x39, 
0x39, 0x39, 0x39, 0x39, 0x39, 0x39, 0x39, 0x39, 0x39, 0x31, 0x39, 0x39, 
0x41, 0x41, 0x41, 0x41, 0x41, 0x49, 0x49, 0x39, 0x49, 0x49, 0x41, 0x41, 
0x21, 0x19, 0x19, 0x21, 0x11, 0x19, 0x21, 0x29, 0x31, 0x41, 0x39, 0x41, 
0x29, 0x19, 0x19, 0x11, 0x11, 0x19, 0x09, 0x11, 0x11, 0x11, 0x11, 0x11, 
0x09, 0x11, 0x11, 0x09, 0x11, 0x11, 0x11, 0x19, 0x09, 0x11, 0x11, 0x09, 
0x11, 0x19, 0x11, 0x11, 0x11, 0x19, 0x11, 0x09, 0x11, 0x11, 0x11, 0x19, 
0x11, 0x11, 0x11, 0x19, 0x19, 0x11, 0x19, 0x19, 0x19, 0x19, 0x19, 0x11, 
0x11, 0x11, 0x11, 0x19, 0x11, 0x11, 0x11, 0x19, 0x11, 0x11, 0x19, 0x19, 
0x19, 0x19, 0x19, 0x21, 0x39, 0x51, 0x49, 0x49, 0x49, 0x49, 0x49, 0x41, 
0x39, 0x49, 0x49, 0x49, 0x51, 0x51, 0x51, 0x51, 0x51, 0x51, 0x51, 0x51, 
0x51, 0x49, 0x41, 0x21, 0x19, 0x19, 0x19, 0x19, 0x19, 0x21, 0x31, 0x51, 
0x51, 0x59, 0x51, 0x51, 0x51, 0x41, 0x19, 0x19, 0x19, 0x21, 0x19, 0x21, 
0x29, 0x49, 0x59, 0x51, 0x59, 0x49, 0x49, 0x41, 0x39, 0x41, 0x49, 0x31, 
0x39, 0x39, 0x31, 0x39, 0x31, 0x39, 0x39, 0x31, 0x39, 0x39, 0x39, 0x39, 
0x31, 0x31, 0x39, 0x39, 0x39, 0x39, 0x41, 0x41, 0x41, 0x41, 0x39, 0x41, 
0x39, 0x39, 0x41, 0x39, 0x29, 0x19, 0x19, 0x19, 0x29, 0x19, 0x21, 0x29, 
0x31, 0x41, 0x39, 0x31, 0x29, 0x11, 0x19, 0x11, 0x11, 0x11, 0x11, 0x11, 
0x11, 0x11, 0x11, 0x11, 0x11, 0x11, 0x11, 0x11, 0x11, 0x11, 0x11, 0x19, 
0x09, 0x09, 0x09, 0x09, 0x09, 0x11, 0x11, 0x09, 0x11, 0x11, 0x09, 0x11, 
0x09, 0x11, 0x11, 0x19, 0x11, 0x11, 0x19, 0x11, 0x11, 0x11, 0x19, 0x11, 
0x19, 0x19, 0x11, 0x19, 0x11, 0x11, 0x11, 0x19, 0x19, 0x11, 0x11, 0x19, 
0x11, 0x11, 0x11, 0x19, 0x19, 0x19, 0x21, 0x19, 0x29, 0x41, 0x41, 0x41, 
0x49, 0x49, 0x49, 0x41, 0x41, 0x49, 0x49, 0x49, 0x51, 0x51, 0x51, 0x51, 
0x51, 0x59, 0x51, 0x59, 0x49, 0x49, 0x41, 0x21, 0x19, 0x19, 0x19, 0x11, 
0x11, 0x19, 0x31, 0x59, 0x59, 0x59, 0x59, 0x59, 0x51, 0x41, 0x19, 0x19, 
0x19, 0x19, 0x19, 0x19, 0x29, 0x49, 0x51, 0x51, 0x59, 0x51, 0x49, 0x41, 
0x41, 0x39, 0x41, 0x41, 0x39, 0x31, 0x39, 0x39, 0x39, 0x31, 0x39, 0x39, 
0x39, 0x39, 0x31, 0x31, 0x31, 0x31, 0x31, 0x39, 0x31, 0x31, 0x39, 0x39, 
0x41, 0x39, 0x39, 0x39, 0x39, 0x39, 0x39, 0x39, 0x19, 0x19, 0x19, 0x19, 
0x19, 0x21, 0x21, 0x29, 0x31, 0x31, 0x31, 0x31, 0x21, 0x19, 0x19, 0x11, 
0x11, 0x19, 0x11, 0x11, 0x11, 0x11, 0x11, 0x11, 0x11, 0x11, 0x11, 0x11, 
0x11, 0x11, 0x11, 0x11, 0x11, 0x09, 0x11, 0x09, 0x11, 0x19, 0x11, 0x11, 
0x11, 0x11, 0x11, 0x11, 0x11, 0x11, 0x11, 0x11, 0x11, 0x11, 0x19, 0x11, 
0x09, 0x11, 0x19, 0x11, 0x11, 0x11, 0x19, 0x19, 0x19, 0x11, 0x19, 0x19, 
0x19, 0x11, 0x19, 0x11, 0x11, 0x11, 0x19, 0x19, 0x19, 0x19, 0x19, 0x21, 
0x21, 0x31, 0x41, 0x41, 0x49, 0x49, 0x49, 0x49, 0x49, 0x49, 0x49, 0x49, 
0x51, 0x51, 0x51, 0x51, 0x51, 0x51, 0x51, 0x51, 0x49, 0x49, 0x39, 0x21, 
0x19, 0x19, 0x19, 0x19, 0x19, 0x21, 0x39, 0x51, 0x59, 0x59, 0x59, 0x51, 
0x59, 0x49, 0x21, 0x19, 0x19, 0x19, 0x21, 0x19, 0x21, 0x49, 0x51, 0x51, 
0x51, 0x49, 0x51, 0x41, 0x39, 0x39, 0x39, 0x39, 0x41, 0x31, 0x39, 0x39, 
0x39, 0x31, 0x39, 0x31, 0x31, 0x31, 0x31, 0x31, 0x31, 0x31, 0x31, 0x31, 
0x31, 0x31, 0x31, 0x31, 0x31, 0x31, 0x39, 0x39, 0x39, 0x39, 0x31, 0x39, 
0x21, 0x19, 0x21, 0x19, 0x21, 0x21, 0x21, 0x21, 0x29, 0x31, 0x31, 0x29, 
0x29, 0x19, 0x11, 0x11, 0x11, 0x19, 0x11, 0x11, 0x11, 0x11, 0x11, 0x19, 
0x11, 0x11, 0x11, 0x19, 0x11, 0x11, 0x11, 0x11, 0x09, 0x11, 0x11, 0x11, 
0x09, 0x11, 0x11, 0x11, 0x11, 0x11, 0x11, 0x09, 0x09, 0x11, 0x11, 0x11, 
0x11, 0x11, 0x19, 0x09, 0x11, 0x11, 0x11, 0x11, 0x11, 0x19, 0x11, 0x19, 
0x11, 0x19, 0x11, 0x11, 0x11, 0x11, 0x19, 0x19, 0x11, 0x11, 0x11, 0x11, 
0x19, 0x19, 0x11, 0x19, 0x19, 0x21, 0x39, 0x41, 0x41, 0x49, 0x51, 0x41, 
0x49, 0x49, 0x51, 0x51, 0x51, 0x51, 0x51, 0x51, 0x51, 0x51, 0x49, 0x51, 
0x51, 0x41, 0x39, 0x21, 0x19, 0x19, 0x11, 0x19, 0x19, 0x21, 0x39, 0x51, 
0x51, 0x59, 0x59, 0x51, 0x51, 0x41, 0x19, 0x11, 0x19, 0x21, 0x19, 0x19, 
0x29, 0x49, 0x51, 0x59, 0x51, 0x49, 0x39, 0x39, 0x39, 0x39, 0x41, 0x29, 
0x31, 0x39, 0x39, 0x39, 0x31, 0x29, 0x31, 0x31, 0x31, 0x31, 0x29, 0x31, 
0x29, 0x31, 0x31, 0x39, 0x31, 0x31, 0x31, 0x31, 0x39, 0x31, 0x31, 0x31, 
0x31, 0x29, 0x31, 0x29, 0x19, 0x19, 0x19, 0x21, 0x19, 0x19, 0x19, 0x21, 
0x21, 0x31, 0x31, 0x31, 0x29, 0x19, 0x19, 0x19, 0x11, 0x11, 0x11, 0x11, 
0x11, 0x11, 0x11, 0x09, 0x11, 0x11, 0x11, 0x11, 0x09, 0x11, 0x09, 0x11, 
0x11, 0x09, 0x09, 0x09, 0x11, 0x11, 0x11, 0x11, 0x11, 0x11, 0x11, 0x11, 
0x11, 0x11, 0x11, 0x11, 0x11, 0x11, 0x11, 0x11, 0x11, 0x11, 0x11, 0x11, 
0x11, 0x11, 0x19, 0x19, 0x19, 0x19, 0x19, 0x11, 0x09, 0x11, 0x11, 0x19, 
0x11, 0x19, 0x11, 0x11, 0x11, 0x19, 0x19, 0x19, 0x19, 0x19, 0x29, 0x41, 
0x41, 0x49, 0x49, 0x41, 0x41, 0x41, 0x49, 0x49, 0x51, 0x59, 0x51, 0x49, 
0x51, 0x59, 0x51, 0x51, 0x49, 0x49, 0x39, 0x21, 0x21, 0x19, 0x11, 0x11, 
0x19, 0x21, 0x31, 0x51, 0x51, 0x51, 0x59, 0x51, 0x51, 0x49, 0x19, 0x19, 
0x11, 0x19, 0x21, 0x21, 0x29, 0x51, 0x51, 0x51, 0x49, 0x59, 0x41, 0x39, 
0x39, 0x31, 0x31, 0x39, 0x31, 0x39, 0x39, 0x39, 0x41, 0x31, 0x31, 0x29, 
0x31, 0x31, 0x31, 0x31, 0x29, 0x31, 0x31, 0x29, 0x29, 0x29, 0x29, 0x31, 
0x31, 0x31, 0x31, 0x29, 0x31, 0x29, 0x29, 0x31, 0x19, 0x19, 0x19, 0x19, 
0x19, 0x21, 0x11, 0x21, 0x29, 0x29, 0x29, 0x29, 0x21, 0x11, 0x19, 0x19, 
0x11, 0x11, 0x11, 0x11, 0x11, 0x11, 0x11, 0x11, 0x11, 0x11, 0x09, 0x11, 
0x11, 0x11, 0x11, 0x11, 0x11, 0x11, 0x11, 0x11, 0x11, 0x11, 0x11, 0x11, 
0x11, 0x11, 0x11, 0x11, 0x19, 0x11, 0x11, 0x11, 0x11, 0x19, 0x19, 0x11, 
0x11, 0x11, 0x11, 0x11, 0x19, 0x19, 0x19, 0x19, 0x19, 0x19, 0x11, 0x11, 
0x11, 0x11, 0x11, 0x21, 0x19, 0x19, 0x11, 0x19, 0x11, 0x19, 0x19, 0x19, 
0x19, 0x21, 0x21, 0x39, 0x39, 0x49, 0x49, 0x41, 0x41, 0x51, 0x49, 0x49, 
0x51, 0x51, 0x49, 0x49, 0x51, 0x49, 0x49, 0x51, 0x51, 0x51, 0x49, 0x21, 
0x21, 0x19, 0x21, 0x19, 0x19, 0x19, 0x39, 0x49, 0x51, 0x59, 0x59, 0x51, 
0x51, 0x41, 0x19, 0x19, 0x19, 0x21, 0x19, 0x19, 0x29, 0x49, 0x51, 0x51, 
0x51, 0x49, 0x41, 0x39, 0x31, 0x29, 0x31, 0x31, 0x31, 0x39, 0x31, 0x31, 
0x39, 0x39, 0x31, 0x39, 0x31, 0x31, 0x29, 0x29, 0x29, 0x29, 0x31, 0x31, 
0x31, 0x31, 0x29, 0x29, 0x31, 0x31, 0x29, 0x29, 0x29, 0x29, 0x29, 0x29, 
0x21, 0x29, 0x19, 0x29, 0x29, 0x29, 0x29, 0x29, 0x29, 0x29, 0x29, 0x21, 
0x29, 0x19, 0x19, 0x11, 0x11, 0x19, 0x11, 0x11, 0x11, 0x11, 0x11, 0x19, 
0x11, 0x11, 0x11, 0x11, 0x11, 0x09, 0x09, 0x11, 0x09, 0x11, 0x09, 0x09, 
0x11, 0x11, 0x19, 0x11, 0x11, 0x11, 0x11, 0x11, 0x11, 0x11, 0x09, 0x11, 
0x09, 0x19, 0x19, 0x19, 0x19, 0x19, 0x11, 0x19, 0x11, 0x19, 0x11, 0x19, 
0x19, 0x19, 0x11, 0x11, 0x11, 0x11, 0x19, 0x11, 0x11, 0x19, 0x11, 0x19, 
0x11, 0x11, 0x11, 0x11, 0x11, 0x19, 0x19, 0x31, 0x41, 0x41, 0x41, 0x41, 
0x39, 0x49, 0x49, 0x51, 0x49, 0x49, 0x49, 0x51, 0x51, 0x51, 0x49, 0x49, 
0x51, 0x49, 0x39, 0x29, 0x19, 0x19, 0x19, 0x11, 0x19, 0x21, 0x41, 0x49, 
0x49, 0x51, 0x51, 0x51, 0x51, 0x41, 0x19, 0x19, 0x19, 0x19, 0x19, 0x21, 
0x29, 0x49, 0x51, 0x51, 0x51, 0x41, 0x41, 0x31, 0x31, 0x39, 0x29, 0x31, 
0x31, 0x31, 0x31, 0x31, 0x31, 0x29, 0x29, 0x31, 0x31, 0x39, 0x31, 0x29, 
0x31, 0x31, 0x21, 0x29, 0x29, 0x29, 0x29, 0x29, 0x29, 0x29, 0x29, 0x29, 
0x29, 0x31, 0x29, 0x21, 0x21, 0x21, 0x29, 0x21, 0x29, 0x29, 0x21, 0x21, 
0x29, 0x21, 0x21, 0x21, 0x21, 0x19, 0x11, 0x19, 0x19, 0x11, 0x11, 0x11, 
0x11, 0x11, 0x11, 0x11, 0x11, 0x11, 0x11, 0x11, 0x11, 0x11, 0x11, 0x11, 
0x11, 0x09, 0x11, 0x09, 0x09, 0x19, 0x11, 0x11, 0x11, 0x11, 0x11, 0x09, 
0x11, 0x11, 0x11, 0x11, 0x11, 0x19, 0x19, 0x19, 0x21, 0x11, 0x19, 0x19, 
0x19, 0x11, 0x11, 0x11, 0x11, 0x19, 0x19, 0x11, 0x11, 0x11, 0x11, 0x11, 
0x11, 0x11, 0x11, 0x19, 0x19, 0x19, 0x11, 0x11, 0x11, 0x19, 0x19, 0x21, 
0x39, 0x39, 0x41, 0x39, 0x41, 0x41, 0x49, 0x49, 0x49, 0x49, 0x51, 0x51, 
0x51, 0x51, 0x51, 0x49, 0x41, 0x41, 0x39, 0x21, 0x19, 0x19, 0x19, 0x19, 
0x19, 0x21, 0x31, 0x49, 0x51, 0x51, 0x51, 0x51, 0x49, 0x41, 0x19, 0x11, 
0x19, 0x21, 0x11, 0x21, 0x29, 0x49, 0x41, 0x51, 0x49, 0x41, 0x41, 0x31, 
0x31, 0x29, 0x31, 0x31, 0x39, 0x39, 0x31, 0x31, 0x31, 0x39, 0x31, 0x31, 
0x39, 0x31, 0x31, 0x29, 0x31, 0x31, 0x31, 0x29, 0x29, 0x29, 0x29, 0x29, 
0x29, 0x29, 0x29, 0x21, 0x29, 0x29, 0x29, 0x29, 0x21, 0x29, 0x29, 0x21, 
0x29, 0x21, 0x21, 0x29, 0x29, 0x21, 0x29, 0x21, 0x19, 0x19, 0x11, 0x19, 
0x11, 0x19, 0x19, 0x11, 0x11, 0x11, 0x11, 0x11, 0x19, 0x09, 0x11, 0x19, 
0x11, 0x19, 0x11, 0x11, 0x11, 0x11, 0x19, 0x11, 0x11, 0x19, 0x19, 0x19, 
0x19, 0x19, 0x19, 0x19, 0x19, 0x19, 0x11, 0x11, 0x11, 0x11, 0x11, 0x11, 
0x19, 0x11, 0x19, 0x19, 0x19, 0x19, 0x19, 0x21, 0x19, 0x19, 0x19, 0x11, 
0x11, 0x11, 0x11, 0x11, 0x19, 0x11, 0x11, 0x11, 0x11, 0x11, 0x11, 0x11, 
0x19, 0x11, 0x19, 0x19, 0x19, 0x29, 0x41, 0x39, 0x39, 0x39, 0x49, 0x41, 
0x49, 0x51, 0x51, 0x51, 0x51, 0x51, 0x51, 0x49, 0x51, 0x49, 0x39, 0x21, 
0x19, 0x19, 0x19, 0x19, 0x19, 0x21, 0x39, 0x51, 0x51, 0x51, 0x59, 0x51, 
0x49, 0x41, 0x19, 0x19, 0x19, 0x19, 0x19, 0x21, 0x29, 0x49, 0x51, 0x51, 
0x51, 0x49, 0x39, 0x39, 0x31, 0x29, 0x31, 0x31, 0x39, 0x39, 0x39, 0x39, 
0x39, 0x31, 0x31, 0x31, 0x31, 0x31, 0x31, 0x31, 0x31, 0x31, 0x31, 0x31, 
0x31, 0x31, 0x29, 0x31, 0x29, 0x31, 0x29, 0x29, 0x29, 0x21, 0x29, 0x29, 
0x29, 0x29, 0x21, 0x21, 0x29, 0x29, 0x21, 0x29, 0x29, 0x21, 0x29, 0x21, 
0x21, 0x19, 0x19, 0x19, 0x19, 0x19, 0x19, 0x11, 0x19, 0x19, 0x19, 0x19, 
0x19, 0x19, 0x11, 0x11, 0x19, 0x19, 0x11, 0x11, 0x19, 0x11, 0x19, 0x11, 
0x09, 0x11, 0x11, 0x11, 0x11, 0x11, 0x11, 0x11, 0x19, 0x19, 0x21, 0x19, 
0x19, 0x11, 0x11, 0x11, 0x11, 0x11, 0x19, 0x11, 0x19, 0x11, 0x19, 0x19, 
0x19, 0x11, 0x19, 0x11, 0x19, 0x19, 0x11, 0x09, 0x11, 0x11, 0x11, 0x11, 
0x11, 0x11, 0x11, 0x11, 0x11, 0x19, 0x11, 0x19, 0x19, 0x19, 0x29, 0x39, 
0x31, 0x41, 0x41, 0x41, 0x41, 0x51, 0x49, 0x51, 0x51, 0x49, 0x51, 0x49, 
0x51, 0x49, 0x41, 0x29, 0x21, 0x19, 0x19, 0x19, 0x19, 0x21, 0x39, 0x51, 
0x59, 0x51, 0x51, 0x51, 0x51, 0x41, 0x11, 0x19, 0x19, 0x19, 0x21, 0x21, 
0x29, 0x49, 0x49, 0x51, 0x51, 0x49, 0x39, 0x29, 0x39, 0x31, 0x31, 0x39, 
0x39, 0x39, 0x39, 0x31, 0x31, 0x39, 0x31, 0x31, 0x39, 0x31, 0x31, 0x31, 
0x31, 0x29, 0x31, 0x29, 0x29, 0x29, 0x29, 0x29, 0x29, 0x29, 0x29, 0x31, 
0x21, 0x29, 0x29, 0x29, 0x21, 0x29, 0x21, 0x21, 0x29, 0x29, 0x21, 0x29, 
0x29, 0x21, 0x21, 0x21, 0x19, 0x19, 0x19, 0x21, 0x19, 0x19, 0x19, 0x11, 
0x11, 0x11, 0x19, 0x19, 0x11, 0x19, 0x19, 0x19, 0x11, 0x11, 0x11, 0x11, 
0x11, 0x11, 0x11, 0x19, 0x01, 0x11, 0x11, 0x11, 0x11, 0x11, 0x11, 0x19, 
0x11, 0x11, 0x11, 0x11, 0x11, 0x11, 0x11, 0x19, 0x09, 0x11, 0x11, 0x11, 
0x11, 0x11, 0x11, 0x11, 0x19, 0x11, 0x19, 0x19, 0x19, 0x19, 0x19, 0x11, 
0x11, 0x11, 0x11, 0x11, 0x11, 0x11, 0x11, 0x09, 0x11, 0x19, 0x11, 0x19, 
0x11, 0x11, 0x19, 0x29, 0x31, 0x41, 0x49, 0x49, 0x49, 0x49, 0x49, 0x49, 
0x51, 0x49, 0x51, 0x51, 0x49, 0x49, 0x39, 0x21, 0x19, 0x19, 0x11, 0x11, 
0x11, 0x21, 0x41, 0x51, 0x51, 0x51, 0x59, 0x51, 0x49, 0x41, 0x19, 0x19, 
0x11, 0x19, 0x19, 0x19, 0x29, 0x49, 0x51, 0x49, 0x51, 0x41, 0x41, 0x31, 
0x31, 0x29, 0x31, 0x39, 0x39, 0x39, 0x39, 0x31, 0x31, 0x39, 0x39, 0x29, 
0x31, 0x31, 0x31, 0x29, 0x29, 0x29, 0x31, 0x29, 0x29, 0x29, 0x31, 0x29, 
0x29, 0x29, 0x29, 0x21, 0x21, 0x21, 0x29, 0x29, 0x29, 0x29, 0x21, 0x29, 
0x29, 0x29, 0x19, 0x29, 0x21, 0x21, 0x29, 0x21, 0x19, 0x19, 0x19, 0x19, 
0x21, 0x19, 0x19, 0x19, 0x19, 0x19, 0x19, 0x19, 0x11, 0x11, 0x11, 0x19, 
0x11, 0x11, 0x11, 0x11, 0x11, 0x19, 0x11, 0x11, 0x09, 0x11, 0x09, 0x11, 
0x11, 0x11, 0x11, 0x11, 0x11, 0x11, 0x11, 0x11, 0x11, 0x11, 0x11, 0x11, 
0x11, 0x11, 0x19, 0x11, 0x11, 0x19, 0x11, 0x11, 0x11, 0x11, 0x11, 0x11, 
0x11, 0x19, 0x19, 0x11, 0x11, 0x11, 0x11, 0x11, 0x11, 0x11, 0x11, 0x11, 
0x19, 0x11, 0x19, 0x09, 0x19, 0x11, 0x19, 0x19, 0x31, 0x39, 0x41, 0x41, 
0x49, 0x41, 0x49, 0x49, 0x51, 0x49, 0x59, 0x51, 0x51, 0x49, 0x39, 0x29, 
0x21, 0x19, 0x19, 0x19, 0x19, 0x29, 0x39, 0x51, 0x49, 0x49, 0x51, 0x51, 
0x49, 0x39, 0x21, 0x19, 0x11, 0x19, 0x19, 0x21, 0x29, 0x49, 0x49, 0x49, 
0x51, 0x41, 0x39, 0x39, 0x31, 0x31, 0x31, 0x39, 0x41, 0x41, 0x39, 0x41, 
0x39, 0x39, 0x31, 0x39, 0x31, 0x31, 0x31, 0x29, 0x31, 0x31, 0x29, 0x31, 
0x29, 0x31, 0x29, 0x29, 0x29, 0x29, 0x29, 0x29, 0x29, 0x29, 0x21, 0x21, 
0x29, 0x21, 0x21, 0x21, 0x29, 0x21, 0x21, 0x29, 0x29, 0x21, 0x29, 0x21, 
0x19, 0x21, 0x19, 0x19, 0x21, 0x19, 0x19, 0x11, 0x11, 0x11, 0x11, 0x11, 
0x11, 0x19, 0x19, 0x19, 0x11, 0x11, 0x11, 0x11, 0x11, 0x19, 0x19, 0x19, 
0x11, 0x19, 0x11, 0x09, 0x11, 0x11, 0x19, 0x11, 0x11, 0x11, 0x09, 0x11, 
0x11, 0x11, 0x11, 0x11, 0x11, 0x11, 0x11, 0x11, 0x19, 0x11, 0x11, 0x11, 
0x11, 0x11, 0x11, 0x11, 0x11, 0x11, 0x11, 0x11, 0x11, 0x11, 0x11, 0x11, 
0x11, 0x09, 0x11, 0x11, 0x11, 0x09, 0x19, 0x19, 0x11, 0x11, 0x19, 0x19, 
0x19, 0x31, 0x41, 0x41, 0x49, 0x49, 0x49, 0x49, 0x49, 0x51, 0x49, 0x49, 
0x49, 0x41, 0x39, 0x21, 0x19, 0x19, 0x19, 0x19, 0x19, 0x19, 0x41, 0x49, 
0x51, 0x51, 0x51, 0x51, 0x49, 0x39, 0x19, 0x19, 0x19, 0x19, 0x19, 0x19, 
0x29, 0x49, 0x49, 0x51, 0x49, 0x49, 0x39, 0x31, 0x31, 0x31, 0x31, 0x31, 
0x39, 0x39, 0x41, 0x39, 0x39, 0x41, 0x39, 0x31, 0x31, 0x31, 0x31, 0x31, 
0x31, 0x31, 0x31, 0x31, 0x31, 0x29, 0x21, 0x29, 0x29, 0x21, 0x29, 0x21, 
0x29, 0x21, 0x29, 0x21, 0x29, 0x29, 0x21, 0x29, 0x29, 0x29, 0x21, 0x21, 
0x21, 0x21, 0x29, 0x21, 0x19, 0x21, 0x21, 0x21, 0x21, 0x19, 0x19, 0x19, 
0x19, 0x11, 0x11, 0x11, 0x11, 0x11, 0x11, 0x19, 0x19, 0x19, 0x19, 0x11, 
0x11, 0x11, 0x09, 0x11, 0x09, 0x19, 0x11, 0x11, 0x11, 0x11, 0x11, 0x11, 
0x11, 0x11, 0x11, 0x11, 0x19, 0x11, 0x11, 0x11, 0x11, 0x11, 0x11, 0x11, 
0x11, 0x11, 0x19, 0x11, 0x11, 0x11, 0x09, 0x11, 0x19, 0x11, 0x19, 0x11, 
0x11, 0x21, 0x19, 0x11, 0x11, 0x09, 0x09, 0x09, 0x11, 0x11, 0x11, 0x11, 
0x11, 0x19, 0x19, 0x11, 0x19, 0x21, 0x31, 0x41, 0x41, 0x41, 0x49, 0x49, 
0x51, 0x59, 0x49, 0x51, 0x49, 0x49, 0x31, 0x21, 0x19, 0x19, 0x21, 0x19, 
0x11, 0x21, 0x31, 0x49, 0x51, 0x51, 0x51, 0x49, 0x49, 0x39, 0x19, 0x19, 
0x19, 0x19, 0x19, 0x21, 0x29, 0x49, 0x49, 0x49, 0x49, 0x41, 0x41, 0x39, 
0x29, 0x31, 0x31, 0x39, 0x41, 0x39, 0x41, 0x41, 0x39, 0x39, 0x31, 0x31, 
0x39, 0x39, 0x39, 0x31, 0x31, 0x29, 0x29, 0x31, 0x31, 0x29, 0x29, 0x31, 
0x29, 0x21, 0x29, 0x29, 0x29, 0x21, 0x21, 0x21, 0x29, 0x21, 0x29, 0x29, 
0x21, 0x21, 0x21, 0x21, 0x21, 0x21, 0x19, 0x21, 0x19, 0x19, 0x29, 0x21, 
0x21, 0x21, 0x19, 0x19, 0x19, 0x19, 0x11, 0x11, 0x11, 0x11, 0x11, 0x11, 
0x11, 0x19, 0x19, 0x19, 0x11, 0x11, 0x11, 0x11, 0x09, 0x19, 0x11, 0x11, 
0x11, 0x11, 0x11, 0x11, 0x11, 0x11, 0x11, 0x11, 0x11, 0x11, 0x19, 0x11, 
0x11, 0x11, 0x11, 0x11, 0x19, 0x11, 0x11, 0x11, 0x09, 0x11, 0x09, 0x09, 
0x11, 0x11, 0x19, 0x11, 0x19, 0x19, 0x11, 0x11, 0x11, 0x11, 0x11, 0x11, 
0x19, 0x11, 0x11, 0x11, 0x11, 0x11, 0x11, 0x11, 0x19, 0x19, 0x21, 0x39, 
0x49, 0x41, 0x41, 0x41, 0x49, 0x49, 0x49, 0x49, 0x51, 0x51, 0x31, 0x21, 
0x19, 0x19, 0x19, 0x19, 0x19, 0x21, 0x41, 0x49, 0x49, 0x51, 0x51, 0x51, 
0x49, 0x39, 0x19, 0x19, 0x19, 0x21, 0x19, 0x21, 0x31, 0x49, 0x49, 0x49, 
0x49, 0x41, 0x39, 0x31, 0x31, 0x29, 0x31, 0x39, 0x39, 0x41, 0x41, 0x41, 
0x39, 0x41, 0x39, 0x39, 0x39, 0x31, 0x31, 0x29, 0x31, 0x31, 0x31, 0x31, 
0x31, 0x31, 0x29, 0x29, 0x31, 0x29, 0x29, 0x29, 0x29, 0x21, 0x29, 0x29, 
0x29, 0x29, 0x21, 0x29, 0x21, 0x21, 0x21, 0x21, 0x21, 0x21, 0x21, 0x29, 
0x19, 0x19, 0x21, 0x19, 0x21, 0x21, 0x11, 0x29, 0x19, 0x19, 0x11, 0x11, 
0x19, 0x19, 0x19, 0x11, 0x19, 0x19, 0x11, 0x11, 0x11, 0x11, 0x01, 0x11, 
0x09, 0x19, 0x11, 0x11, 0x11, 0x11, 0x11, 0x11, 0x11, 0x11, 0x11, 0x11, 
0x11, 0x11, 0x11, 0x11, 0x11, 0x11, 0x11, 0x11, 0x11, 0x09, 0x11, 0x11, 
0x11, 0x11, 0x11, 0x11, 0x11, 0x11, 0x19, 0x11, 0x11, 0x11, 0x19, 0x11, 
0x11, 0x11, 0x11, 0x09, 0x11, 0x11, 0x11, 0x11, 0x11, 0x11, 0x11, 0x19, 
0x19, 0x19, 0x19, 0x29, 0x39, 0x49, 0x49, 0x49, 0x49, 0x49, 0x49, 0x49, 
0x49, 0x41, 0x31, 0x21, 0x19, 0x19, 0x19, 0x11, 0x21, 0x29, 0x39, 0x49, 
0x51, 0x51, 0x49, 0x49, 0x49, 0x41, 0x19, 0x11, 0x19, 0x19, 0x21, 0x19, 
0x29, 0x41, 0x49, 0x41, 0x41, 0x41, 0x39, 0x31, 0x29, 0x31, 0x31, 0x31, 
0x39, 0x49, 0x41, 0x41, 0x41, 0x39, 0x39, 0x39, 0x39, 0x39, 0x39, 0x39, 
0x39, 0x31, 0x31, 0x39, 0x31, 0x31, 0x29, 0x31, 0x29, 0x29, 0x29, 0x29, 
0x21, 0x21, 0x29, 0x29, 0x29, 0x29, 0x21, 0x21, 0x29, 0x21, 0x29, 0x21, 
0x21, 0x29, 0x21, 0x21, 0x21, 0x21, 0x21, 0x19, 0x21, 0x21, 0x19, 0x21, 
0x11, 0x11, 0x11, 0x11, 0x11, 0x11, 0x19, 0x19, 0x19, 0x19, 0x19, 0x11, 
0x19, 0x11, 0x11, 0x11, 0x09, 0x21, 0x11, 0x09, 0x11, 0x11, 0x11, 0x11, 
0x11, 0x11, 0x11, 0x11, 0x11, 0x11, 0x11, 0x09, 0x11, 0x11, 0x11, 0x11, 
0x11, 0x11, 0x09, 0x11, 0x11, 0x09, 0x11, 0x09, 0x19, 0x11, 0x11, 0x19, 
0x11, 0x19, 0x19, 0x11, 0x11, 0x11, 0x19, 0x11, 0x11, 0x11, 0x11, 0x11, 
0x11, 0x11, 0x11, 0x19, 0x11, 0x29, 0x19, 0x21, 0x31, 0x41, 0x41, 0x41, 
0x49, 0x49, 0x49, 0x49, 0x41, 0x41, 0x31, 0x19, 0x19, 0x19, 0x19, 0x19, 
0x19, 0x21, 0x31, 0x49, 0x49, 0x49, 0x49, 0x51, 0x49, 0x39, 0x19, 0x19, 
0x19, 0x11, 0x11, 0x21, 0x29, 0x49, 0x51, 0x51, 0x49, 0x41, 0x39, 0x29, 
0x29, 0x31, 0x31, 0x39, 0x41, 0x39, 0x41, 0x39, 0x41, 0x41, 0x39, 0x39, 
0x39, 0x39, 0x39, 0x31, 0x31, 0x31, 0x31, 0x31, 0x31, 0x31, 0x29, 0x29, 
0x39, 0x29, 0x29, 0x21, 0x21, 0x21, 0x29, 0x21, 0x21, 0x21, 0x21, 0x21, 
0x29, 0x21, 0x21, 0x21, 0x21, 0x21, 0x29, 0x19, 0x21, 0x21, 0x21, 0x21, 
0x29, 0x19, 0x19, 0x21, 0x19, 0x11, 0x11, 0x11, 0x11, 0x19, 0x19, 0x11, 
0x19, 0x11, 0x11, 0x11, 0x11, 0x11, 0x19, 0x19, 0x11, 0x19, 0x19, 0x19, 
0x19, 0x11, 0x11, 0x11, 0x11, 0x19, 0x09, 0x11, 0x11, 0x11, 0x11, 0x11, 
0x19, 0x11, 0x11, 0x11, 0x11, 0x11, 0x11, 0x11, 0x11, 0x11, 0x11, 0x11, 
0x11, 0x11, 0x11, 0x11, 0x11, 0x11, 0x19, 0x11, 0x11, 0x11, 0x19, 0x11, 
0x11, 0x11, 0x19, 0x19, 0x19, 0x11, 0x11, 0x11, 0x19, 0x31, 0x29, 0x21, 
0x21, 0x39, 0x49, 0x49, 0x49, 0x41, 0x49, 0x49, 0x41, 0x41, 0x31, 0x19, 
0x19, 0x19, 0x19, 0x19, 0x19, 0x21, 0x41, 0x49, 0x41, 0x49, 0x51, 0x49, 
0x49, 0x39, 0x19, 0x19, 0x19, 0x19, 0x21, 0x19, 0x29, 0x49, 0x49, 0x51, 
0x41, 0x39, 0x41, 0x31, 0x29, 0x29, 0x31, 0x39, 0x39, 0x49, 0x39, 0x41, 
0x39, 0x41, 0x41, 0x39, 0x39, 0x39, 0x39, 0x39, 0x31, 0x31, 0x39, 0x31, 
0x31, 0x29, 0x29, 0x29, 0x29, 0x29, 0x29, 0x21, 0x21, 0x29, 0x21, 0x21, 
0x19, 0x29, 0x29, 0x21, 0x21, 0x21, 0x29, 0x19, 0x21, 0x21, 0x21, 0x21, 
0x19, 0x21, 0x21, 0x21, 0x21, 0x21, 0x19, 0x21, 0x19, 0x19, 0x11, 0x11, 
0x11, 0x19, 0x19, 0x19, 0x19, 0x19, 0x19, 0x19, 0x19, 0x11, 0x09, 0x19, 
0x01, 0x11, 0x11, 0x19, 0x11, 0x11, 0x09, 0x11, 0x11, 0x19, 0x19, 0x11, 
0x11, 0x11, 0x11, 0x11, 0x11, 0x11, 0x11, 0x11, 0x11, 0x11, 0x09, 0x11, 
0x11, 0x19, 0x11, 0x09, 0x11, 0x11, 0x11, 0x19, 0x11, 0x11, 0x11, 0x19, 
0x19, 0x19, 0x19, 0x11, 0x11, 0x11, 0x11, 0x11, 0x11, 0x11, 0x11, 0x11, 
0x19, 0x31, 0x31, 0x21, 0x19, 0x29, 0x39, 0x41, 0x41, 0x49, 0x49, 0x49, 
0x41, 0x39, 0x31, 0x19, 0x19, 0x19, 0x11, 0x19, 0x21, 0x29, 0x39, 0x41, 
0x49, 0x51, 0x51, 0x49, 0x49, 0x39, 0x19, 0x19, 0x19, 0x19, 0x19, 0x21, 
0x21, 0x49, 0x49, 0x49, 0x49, 0x41, 0x31, 0x31, 0x39, 0x31, 0x31, 0x39, 
0x41, 0x49, 0x41, 0x41, 0x39, 0x39, 0x39, 0x39, 0x39, 0x39, 0x39, 0x31, 
0x39, 0x31, 0x39, 0x31, 0x31, 0x39, 0x29, 0x31, 0x29, 0x31, 0x21, 0x21, 
0x21, 0x21, 0x21, 0x29, 0x21, 0x21, 0x29, 0x21, 0x21, 0x21, 0x21, 0x21, 
0x29, 0x21, 0x21, 0x21, 0x21, 0x21, 0x21, 0x21, 0x21, 0x19, 0x11, 0x19, 
0x19, 0x11, 0x11, 0x11, 0x11, 0x11, 0x19, 0x19, 0x19, 0x19, 0x19, 0x11, 
0x11, 0x11, 0x11, 0x11, 0x09, 0x19, 0x11, 0x11, 0x11, 0x11, 0x19, 0x11, 
0x11, 0x11, 0x11, 0x19, 0x11, 0x19, 0x19, 0x11, 0x11, 0x11, 0x11, 0x19, 
0x11, 0x11, 0x11, 0x11, 0x11, 0x09, 0x11, 0x09, 0x11, 0x11, 0x11, 0x11, 
0x19, 0x11, 0x19, 0x11, 0x19, 0x19, 0x19, 0x11, 0x19, 0x19, 0x19, 0x11, 
0x11, 0x11, 0x11, 0x11, 0x19, 0x21, 0x31, 0x39, 0x19, 0x21, 0x31, 0x39, 
0x41, 0x41, 0x49, 0x49, 0x41, 0x41, 0x31, 0x21, 0x19, 0x19, 0x19, 0x11, 
0x19, 0x21, 0x39, 0x49, 0x51, 0x49, 0x49, 0x49, 0x41, 0x39, 0x19, 0x19, 
0x11, 0x19, 0x19, 0x19, 0x29, 0x41, 0x49, 0x49, 0x49, 0x41, 0x39, 0x39, 
0x31, 0x29, 0x31, 0x39, 0x41, 0x41, 0x41, 0x49, 0x39, 0x41, 0x41, 0x39, 
0x41, 0x39, 0x39, 0x31, 0x39, 0x39, 0x29, 0x31, 0x29, 0x31, 0x29, 0x31, 
0x29, 0x29, 0x29, 0x29, 0x29, 0x21, 0x29, 0x19, 0x29, 0x21, 0x21, 0x21, 
0x21, 0x21, 0x21, 0x29, 0x21, 0x19, 0x21, 0x21, 0x21, 0x21, 0x21, 0x19, 
0x29, 0x19, 0x19, 0x21, 0x21, 0x19, 0x11, 0x11, 0x11, 0x11, 0x19, 0x19, 
0x19, 0x19, 0x19, 0x19, 0x11, 0x11, 0x11, 0x11, 0x11, 0x19, 0x19, 0x11, 
0x11, 0x11, 0x11, 0x11, 0x19, 0x11, 0x19, 0x11, 0x09, 0x19, 0x11, 0x11, 
0x11, 0x11, 0x11, 0x11, 0x19, 0x11, 0x11, 0x11, 0x19, 0x11, 0x11, 0x11, 
0x09, 0x11, 0x11, 0x11, 0x19, 0x11, 0x19, 0x19, 0x11, 0x11, 0x19, 0x11, 
0x11, 0x11, 0x11, 0x11, 0x11, 0x19, 0x11, 0x11, 0x11, 0x19, 0x29, 0x31, 
0x29, 0x19, 0x21, 0x39, 0x41, 0x41, 0x41, 0x41, 0x49, 0x39, 0x29, 0x19, 
0x19, 0x19, 0x11, 0x19, 0x19, 0x21, 0x41, 0x49, 0x41, 0x51, 0x49, 0x51, 
0x49, 0x31, 0x19, 0x19, 0x19, 0x11, 0x19, 0x19, 0x29, 0x41, 0x49, 0x51, 
0x41, 0x39, 0x39, 0x31, 0x31, 0x31, 0x31, 0x39, 0x49, 0x49, 0x49, 0x41, 
0x41, 0x39, 0x41, 0x41, 0x39, 0x39, 0x39, 0x39, 0x39, 0x39, 0x31, 0x31, 
0x31, 0x39, 0x31, 0x29, 0x29, 0x29, 0x29, 0x29, 0x29, 0x21, 0x29, 0x21, 
0x21, 0x21, 0x21, 0x21, 0x21, 0x21, 0x21, 0x21, 0x21, 0x21, 0x21, 0x21, 
0x21, 0x21, 0x21, 0x21, 0x21, 0x19, 0x19, 0x21, 0x19, 0x19, 0x11, 0x11, 
0x11, 0x11, 0x19, 0x21, 0x19, 0x19, 0x19, 0x11, 0x11, 0x11, 0x11, 0x19, 
0x09, 0x21, 0x19, 0x11, 0x19, 0x11, 0x19, 0x19, 0x19, 0x19, 0x19, 0x19, 
0x11, 0x11, 0x19, 0x19, 0x19, 0x11, 0x19, 0x11, 0x19, 0x11, 0x11, 0x11, 
0x19, 0x11, 0x19, 0x19, 0x11, 0x11, 0x11, 0x11, 0x19, 0x11, 0x11, 0x11, 
0x11, 0x19, 0x11, 0x11, 0x19, 0x09, 0x11, 0x11, 0x11, 0x11, 0x11, 0x11, 
0x19, 0x19, 0x21, 0x39, 0x39, 0x21, 0x21, 0x29, 0x41, 0x39, 0x41, 0x41, 
0x41, 0x41, 0x29, 0x19, 0x19, 0x19, 0x19, 0x19, 0x19, 0x21, 0x41, 0x49, 
0x49, 0x49, 0x49, 0x41, 0x49, 0x31, 0x19, 0x11, 0x19, 0x19, 0x11, 0x19, 
0x29, 0x39, 0x41, 0x51, 0x41, 0x39, 0x39, 0x31, 0x29, 0x29, 0x31, 0x39, 
0x41, 0x49, 0x49, 0x49, 0x49, 0x39, 0x41, 0x41, 0x41, 0x41, 0x31, 0x39, 
0x39, 0x39, 0x39, 0x39, 0x31, 0x31, 0x31, 0x31, 0x29, 0x29, 0x29, 0x29, 
0x21, 0x21, 0x21, 0x21, 0x29, 0x29, 0x19, 0x29, 0x21, 0x19, 0x29, 0x29, 
0x21, 0x29, 0x21, 0x21, 0x21, 0x19, 0x21, 0x21, 0x21, 0x21, 0x19, 0x21, 
0x19, 0x19, 0x19, 0x11, 0x11, 0x11, 0x19, 0x19, 0x19, 0x19, 0x11, 0x19, 
0x11, 0x11, 0x11, 0x11, 0x11, 0x31, 0x29, 0x29, 0x29, 0x29, 0x21, 0x29, 
0x29, 0x21, 0x21, 0x21, 0x21, 0x29, 0x21, 0x19, 0x21, 0x19, 0x19, 0x19, 
0x21, 0x21, 0x19, 0x19, 0x19, 0x21, 0x19, 0x19, 0x19, 0x19, 0x19, 0x11, 
0x11, 0x11, 0x19, 0x11, 0x11, 0x11, 0x11, 0x11, 0x09, 0x11, 0x11, 0x19, 
0x11, 0x11, 0x11, 0x19, 0x11, 0x19, 0x21, 0x29, 0x39, 0x31, 0x19, 0x19, 
0x39, 0x41, 0x41, 0x49, 0x41, 0x41, 0x21, 0x19, 0x19, 0x19, 0x11, 0x11, 
0x19, 0x21, 0x41, 0x41, 0x49, 0x51, 0x49, 0x49, 0x41, 0x31, 0x19, 0x11, 
0x19, 0x11, 0x19, 0x19, 0x29, 0x49, 0x41, 0x49, 0x41, 0x41, 0x39, 0x31, 
0x31, 0x31, 0x39, 0x39, 0x41, 0x49, 0x41, 0x41, 0x41, 0x31, 0x41, 0x39, 
0x41, 0x41, 0x41, 0x39, 0x39, 0x39, 0x31, 0x31, 0x39, 0x31, 0x31, 0x39, 
0x29, 0x29, 0x29, 0x29, 0x29, 0x29, 0x29, 0x29, 0x21, 0x29, 0x19, 0x21, 
0x21, 0x21, 0x21, 0x21, 0x21, 0x19, 0x21, 0x21, 0x21, 0x21, 0x21, 0x21, 
0x21, 0x19, 0x19, 0x19, 0x19, 0x19, 0x19, 0x11, 0x11, 0x11, 0x11, 0x19, 
0x19, 0x19, 0x21, 0x19, 0x19, 0x11, 0x11, 0x11, 0x11, 0x29, 0x29, 0x31, 
0x31, 0x29, 0x29, 0x31, 0x31, 0x31, 0x21, 0x29, 0x31, 0x29, 0x29, 0x21, 
0x29, 0x29, 0x29, 0x29, 0x29, 0x29, 0x29, 0x31, 0x29, 0x21, 0x29, 0x29, 
0x21, 0x21, 0x19, 0x19, 0x19, 0x11, 0x11, 0x09, 0x11, 0x11, 0x09, 0x11, 
0x11, 0x11, 0x11, 0x09, 0x11, 0x11, 0x11, 0x11, 0x11, 0x11, 0x19, 0x21, 
0x31, 0x39, 0x21, 0x19, 0x29, 0x41, 0x41, 0x49, 0x41, 0x39, 0x21, 0x19, 
0x19, 0x19, 0x19, 0x19, 0x19, 0x19, 0x41, 0x41, 0x49, 0x49, 0x41, 0x49, 
0x41, 0x31, 0x19, 0x21, 0x11, 0x19, 0x19, 0x19, 0x29, 0x49, 0x49, 0x49, 
0x41, 0x41, 0x31, 0x31, 0x31, 0x29, 0x31, 0x31, 0x41, 0x41, 0x41, 0x39, 
0x39, 0x41, 0x41, 0x41, 0x39, 0x41, 0x49, 0x41, 0x41, 0x39, 0x39, 0x39, 
0x39, 0x39, 0x31, 0x31, 0x31, 0x29, 0x29, 0x29, 0x21, 0x29, 0x21, 0x21, 
0x21, 0x21, 0x21, 0x21, 0x21, 0x21, 0x29, 0x29, 0x21, 0x21, 0x29, 0x21, 
0x21, 0x21, 0x21, 0x19, 0x21, 0x19, 0x19, 0x21, 0x19, 0x11, 0x19, 0x11, 
0x11, 0x11, 0x19, 0x19, 0x11, 0x19, 0x19, 0x19, 0x11, 0x11, 0x11, 0x19, 
0x09, 0x29, 0x21, 0x21, 0x21, 0x21, 0x21, 0x21, 0x29, 0x21, 0x19, 0x21, 
0x21, 0x21, 0x21, 0x19, 0x21, 0x29, 0x19, 0x19, 0x19, 0x19, 0x21, 0x21, 
0x21, 0x21, 0x21, 0x21, 0x29, 0x19, 0x21, 0x19, 0x11, 0x11, 0x19, 0x11, 
0x11, 0x11, 0x11, 0x11, 0x19, 0x11, 0x11, 0x11, 0x11, 0x11, 0x11, 0x11, 
0x11, 0x19, 0x19, 0x21, 0x29, 0x31, 0x39, 0x21, 0x21, 0x29, 0x39, 0x49, 
0x39, 0x39, 0x21, 0x19, 0x21, 0x21, 0x19, 0x29, 0x21, 0x21, 0x41, 0x49, 
0x41, 0x49, 0x49, 0x41, 0x41, 0x39, 0x11, 0x19, 0x11, 0x19, 0x19, 0x21, 
0x29, 0x41, 0x49, 0x49, 0x39, 0x41, 0x31, 0x31, 0x31, 0x31, 0x31, 0x39, 
0x39, 0x49, 0x41, 0x41, 0x49, 0x41, 0x39, 0x41, 0x49, 0x41, 0x39, 0x41, 
0x41, 0x39, 0x41, 0x39, 0x39, 0x39, 0x31, 0x31, 0x31, 0x31, 0x29, 0x29, 
0x29, 0x29, 0x29, 0x21, 0x21, 0x29, 0x29, 0x21, 0x21, 0x21, 0x29, 0x21, 
0x21, 0x21, 0x21, 0x21, 0x21, 0x21, 0x21, 0x19, 0x21, 0x21, 0x11, 0x21, 
0x19, 0x19, 0x19, 0x11, 0x11, 0x11, 0x19, 0x19, 0x19, 0x19, 0x19, 0x19, 
0x19, 0x11, 0x11, 0x11, 0x11, 0x19, 0x21, 0x21, 0x21, 0x19, 0x19, 0x21, 
0x21, 0x19, 0x21, 0x21, 0x19, 0x19, 0x21, 0x19, 0x19, 0x19, 0x19, 0x19, 
0x19, 0x19, 0x19, 0x19, 0x19, 0x19, 0x19, 0x19, 0x19, 0x19, 0x11, 0x11, 
0x11, 0x11, 0x11, 0x11, 0x11, 0x09, 0x11, 0x11, 0x11, 0x11, 0x11, 0x11, 
0x11, 0x11, 0x11, 0x11, 0x11, 0x11, 0x11, 0x19, 0x19, 0x39, 0x31, 0x29, 
0x21, 0x29, 0x31, 0x39, 0x41, 0x39, 0x21, 0x21, 0x29, 0x31, 0x39, 0x39, 
0x39, 0x41, 0x39, 0x41, 0x39, 0x31, 0x39, 0x31, 0x39, 0x31, 0x19, 0x19, 
0x11, 0x11, 0x11, 0x21, 0x21, 0x41, 0x41, 0x41, 0x41, 0x41, 0x31, 0x31, 
0x31, 0x31, 0x31, 0x31, 0x31, 0x39, 0x39, 0x39, 0x39, 0x49, 0x41, 0x41, 
0x39, 0x41, 0x39, 0x41, 0x41, 0x49, 0x41, 0x39, 0x39, 0x39, 0x39, 0x39, 
0x29, 0x29, 0x29, 0x29, 0x29, 0x29, 0x29, 0x29, 0x29, 0x29, 0x21, 0x21, 
0x29, 0x21, 0x21, 0x21, 0x21, 0x21, 0x21, 0x21, 0x21, 0x21, 0x21, 0x21, 
0x29, 0x19, 0x19, 0x19, 0x21, 0x19, 0x19, 0x19, 0x11, 0x19, 0x19, 0x19, 
0x19, 0x19, 0x21, 0x19, 0x11, 0x11, 0x11, 0x11, 0x11, 0x31, 0x31, 0x29, 
0x21, 0x21, 0x31, 0x31, 0x31, 0x21, 0x29, 0x39, 0x31, 0x21, 0x19, 0x21, 
0x21, 0x19, 0x21, 0x39, 0x31, 0x19, 0x19, 0x19, 0x39, 0x29, 0x19, 0x21, 
0x29, 0x19, 0x11, 0x11, 0x11, 0x11, 0x11, 0x11, 0x11, 0x11, 0x11, 0x19, 
0x11, 0x19, 0x11, 0x09, 0x11, 0x11, 0x11, 0x11, 0x19, 0x19, 0x11, 0x19, 
0x19, 0x21, 0x39, 0x39, 0x29, 0x19, 0x21, 0x39, 0x39, 0x39, 0x29, 0x31, 
0x39, 0x39, 0x39, 0x39, 0x41, 0x31, 0x31, 0x39, 0x39, 0x31, 0x31, 0x29, 
0x19, 0x19, 0x19, 0x19, 0x11, 0x19, 0x19, 0x21, 0x29, 0x31, 0x39, 0x39, 
0x41, 0x39, 0x39, 0x39, 0x39, 0x41, 0x39, 0x41, 0x41, 0x49, 0x51, 0x49, 
0x51, 0x59, 0x59, 0x51, 0x51, 0x59, 0x59, 0x51, 0x59, 0x59, 0x59, 0x51, 
0x49, 0x41, 0x49, 0x41, 0x41, 0x41, 0x41, 0x41, 0x39, 0x39, 0x31, 0x21, 
0x21, 0x21, 0x21, 0x21, 0x21, 0x29, 0x29, 0x21, 0x21, 0x21, 0x29, 0x21, 
0x21, 0x29, 0x21, 0x21, 0x19, 0x19, 0x19, 0x21, 0x21, 0x11, 0x19, 0x19, 
0x11, 0x11, 0x11, 0x19, 0x19, 0x19, 0x21, 0x19, 0x11, 0x11, 0x11, 0x11, 
0x01, 0x51, 0x41, 0x41, 0x31, 0x31, 0x51, 0x59, 0x51, 0x39, 0x49, 0x51, 
0x51, 0x41, 0x21, 0x31, 0x31, 0x29, 0x31, 0x51, 0x49, 0x21, 0x19, 0x21, 
0x39, 0x39, 0x21, 0x19, 0x29, 0x19, 0x19, 0x11, 0x11, 0x11, 0x11, 0x11, 
0x11, 0x11, 0x11, 0x11, 0x11, 0x11, 0x11, 0x11, 0x11, 0x19, 0x11, 0x11, 
0x11, 0x11, 0x19, 0x11, 0x19, 0x19, 0x31, 0x31, 0x31, 0x11, 0x19, 0x21, 
0x31, 0x31, 0x39, 0x39, 0x41, 0x39, 0x39, 0x39, 0x39, 0x31, 0x29, 0x29, 
0x31, 0x31, 0x29, 0x19, 0x19, 0x19, 0x19, 0x19, 0x11, 0x19, 0x21, 0x21, 
0x29, 0x29, 0x39, 0x31, 0x39, 0x39, 0x39, 0x39, 0x49, 0x49, 0x41, 0x51, 
0x51, 0x51, 0x59, 0x59, 0x51, 0x51, 0x51, 0x59, 0x59, 0x59, 0x59, 0x51, 
0x59, 0x59, 0x59, 0x59, 0x59, 0x59, 0x59, 0x51, 0x59, 0x59, 0x51, 0x59, 
0x51, 0x51, 0x49, 0x29, 0x21, 0x21, 0x21, 0x21, 0x21, 0x21, 0x21, 0x29, 
0x21, 0x21, 0x21, 0x29, 0x21, 0x19, 0x21, 0x19, 0x19, 0x19, 0x19, 0x21, 
0x21, 0x19, 0x19, 0x11, 0x11, 0x11, 0x19, 0x19, 0x19, 0x19, 0x21, 0x19, 
0x19, 0x11, 0x11, 0x11, 0x11, 0x49, 0x41, 0x39, 0x41, 0x31, 0x51, 0x51, 
0x49, 0x41, 0x39, 0x59, 0x41, 0x39, 0x21, 0x21, 0x29, 0x29, 0x29, 0x49, 
0x39, 0x31, 0x19, 0x21, 0x31, 0x39, 0x39, 0x19, 0x21, 0x21, 0x11, 0x11, 
0x11, 0x11, 0x19, 0x09, 0x11, 0x09, 0x11, 0x11, 0x11, 0x11, 0x11, 0x11, 
0x11, 0x11, 0x11, 0x11, 0x11, 0x11, 0x11, 0x11, 0x19, 0x19, 0x21, 0x31, 
0x31, 0x31, 0x19, 0x19, 0x21, 0x29, 0x29, 0x39, 0x39, 0x39, 0x39, 0x39, 
0x39, 0x31, 0x31, 0x29, 0x29, 0x29, 0x21, 0x19, 0x19, 0x11, 0x19, 0x19, 
0x19, 0x29, 0x31, 0x39, 0x31, 0x31, 0x31, 0x39, 0x39, 0x41, 0x41, 0x41, 
0x49, 0x49, 0x49, 0x51, 0x51, 0x51, 0x51, 0x51, 0x51, 0x59, 0x59, 0x59, 
0x51, 0x59, 0x59, 0x51, 0x59, 0x51, 0x59, 0x59, 0x61, 0x61, 0x61, 0x59, 
0x59, 0x61, 0x51, 0x41, 0x49, 0x51, 0x51, 0x41, 0x21, 0x19, 0x19, 0x21, 
0x19, 0x21, 0x19, 0x21, 0x21, 0x21, 0x29, 0x19, 0x21, 0x21, 0x29, 0x21, 
0x19, 0x19, 0x19, 0x21, 0x19, 0x19, 0x19, 0x11, 0x09, 0x11, 0x19, 0x19, 
0x19, 0x19, 0x19, 0x11, 0x11, 0x11, 0x09, 0x11, 0x11, 0x41, 0x41, 0x41, 
0x41, 0x39, 0x49, 0x41, 0x41, 0x49, 0x31, 0x41, 0x31, 0x41, 0x31, 0x21, 
0x21, 0x29, 0x29, 0x31, 0x39, 0x31, 0x19, 0x19, 0x21, 0x49, 0x41, 0x21, 
0x21, 0x21, 0x19, 0x11, 0x09, 0x11, 0x11, 0x11, 0x11, 0x11, 0x11, 0x11, 
0x11, 0x11, 0x11, 0x11, 0x11, 0x11, 0x11, 0x11, 0x11, 0x19, 0x11, 0x11, 
0x11, 0x21, 0x21, 0x31, 0x31, 0x39, 0x29, 0x19, 0x19, 0x29, 0x29, 0x39, 
0x39, 0x31, 0x39, 0x31, 0x29, 0x21, 0x29, 0x31, 0x29, 0x21, 0x11, 0x11, 
0x19, 0x11, 0x19, 0x21, 0x29, 0x29, 0x31, 0x31, 0x31, 0x39, 0x41, 0x39, 
0x39, 0x49, 0x49, 0x49, 0x49, 0x49, 0x49, 0x49, 0x51, 0x49, 0x49, 0x49, 
0x49, 0x51, 0x49, 0x51, 0x51, 0x59, 0x51, 0x51, 0x51, 0x51, 0x51, 0x59, 
0x59, 0x59, 0x59, 0x59, 0x59, 0x51, 0x51, 0x49, 0x49, 0x41, 0x49, 0x49, 
0x31, 0x29, 0x21, 0x11, 0x19, 0x11, 0x19, 0x21, 0x21, 0x19, 0x21, 0x21, 
0x21, 0x21, 0x21, 0x19, 0x19, 0x19, 0x19, 0x21, 0x19, 0x21, 0x19, 0x11, 
0x19, 0x11, 0x11, 0x21, 0x19, 0x19, 0x21, 0x19, 0x19, 0x19, 0x09, 0x19, 
0x09, 0x39, 0x39, 0x31, 0x31, 0x29, 0x39, 0x49, 0x41, 0x41, 0x39, 0x41, 
0x39, 0x41, 0x39, 0x29, 0x29, 0x21, 0x29, 0x29, 0x49, 0x39, 0x21, 0x19, 
0x19, 0x39, 0x49, 0x29, 0x19, 0x19, 0x19, 0x19, 0x11, 0x11, 0x09, 0x11, 
0x11, 0x11, 0x11, 0x11, 0x19, 0x19, 0x11, 0x11, 0x11, 0x11, 0x11, 0x11, 
0x09, 0x11, 0x11, 0x09, 0x11, 0x19, 0x19, 0x31, 0x29, 0x29, 0x29, 0x21, 
0x19, 0x19, 0x19, 0x21, 0x21, 0x21, 0x29, 0x29, 0x21, 0x21, 0x21, 0x21, 
0x19, 0x11, 0x11, 0x11, 0x11, 0x19, 0x19, 0x29, 0x29, 0x29, 0x31, 0x31, 
0x31, 0x41, 0x31, 0x39, 0x39, 0x39, 0x49, 0x41, 0x49, 0x51, 0x51, 0x51, 
0x41, 0x41, 0x41, 0x41, 0x49, 0x49, 0x49, 0x49, 0x49, 0x59, 0x51, 0x49, 
0x49, 0x49, 0x49, 0x49, 0x49, 0x49, 0x41, 0x49, 0x49, 0x51, 0x49, 0x49, 
0x39, 0x41, 0x51, 0x59, 0x31, 0x31, 0x31, 0x29, 0x21, 0x19, 0x19, 0x19, 
0x19, 0x19, 0x21, 0x21, 0x19, 0x21, 0x21, 0x21, 0x19, 0x19, 0x19, 0x19, 
0x21, 0x11, 0x11, 0x19, 0x11, 0x11, 0x19, 0x19, 0x19, 0x19, 0x21, 0x19, 
0x19, 0x11, 0x11, 0x11, 0x11, 0x29, 0x29, 0x31, 0x31, 0x21, 0x29, 0x49, 
0x41, 0x49, 0x41, 0x31, 0x51, 0x41, 0x39, 0x29, 0x29, 0x29, 0x29, 0x21, 
0x39, 0x49, 0x39, 0x21, 0x21, 0x31, 0x49, 0x39, 0x19, 0x19, 0x19, 0x11, 
0x11, 0x09, 0x09, 0x11, 0x11, 0x11, 0x11, 0x11, 0x11, 0x11, 0x09, 0x11, 
0x09, 0x09, 0x11, 0x11, 0x11, 0x11, 0x11, 0x11, 0x11, 0x19, 0x19, 0x19, 
0x29, 0x29, 0x29, 0x21, 0x19, 0x19, 0x19, 0x19, 0x21, 0x29, 0x29, 0x21, 
0x29, 0x29, 0x29, 0x19, 0x11, 0x11, 0x19, 0x19, 0x21, 0x19, 0x19, 0x21, 
0x21, 0x31, 0x31, 0x31, 0x31, 0x31, 0x39, 0x31, 0x39, 0x39, 0x39, 0x31, 
0x49, 0x49, 0x49, 0x41, 0x49, 0x49, 0x49, 0x41, 0x41, 0x49, 0x49, 0x41, 
0x51, 0x49, 0x41, 0x39, 0x41, 0x39, 0x49, 0x41, 0x49, 0x39, 0x41, 0x51, 
0x51, 0x59, 0x49, 0x49, 0x41, 0x49, 0x51, 0x51, 0x39, 0x29, 0x29, 0x21, 
0x21, 0x19, 0x19, 0x21, 0x19, 0x19, 0x19, 0x19, 0x29, 0x21, 0x21, 0x19, 
0x21, 0x19, 0x19, 0x21, 0x19, 0x19, 0x19, 0x19, 0x19, 0x11, 0x11, 0x11, 
0x19, 0x19, 0x19, 0x19, 0x11, 0x11, 0x11, 0x11, 0x11, 0x29, 0x41, 0x49, 
0x39, 0x39, 0x29, 0x41, 0x41, 0x51, 0x41, 0x29, 0x41, 0x51, 0x49, 0x21, 
0x19, 0x31, 0x21, 0x19, 0x31, 0x39, 0x21, 0x19, 0x19, 0x21, 0x39, 0x31, 
0x19, 0x11, 0x11, 0x11, 0x09, 0x11, 0x11, 0x11, 0x11, 0x11, 0x11, 0x11, 
0x11, 0x09, 0x11, 0x11, 0x11, 0x11, 0x11, 0x19, 0x11, 0x11, 0x11, 0x11, 
0x11, 0x11, 0x11, 0x19, 0x21, 0x19, 0x21, 0x29, 0x21, 0x19, 0x19, 0x11, 
0x19, 0x19, 0x21, 0x21, 0x21, 0x21, 0x21, 0x11, 0x11, 0x11, 0x19, 0x19, 
0x19, 0x19, 0x19, 0x21, 0x29, 0x39, 0x29, 0x31, 0x31, 0x31, 0x39, 0x31, 
0x31, 0x39, 0x39, 0x39, 0x41, 0x41, 0x41, 0x41, 0x41, 0x49, 0x41, 0x41, 
0x41, 0x41, 0x49, 0x41, 0x49, 0x41, 0x49, 0x41, 0x41, 0x41, 0x49, 0x49, 
0x49, 0x49, 0x41, 0x41, 0x49, 0x49, 0x49, 0x41, 0x49, 0x49, 0x49, 0x49, 
0x41, 0x19, 0x29, 0x19, 0x19, 0x19, 0x19, 0x19, 0x19, 0x19, 0x19, 0x21, 
0x21, 0x21, 0x29, 0x21, 0x11, 0x19, 0x19, 0x21, 0x21, 0x19, 0x11, 0x19, 
0x11, 0x11, 0x11, 0x19, 0x19, 0x19, 0x21, 0x19, 0x19, 0x11, 0x11, 0x11, 
0x09, 0x21, 0x29, 0x31, 0x39, 0x41, 0x21, 0x29, 0x41, 0x41, 0x31, 0x21, 
0x29, 0x31, 0x21, 0x19, 0x19, 0x19, 0x11, 0x19, 0x11, 0x19, 0x11, 0x11, 
0x11, 0x11, 0x19, 0x11, 0x11, 0x11, 0x11, 0x11, 0x09, 0x09, 0x11, 0x11, 
0x11, 0x11, 0x19, 0x11, 0x11, 0x11, 0x09, 0x09, 0x11, 0x11, 0x11, 0x11, 
0x11, 0x11, 0x11, 0x11, 0x11, 0x19, 0x11, 0x19, 0x21, 0x11, 0x19, 0x19, 
0x21, 0x21, 0x19, 0x11, 0x19, 0x19, 0x21, 0x21, 0x19, 0x19, 0x19, 0x11, 
0x11, 0x21, 0x21, 0x19, 0x19, 0x19, 0x21, 0x21, 0x31, 0x31, 0x31, 0x31, 
0x39, 0x39, 0x39, 0x41, 0x39, 0x39, 0x39, 0x39, 0x39, 0x41, 0x39, 0x31, 
0x39, 0x39, 0x31, 0x31, 0x31, 0x39, 0x31, 0x29, 0x39, 0x31, 0x31, 0x31, 
0x31, 0x31, 0x31, 0x29, 0x31, 0x31, 0x31, 0x31, 0x31, 0x31, 0x31, 0x31, 
0x31, 0x31, 0x31, 0x39, 0x29, 0x21, 0x29, 0x19, 0x21, 0x21, 0x21, 0x21, 
0x19, 0x19, 0x11, 0x19, 0x19, 0x19, 0x21, 0x21, 0x19, 0x19, 0x11, 0x21, 
0x19, 0x19, 0x19, 0x11, 0x19, 0x11, 0x11, 0x19, 0x19, 0x19, 0x19, 0x11, 
0x11, 0x11, 0x11, 0x11, 0x11, 0x19, 0x19, 0x19, 0x21, 0x19, 0x19, 0x19, 
0x19, 0x19, 0x19, 0x11, 0x11, 0x11, 0x19, 0x11, 0x19, 0x19, 0x19, 0x19, 
0x11, 0x19, 0x19, 0x09, 0x11, 0x11, 0x11, 0x11, 0x11, 0x11, 0x11, 0x09, 
0x09, 0x11, 0x11, 0x11, 0x11, 0x11, 0x11, 0x11, 0x09, 0x11, 0x11, 0x11, 
0x09, 0x11, 0x11, 0x11, 0x11, 0x11, 0x11, 0x11, 0x11, 0x11, 0x11, 0x11, 
0x11, 0x11, 0x11, 0x19, 0x11, 0x11, 0x19, 0x11, 0x11, 0x11, 0x19, 0x19, 
0x19, 0x19, 0x11, 0x11, 0x19, 0x21, 0x11, 0x19, 0x19, 0x19, 0x19, 0x21, 
0x31, 0x29, 0x31, 0x31, 0x29, 0x19, 0x29, 0x29, 0x29, 0x29, 0x21, 0x29, 
0x31, 0x31, 0x31, 0x31, 0x31, 0x31, 0x29, 0x29, 0x29, 0x31, 0x31, 0x29, 
0x29, 0x29, 0x29, 0x31, 0x21, 0x21, 0x21, 0x29, 0x29, 0x29, 0x31, 0x31, 
0x29, 0x29, 0x31, 0x31, 0x31, 0x31, 0x29, 0x29, 0x29, 0x21, 0x29, 0x21, 
0x19, 0x19, 0x21, 0x19, 0x21, 0x19, 0x19, 0x19, 0x19, 0x19, 0x21, 0x19, 
0x19, 0x19, 0x19, 0x21, 0x19, 0x11, 0x19, 0x19, 0x11, 0x11, 0x09, 0x11, 
0x19, 0x21, 0x21, 0x19, 0x19, 0x11, 0x11, 0x11, 0x09, 0x21, 0x11, 0x11, 
0x19, 0x11, 0x11, 0x19, 0x11, 0x19, 0x11, 0x11, 0x11, 0x11, 0x19, 0x11, 
0x11, 0x11, 0x11, 0x11, 0x19, 0x09, 0x11, 0x11, 0x11, 0x11, 0x09, 0x11, 
0x09, 0x11, 0x09, 0x11, 0x09, 0x11, 0x11, 0x11, 0x11, 0x11, 0x11, 0x11, 
0x11, 0x09, 0x11, 0x11, 0x11, 0x19, 0x11, 0x11, 0x09, 0x11, 0x11, 0x11, 
0x11, 0x09, 0x09, 0x09, 0x11, 0x19, 0x11, 0x11, 0x19, 0x11, 0x19, 0x19, 
0x11, 0x11, 0x11, 0x11, 0x19, 0x11, 0x11, 0x11, 0x19, 0x19, 0x19, 0x19, 
0x19, 0x21, 0x19, 0x19, 0x19, 0x21, 0x29, 0x29, 0x29, 0x29, 0x21, 0x31, 
0x29, 0x31, 0x29, 0x29, 0x29, 0x21, 0x29, 0x29, 0x29, 0x29, 0x29, 0x29, 
0x29, 0x29, 0x29, 0x29, 0x21, 0x21, 0x21, 0x21, 0x21, 0x21, 0x29, 0x21, 
0x21, 0x21, 0x21, 0x29, 0x29, 0x29, 0x21, 0x21, 0x21, 0x29, 0x19, 0x29, 
0x21, 0x21, 0x29, 0x21, 0x19, 0x19, 0x19, 0x19, 0x19, 0x19, 0x19, 0x11, 
0x19, 0x19, 0x19, 0x19, 0x11, 0x19, 0x19, 0x21, 0x19, 0x19, 0x19, 0x19, 
0x19, 0x09, 0x11, 0x19, 0x19, 0x21, 0x21, 0x19, 0x11, 0x11, 0x09, 0x11, 
0x11, 0x19, 0x11, 0x11, 0x11, 0x11, 0x11, 0x11, 0x11, 0x11, 0x11, 0x11, 
0x11, 0x11, 0x11, 0x09, 0x11, 0x11, 0x09, 0x11, 0x11, 0x11, 0x11, 0x09, 
0x11, 0x09, 0x11, 0x11, 0x11, 0x11, 0x11, 0x11, 0x09, 0x11, 0x11, 0x09, 
0x11, 0x11, 0x11, 0x11, 0x11, 0x11, 0x11, 0x11, 0x11, 0x11, 0x11, 0x11, 
0x11, 0x11, 0x09, 0x11, 0x11, 0x11, 0x11, 0x19, 0x11, 0x21, 0x19, 0x19, 
0x11, 0x19, 0x19, 0x19, 0x19, 0x19, 0x19, 0x11, 0x11, 0x09, 0x11, 0x11, 
0x11, 0x19, 0x19, 0x11, 0x19, 0x19, 0x21, 0x21, 0x29, 0x29, 0x29, 0x21, 
0x29, 0x29, 0x29, 0x29, 0x21, 0x21, 0x19, 0x21, 0x21, 0x29, 0x29, 0x29, 
0x31, 0x29, 0x21, 0x21, 0x21, 0x29, 0x29, 0x21, 0x21, 0x29, 0x21, 0x19, 
0x19, 0x29, 0x29, 0x29, 0x29, 0x29, 0x21, 0x19, 0x21, 0x29, 0x29, 0x21, 
0x21, 0x29, 0x29, 0x29, 0x29, 0x21, 0x29, 0x21, 0x19, 0x21, 0x21, 0x19, 
0x19, 0x21, 0x19, 0x19, 0x19, 0x19, 0x19, 0x19, 0x19, 0x11, 0x19, 0x19, 
0x19, 0x19, 0x19, 0x19, 0x19, 0x11, 0x09, 0x11, 0x19, 0x21, 0x19, 0x19, 
0x11, 0x11, 0x09, 0x19, 0x11, 0x19, 0x11, 0x11, 0x11, 0x11, 0x11, 0x11, 
0x11, 0x11, 0x11, 0x11, 0x11, 0x11, 0x09, 0x11, 0x11, 0x11, 0x11, 0x09, 
0x11, 0x09, 0x09, 0x11, 0x11, 0x11, 0x09, 0x11, 0x11, 0x11, 0x11, 0x09, 
0x11, 0x11, 0x11, 0x11, 0x09, 0x11, 0x11, 0x11, 0x19, 0x11, 0x11, 0x11, 
0x11, 0x11, 0x11, 0x11, 0x11, 0x11, 0x11, 0x09, 0x11, 0x11, 0x11, 0x11, 
0x11, 0x29, 0x21, 0x19, 0x11, 0x11, 0x11, 0x11, 0x19, 0x19, 0x19, 0x11, 
0x11, 0x11, 0x11, 0x19, 0x19, 0x19, 0x19, 0x21, 0x19, 0x21, 0x21, 0x31, 
0x29, 0x29, 0x29, 0x21, 0x29, 0x29, 0x21, 0x29, 0x21, 0x21, 0x29, 0x21, 
0x21, 0x29, 0x29, 0x21, 0x21, 0x29, 0x29, 0x21, 0x29, 0x21, 0x21, 0x21, 
0x21, 0x21, 0x21, 0x21, 0x19, 0x29, 0x21, 0x21, 0x21, 0x21, 0x29, 0x21, 
0x29, 0x29, 0x29, 0x29, 0x29, 0x29, 0x29, 0x29, 0x29, 0x21, 0x21, 0x21, 
0x21, 0x19, 0x21, 0x19, 0x21, 0x21, 0x21, 0x19, 0x19, 0x19, 0x19, 0x19, 
0x19, 0x19, 0x19, 0x21, 0x19, 0x21, 0x19, 0x19, 0x19, 0x11, 0x11, 0x11, 
0x19, 0x19, 0x21, 0x19, 0x19, 0x11, 0x11, 0x11, 0x09, 0x11, 0x11, 0x09, 
0x09, 0x09, 0x09, 0x11, 0x11, 0x11, 0x11, 0x11, 0x11, 0x11, 0x11, 0x11, 
0x11, 0x11, 0x11, 0x11, 0x11, 0x11, 0x11, 0x11, 0x09, 0x11, 0x11, 0x11, 
0x09, 0x11, 0x19, 0x11, 0x11, 0x09, 0x11, 0x11, 0x11, 0x11, 0x11, 0x11, 
0x19, 0x11, 0x09, 0x09, 0x11, 0x11, 0x11, 0x09, 0x11, 0x11, 0x11, 0x11, 
0x11, 0x19, 0x11, 0x11, 0x11, 0x29, 0x21, 0x19, 0x19, 0x11, 0x19, 0x19, 
0x11, 0x19, 0x19, 0x11, 0x11, 0x11, 0x11, 0x19, 0x21, 0x19, 0x21, 0x19, 
0x21, 0x21, 0x19, 0x21, 0x19, 0x29, 0x19, 0x29, 0x19, 0x21, 0x19, 0x19, 
0x19, 0x21, 0x19, 0x19, 0x19, 0x21, 0x21, 0x19, 0x19, 0x19, 0x19, 0x19, 
0x19, 0x19, 0x19, 0x19, 0x21, 0x19, 0x19, 0x19, 0x19, 0x19, 0x21, 0x19, 
0x21, 0x29, 0x21, 0x21, 0x21, 0x21, 0x29, 0x19, 0x21, 0x21, 0x21, 0x21, 
0x21, 0x21, 0x21, 0x19, 0x21, 0x19, 0x21, 0x19, 0x19, 0x21, 0x21, 0x19, 
0x21, 0x19, 0x21, 0x21, 0x19, 0x19, 0x19, 0x19, 0x21, 0x21, 0x19, 0x19, 
0x21, 0x19, 0x11, 0x19, 0x19, 0x19, 0x21, 0x11, 0x11, 0x11, 0x11, 0x11, 
0x11, 0x11, 0x11, 0x11, 0x11, 0x11, 0x11, 0x09, 0x11, 0x09, 0x11, 0x11, 
0x09, 0x11, 0x09, 0x11, 0x11, 0x11, 0x09, 0x11, 0x09, 0x11, 0x11, 0x11, 
0x11, 0x11, 0x11, 0x09, 0x11, 0x11, 0x11, 0x09, 0x11, 0x11, 0x11, 0x11, 
0x11, 0x11, 0x11, 0x09, 0x11, 0x09, 0x11, 0x11, 0x11, 0x09, 0x11, 0x11, 
0x11, 0x11, 0x11, 0x19, 0x11, 0x11, 0x11, 0x19, 0x19, 0x19, 0x19, 0x19, 
0x19, 0x19, 0x19, 0x19, 0x11, 0x19, 0x11, 0x19, 0x11, 0x19, 0x11, 0x19, 
0x21, 0x11, 0x11, 0x19, 0x19, 0x19, 0x21, 0x19, 0x19, 0x19, 0x19, 0x21, 
0x21, 0x19, 0x19, 0x21, 0x19, 0x19, 0x19, 0x21, 0x19, 0x11, 0x19, 0x19, 
0x19, 0x19, 0x19, 0x21, 0x19, 0x19, 0x19, 0x19, 0x19, 0x19, 0x21, 0x19, 
0x19, 0x21, 0x19, 0x19, 0x19, 0x11, 0x21, 0x21, 0x21, 0x21, 0x21, 0x21, 
0x21, 0x19, 0x21, 0x21, 0x19, 0x21, 0x21, 0x19, 0x11, 0x19, 0x19, 0x21, 
0x19, 0x11, 0x19, 0x19, 0x19, 0x19, 0x19, 0x19, 0x19, 0x19, 0x19, 0x11, 
0x21, 0x19, 0x19, 0x19, 0x19, 0x11, 0x11, 0x19, 0x19, 0x11, 0x21, 0x19, 
0x19, 0x11, 0x11, 0x11, 0x11, 0x19, 0x09, 0x11, 0x11, 0x11, 0x11, 0x11, 
0x11, 0x11, 0x11, 0x11, 0x11, 0x11, 0x11, 0x11, 0x11, 0x11, 0x09, 0x19, 
0x11, 0x09, 0x09, 0x11, 0x11, 0x11, 0x11, 0x11, 0x11, 0x19, 0x11, 0x11, 
0x11, 0x11, 0x11, 0x11, 0x11, 0x11, 0x11, 0x11, 0x11, 0x19, 0x11, 0x11, 
0x11, 0x09, 0x11, 0x11, 0x11, 0x19, 0x11, 0x11, 0x11, 0x19, 0x19, 0x19, 
0x21, 0x19, 0x11, 0x19, 0x19, 0x19, 0x19, 0x19, 0x11, 0x11, 0x11, 0x11, 
0x11, 0x11, 0x11, 0x19, 0x19, 0x19, 0x19, 0x19, 0x19, 0x19, 0x19, 0x11, 
0x19, 0x19, 0x19, 0x19, 0x19, 0x19, 0x19, 0x21, 0x21, 0x19, 0x19, 0x19, 
0x19, 0x19, 0x19, 0x19, 0x19, 0x19, 0x19, 0x19, 0x19, 0x11, 0x21, 0x21, 
0x21, 0x19, 0x21, 0x19, 0x21, 0x21, 0x21, 0x21, 0x19, 0x19, 0x21, 0x19, 
0x19, 0x19, 0x21, 0x21, 0x21, 0x21, 0x19, 0x19, 0x19, 0x19, 0x21, 0x11, 
0x11, 0x21, 0x19, 0x19, 0x19, 0x19, 0x19, 0x21, 0x19, 0x19, 0x19, 0x11, 
0x19, 0x11, 0x11, 0x11, 0x11, 0x19, 0x11, 0x11, 0x11, 0x11, 0x11, 0x11, 
0x11, 0x11, 0x11, 0x19, 0x11, 0x09, 0x11, 0x11, 0x09, 0x11, 0x11, 0x11, 
0x11, 0x11, 0x11, 0x09, 0x11, 0x11, 0x09, 0x11, 0x11, 0x11, 0x11, 0x11, 
0x11, 0x11, 0x09, 0x11, 0x11, 0x09, 0x11, 0x11, 0x11, 0x19, 0x11, 0x11, 
0x11, 0x11, 0x19, 0x11, 0x11, 0x11, 0x11, 0x11, 0x11, 0x09, 0x11, 0x11, 
0x11, 0x11, 0x11, 0x09, 0x11, 0x11, 0x11, 0x11, 0x11, 0x11, 0x11, 0x11, 
0x19, 0x19, 0x19, 0x19, 0x19, 0x19, 0x21, 0x19, 0x21, 0x19, 0x19, 0x19, 
0x19, 0x19, 0x19, 0x19, 0x11, 0x19, 0x19, 0x19, 0x19, 0x11, 0x21, 0x19, 
0x19, 0x11, 0x11, 0x11, 0x11, 0x19, 0x21, 0x11, 0x19, 0x19, 0x19, 0x19, 
0x19, 0x19, 0x19, 0x19, 0x19, 0x19, 0x19, 0x21, 0x21, 0x21, 0x21, 0x19, 
0x11, 0x19, 0x19, 0x19, 0x21, 0x21, 0x21, 0x21, 0x21, 0x21, 0x19, 0x19, 
0x21, 0x21, 0x29, 0x21, 0x21, 0x19, 0x21, 0x19, 0x21, 0x21, 0x21, 0x19, 
0x21, 0x19, 0x19, 0x19, 0x11, 0x21, 0x19, 0x19, 0x21, 0x19, 0x19, 0x19, 
0x19, 0x11, 0x19, 0x19, 0x19, 0x11, 0x11, 0x11, 0x11, 0x19, 0x11, 0x11, 
0x11, 0x11, 0x11, 0x11, 0x19, 0x11, 0x11, 0x11, 0x11, 0x19, 0x11, 0x11, 
0x09, 0x11, 0x11, 0x11, 0x09, 0x11, 0x11, 0x11, 0x11, 0x11, 0x11, 0x11, 
0x11, 0x19, 0x11, 0x11, 0x11, 0x11, 0x11, 0x11, 0x11, 0x11, 0x11, 0x11, 
0x11, 0x11, 0x11, 0x11, 0x11, 0x19, 0x11, 0x09, 0x19, 0x11, 0x11, 0x09, 
0x11, 0x11, 0x11, 0x11, 0x11, 0x11, 0x11, 0x11, 0x11, 0x09, 0x11, 0x11, 
0x11, 0x11, 0x11, 0x11, 0x19, 0x19, 0x19, 0x19, 0x21, 0x19, 0x21, 0x19, 
0x21, 0x19, 0x19, 0x19, 0x11, 0x11, 0x11, 0x19, 0x19, 0x11, 0x19, 0x19, 
0x19, 0x11, 0x19, 0x11, 0x11, 0x11, 0x11, 0x11, 0x19, 0x19, 0x11, 0x11, 
0x11, 0x19, 0x19, 0x11, 0x19, 0x19, 0x19, 0x19, 0x21, 0x29, 0x19, 0x19, 
0x21, 0x21, 0x19, 0x19, 0x19, 0x21, 0x19, 0x21, 0x21, 0x21, 0x19, 0x21, 
0x21, 0x29, 0x29, 0x19, 0x21, 0x21, 0x21, 0x21, 0x21, 0x19, 0x21, 0x21, 
0x21, 0x19, 0x21, 0x21, 0x21, 0x21, 0x19, 0x19, 0x21, 0x19, 0x19, 0x19, 
0x21, 0x19, 0x19, 0x19, 0x19, 0x19, 0x11, 0x19, 0x11, 0x19, 0x19, 0x11, 
0x19, 0x11, 0x11, 0x11, 0x11, 0x11, 0x11, 0x11, 0x11, 0x19, 0x11, 0x11, 
0x11, 0x11, 0x11, 0x11, 0x09, 0x11, 0x11, 0x11, 0x11, 0x11, 0x09, 0x09, 
0x09, 0x11, 0x11, 0x11, 0x11, 0x11, 0x11, 0x11, 0x11, 0x11, 0x11, 0x11, 
0x11, 0x19, 0x11, 0x11, 0x19, 0x09, 0x11, 0x11, 0x11, 0x11, 0x11, 0x11, 
0x19, 0x19, 0x11, 0x11, 0x11, 0x11, 0x11, 0x11, 0x11, 0x19, 0x11, 0x11, 
0x11, 0x11, 0x11, 0x11, 0x11, 0x11, 0x11, 0x19, 0x19, 0x19, 0x19, 0x19, 
0x21, 0x19, 0x19, 0x19, 0x11, 0x11, 0x11, 0x19, 0x19, 0x11, 0x19, 0x11, 
0x19, 0x19, 0x19, 0x11, 0x11, 0x11, 0x19, 0x11, 0x11, 0x11, 0x11, 0x19, 
0x11, 0x11, 0x19, 0x19, 0x19, 0x11, 0x19, 0x19, 0x19, 0x21, 0x11, 0x21, 
0x19, 0x21, 0x21, 0x21, 0x21, 0x19, 0x11, 0x19, 0x21, 0x19, 0x19, 0x19, 
0x21, 0x21, 0x21, 0x19, 0x21, 0x21, 0x21, 0x21, 0x19, 0x21, 0x21, 0x21, 
0x21, 0x21, 0x21, 0x19, 0x21, 0x21, 0x29, 0x21, 0x19, 0x21, 0x19, 0x19, 
0x19, 0x19, 0x19, 0x19, 0x11, 0x19, 0x19, 0x19, 0x19, 0x11, 0x19, 0x19, 
0x19, 0x19, 0x19, 0x11, 0x19, 0x19, 0x11, 0x11, 0x19, 0x11, 0x11, 0x19, 
0x19, 0x19, 0x19, 0x11, 0x11, 0x19, 0x11, 0x11, 0x11, 0x19, 0x09, 0x11, 
0x11, 0x19, 0x11, 0x11, 0x09, 0x11, 0x11, 0x19, 0x11, 0x11, 0x11, 0x11, 
0x11, 0x11, 0x11, 0x11, 0x09, 0x11, 0x11, 0x11, 0x09, 0x11, 0x19, 0x11, 
0x11, 0x11, 0x09, 0x09, 0x09, 0x19, 0x11, 0x11, 0x11, 0x09, 0x11, 0x11, 
0x11, 0x11, 0x11, 0x11, 0x19, 0x09, 0x11, 0x19, 0x11, 0x11, 0x19, 0x19, 
0x19, 0x19, 0x19, 0x19, 0x19, 0x19, 0x19, 0x19, 0x19, 0x19, 0x19, 0x19, 
0x19, 0x19, 0x11, 0x11, 0x11, 0x11, 0x11, 0x11, 0x19, 0x19, 0x19, 0x11, 
0x19, 0x19, 0x19, 0x11, 0x11, 0x11, 0x19, 0x19, 0x19, 0x21, 0x19, 0x21, 
0x19, 0x19, 0x21, 0x19, 0x19, 0x19, 0x21, 0x19, 0x21, 0x11, 0x19, 0x19, 
0x21, 0x19, 0x21, 0x21, 0x21, 0x21, 0x21, 0x21, 0x21, 0x19, 0x29, 0x21, 
0x21, 0x21, 0x21, 0x29, 0x21, 0x21, 0x29, 0x19, 0x29, 0x19, 0x21, 0x21, 
0x19, 0x19, 0x19, 0x11, 0x11, 0x19, 0x19, 0x19, 0x19, 0x19, 0x21, 0x19, 
0x19, 0x19, 0x19, 0x19, 0x19, 0x11, 0x19, 0x11, 0x11, 0x11, 0x11, 0x11, 
0x19, 0x11, 0x11, 0x11, 0x11, 0x19, 0x19, 0x11, 0x11, 0x11, 0x11, 0x11, 
0x11, 0x19, 0x11, 0x09, 0x11, 0x11, 0x11, 0x11, 0x11, 0x11, 0x11, 0x11, 
0x11, 0x11, 0x11, 0x19, 0x11, 0x11, 0x11, 0x11, 0x11, 0x11, 0x11, 0x11, 
0x11, 0x11, 0x11, 0x11, 0x09, 0x09, 0x11, 0x11, 0x09, 0x11, 0x11, 0x11, 
0x11, 0x11, 0x11, 0x09, 0x11, 0x11, 0x19, 0x11, 0x09, 0x11, 0x19, 0x11, 
0x19, 0x19, 0x11, 0x11, 0x11, 0x19, 0x19, 0x21, 0x19, 0x19, 0x21, 0x21, 
0x29, 0x21, 0x19, 0x19, 0x19, 0x19, 0x19, 0x11, 0x19, 0x11, 0x21, 0x19, 
0x11, 0x19, 0x21, 0x19, 0x19, 0x11, 0x11, 0x11, 0x11, 0x19, 0x11, 0x11, 
0x19, 0x21, 0x19, 0x21, 0x19, 0x19, 0x21, 0x19, 0x19, 0x19, 0x19, 0x19, 
0x19, 0x19, 0x19, 0x19, 0x21, 0x21, 0x21, 0x19, 0x19, 0x19, 0x21, 0x21, 
0x21, 0x19, 0x21, 0x19, 0x21, 0x29, 0x21, 0x29, 0x21, 0x19, 0x21, 0x21, 
0x21, 0x11, 0x19, 0x21, 0x11, 0x19, 0x19, 0x19, 0x19, 0x19, 0x19, 0x19, 
0x19, 0x19, 0x21, 0x19, 0x11, 0x19, 0x19, 0x19, 0x11, 0x19, 0x19, 0x11, 
0x19, 0x11, 0x11, 0x19, 0x11, 0x11, 0x11, 0x11, 0x11, 0x11, 0x19, 0x11, 
0x19, 0x11, 0x11, 0x11, 0x11, 0x11, 0x11, 0x11, 0x11, 0x11, 0x11, 0x19, 
0x11, 0x19, 0x19, 0x11, 0x19, 0x11, 0x11, 0x11, 0x11, 0x11, 0x11, 0x11, 
0x11, 0x11, 0x11, 0x11, 0x11, 0x11, 0x11, 0x19, 0x11, 0x11, 0x11, 0x11, 
0x11, 0x11, 0x11, 0x11, 0x09, 0x11, 0x11, 0x11, 0x11, 0x11, 0x09, 0x11, 
0x11, 0x11, 0x11, 0x11, 0x11, 0x11, 0x11, 0x11, 0x19, 0x19, 0x19, 0x19, 
0x19, 0x19, 0x21, 0x19, 0x19, 0x19, 0x21, 0x19, 0x11, 0x11, 0x11, 0x11, 
0x19, 0x19, 0x19, 0x19, 0x21, 0x19, 0x21, 0x11, 0x19, 0x19, 0x11, 0x11, 
0x11, 0x11, 0x19, 0x11, 0x19, 0x21, 0x21, 0x19, 0x21, 0x21, 0x19, 0x21, 
0x19, 0x21, 0x19, 0x19, 0x19, 0x19, 0x21, 0x19, 0x21, 0x21, 0x19, 0x19, 
0x21, 0x21, 0x21, 0x19, 0x21, 0x21, 0x21, 0x19, 0x21, 0x19, 0x19, 0x21, 
0x19, 0x19, 0x29, 0x21, 0x19, 0x19, 0x19, 0x19, 0x21, 0x21, 0x19, 0x21, 
0x19, 0x19, 0x19, 0x19, 0x19, 0x19, 0x11, 0x19, 0x19, 0x19, 0x19, 0x19, 
0x19, 0x11, 0x19, 0x11, 0x19, 0x11, 0x11, 0x19, 0x11, 0x19, 0x11, 0x11, 
0x19, 0x11, 0x11, 0x11, 0x11, 0x19, 0x11, 0x11, 0x11, 0x11, 0x09, 0x11, 
0x11, 0x11, 0x11, 0x11, 0x19, 0x11, 0x11, 0x09, 0x11, 0x11, 0x19, 0x11, 
0x11, 0x19, 0x11, 0x11, 0x11, 0x09, 0x11, 0x11, 0x11, 0x19, 0x19, 0x11, 
0x19, 0x19, 0x11, 0x11, 0x11, 0x11, 0x11, 0x11, 0x11, 0x11, 0x19, 0x11, 
0x11, 0x11, 0x19, 0x11, 0x11, 0x19, 0x11, 0x11, 0x19, 0x19, 0x19, 0x19, 
0x21, 0x19, 0x21, 0x21, 0x19, 0x21, 0x21, 0x19, 0x21, 0x19, 0x11, 0x11, 
0x11, 0x11, 0x19, 0x19, 0x11, 0x19, 0x19, 0x19, 0x19, 0x19, 0x19, 0x19, 
0x11, 0x11, 0x11, 0x11, 0x11, 0x19, 0x19, 0x19, 0x19, 0x21, 0x21, 0x21, 
0x19, 0x19, 0x21, 0x21, 0x19, 0x11, 0x19, 0x19, 0x11, 0x21, 0x19, 0x21, 
0x19, 0x19, 0x21, 0x19, 0x19, 0x29, 0x19, 0x21, 0x19, 0x19, 0x21, 0x21, 
0x21, 0x19, 0x21, 0x21, 0x19, 0x21, 0x19, 0x19, 0x21, 0x19, 0x19, 0x21, 
0x19, 0x21, 0x21, 0x19, 0x11, 0x19, 0x19, 0x21, 0x19, 0x19, 0x19, 0x19, 
0x19, 0x21, 0x19, 0x11, 0x19, 0x11, 0x11, 0x19, 0x11, 0x11, 0x11, 0x11, 
0x11, 0x11, 0x11, 0x11, 0x11, 0x11, 0x11, 0x11, 0x11, 0x11, 0x11, 0x11, 
0x11, 0x19, 0x11, 0x11, 0x19, 0x11, 0x11, 0x11, 0x19, 0x11, 0x11, 0x09, 
0x11, 0x09, 0x11, 0x11, 0x11, 0x11, 0x11, 0x11, 0x11, 0x11, 0x11, 0x11, 
0x11, 0x11, 0x11, 0x11, 0x11, 0x11, 0x09, 0x11, 0x11, 0x11, 0x11, 0x11, 
0x19, 0x11, 0x11, 0x11, 0x11, 0x11, 0x11, 0x11, 0x11, 0x19, 0x11, 0x19, 
0x11, 0x11, 0x21, 0x19, 0x19, 0x19, 0x19, 0x21, 0x29, 0x11, 0x19, 0x11, 
0x11, 0x19, 0x19, 0x11, 0x11, 0x19, 0x11, 0x11, 0x19, 0x19, 0x21, 0x19, 
0x19, 0x21, 0x19, 0x19, 0x11, 0x19, 0x19, 0x11, 0x11, 0x11, 0x19, 0x11, 
0x19, 0x21, 0x19, 0x21, 0x21, 0x21, 0x21, 0x19, 0x19, 0x19, 0x19, 0x19, 
0x21, 0x19, 0x19, 0x21, 0x19, 0x21, 0x21, 0x19, 0x21, 0x19, 0x21, 0x19, 
0x21, 0x19, 0x21, 0x19, 0x21, 0x19, 0x21, 0x21, 0x21, 0x21, 0x19, 0x21, 
0x19, 0x21, 0x19, 0x19, 0x19, 0x21, 0x19, 0x19, 0x19, 0x19, 0x19, 0x19, 
0x19, 0x19, 0x19, 0x19, 0x19, 0x19, 0x19, 0x11, 0x19, 0x19, 0x11, 0x19, 
0x11, 0x11, 0x19, 0x19, 0x11, 0x19, 0x19, 0x19, 0x11, 0x11, 0x11, 0x11, 
0x11, 0x19, 0x11, 0x11, 0x19, 0x11, 0x11, 0x11, 0x11, 0x11, 0x11, 0x19, 
0x09, 0x11, 0x11, 0x11, 0x11, 0x11, 0x11, 0x11, 0x11, 0x19, 0x11, 0x11, 
0x11, 0x19, 0x11, 0x19, 0x19, 0x11, 0x11, 0x11, 0x11, 0x19, 0x11, 0x11, 
0x11, 0x11, 0x11, 0x11, 0x11, 0x11, 0x09, 0x11, 0x19, 0x19, 0x11, 0x11, 
0x19, 0x11, 0x11, 0x11, 0x19, 0x21, 0x19, 0x19, 0x21, 0x19, 0x19, 0x19, 
0x19, 0x19, 0x19, 0x11, 0x19, 0x19, 0x19, 0x11, 0x11, 0x19, 0x19, 0x11, 
0x11, 0x19, 0x11, 0x19, 0x19, 0x11, 0x19, 0x11, 0x19, 0x19, 0x19, 0x11, 
0x19, 0x19, 0x11, 0x19, 0x19, 0x21, 0x21, 0x19, 0x21, 0x19, 0x19, 0x11, 
0x19, 0x19, 0x21, 0x19, 0x19, 0x21, 0x21, 0x19, 0x21, 0x21, 0x21, 0x21, 
0x21, 0x19, 0x19, 0x21, 0x19, 0x21, 0x19, 0x19, 0x19, 0x21, 0x21, 0x19, 
0x21, 0x21, 0x19, 0x19, 0x21, 0x19, 0x21, 0x21, 0x21, 0x21, 0x19, 0x19, 
0x19, 0x19, 0x19, 0x19, 0x19, 0x19, 0x19, 0x19, 0x19, 0x19, 0x19, 0x19, 
0x19, 0x19, 0x19, 0x19, 0x11, 0x11, 0x11, 0x11, 0x19, 0x11, 0x19, 0x19, 
0x11, 0x19, 0x19, 0x11, 0x11, 0x19, 0x19, 0x19, 0x11, 0x11, 0x11, 0x11, 
0x11, 0x11, 0x11, 0x11, 0x11, 0x11, 0x19, 0x19, 0x19, 0x19, 0x11, 0x11, 
0x11, 0x11, 0x11, 0x11, 0x19, 0x19, 0x19, 0x11, 0x19, 0x19, 0x11, 0x11, 
0x11, 0x11, 0x11, 0x19, 0x11, 0x11, 0x11, 0x11, 0x11, 0x11, 0x11, 0x11, 
0x11, 0x19, 0x11, 0x19, 0x19, 0x11, 0x19, 0x19, 0x19, 0x21, 0x19, 0x19, 
0x19, 0x19, 0x19, 0x19, 0x11, 0x19, 0x19, 0x11, 0x11, 0x11, 0x19, 0x19, 
0x19, 0x19, 0x11, 0x19, 0x11, 0x11, 0x19, 0x19, 0x19, 0x11, 0x19, 0x19, 
0x19, 0x19, 0x11, 0x11, 0x11, 0x11, 0x19, 0x11, 0x19, 0x21, 0x19, 0x19, 
0x21, 0x19, 0x11, 0x19, 0x19, 0x19, 0x21, 0x19, 0x19, 0x21, 0x19, 0x19, 
0x21, 0x19, 0x19, 0x19, 0x21, 0x19, 0x21, 0x21, 0x19, 0x21, 0x21, 0x19, 
0x19, 0x19, 0x19, 0x21, 0x21, 0x19, 0x21, 0x19, 0x19, 0x19, 0x19, 0x19, 
0x21, 0x21, 0x19, 0x19, 0x19, 0x19, 0x19, 0x19, 0x19, 0x19, 0x19, 0x21, 
0x19, 0x19, 0x19, 0x19, 0x19, 0x19, 0x19, 0x11, 0x11, 0x11, 0x11, 0x19, 
0x11, 0x19, 0x19, 0x19, 0x11, 0x19, 0x11, 0x11, 0x19, 0x11, 0x11, 0x11, 
0x11, 0x19, 0x11, 0x11, 0x11, 0x09, 0x11, 0x19, 0x19, 0x11, 0x19, 0x19, 
0x11, 0x11, 0x19, 0x11, 0x11, 0x11, 0x11, 0x19, 0x11, 0x11, 0x11, 0x11, 
0x11, 0x11, 0x19, 0x11, 0x11, 0x11, 0x11, 0x11, 0x11, 0x11, 0x11, 0x11, 
0x11, 0x11, 0x19, 0x11, 0x11, 0x19, 0x19, 0x19, 0x19, 0x19, 0x19, 0x21, 
0x11, 0x11, 0x19, 0x19, 0x11, 0x19, 0x19, 0x19, 0x19, 0x19, 0x21, 0x19, 
0x19, 0x21, 0x19, 0x11, 0x19, 0x11, 0x19, 0x11, 0x11, 0x11, 0x19, 0x11, 
0x11, 0x19, 0x19, 0x19, 0x19, 0x19, 0x19, 0x11, 0x11, 0x11, 0x11, 0x11, 
0x19, 0x19, 0x19, 0x11, 0x19, 0x19, 0x11, 0x19, 0x19, 0x21, 0x19, 0x19, 
0x19, 0x21, 0x19, 0x21, 0x19, 0x21, 0x19, 0x19, 0x19, 0x19, 0x21, 0x19, 
0x19, 0x21, 0x19, 0x21, 0x21, 0x21, 0x21, 0x21, 0x19, 0x19, 0x19, 0x21, 
0x21, 0x19, 0x19, 0x21, 0x19, 0x11, 0x19, 0x19, 0x11, 0x19, 0x19, 0x21, 
0x19, 0x21, 0x19, 0x19, 0x19, 0x11, 0x11, 0x11, 0x19, 0x19, 0x19, 0x19, 
0x19, 0x11, 0x19, 0x11, 0x19, 0x19, 0x11, 0x11, 0x19, 0x11, 0x11, 0x11, 
0x11, 0x11, 0x19, 0x19, 0x19, 0x19, 0x11, 0x11, 0x11, 0x19, 0x11, 0x11, 
0x11, 0x11, 0x11, 0x11, 0x11, 0x11, 0x11, 0x11, 0x11, 0x11, 0x19, 0x19, 
0x11, 0x19, 0x19, 0x11, 0x19, 0x19, 0x11, 0x11, 0x11, 0x11, 0x11, 0x11, 
0x11, 0x11, 0x11, 0x11, 0x11, 0x19, 0x19, 0x19, 0x19, 0x11, 0x19, 0x11, 
0x19, 0x19, 0x19, 0x19, 0x11, 0x11, 0x11, 0x11, 0x19, 0x19, 0x19, 0x21, 
0x19, 0x21, 0x19, 0x21, 0x19, 0x19, 0x19, 0x11, 0x11, 0x11, 0x11, 0x11, 
0x11, 0x09, 0x11, 0x19, 0x19, 0x21, 0x21, 0x19, 0x21, 0x11, 0x19, 0x19, 
0x11, 0x19, 0x21, 0x19, 0x19, 0x19, 0x11, 0x11, 0x11, 0x11, 0x11, 0x19, 
0x19, 0x19, 0x19, 0x21, 0x19, 0x19, 0x21, 0x19, 0x19, 0x19, 0x19, 0x19, 
0x21, 0x19, 0x19, 0x21, 0x19, 0x21, 0x21, 0x21, 0x19, 0x19, 0x21, 0x19, 
0x19, 0x21, 0x21, 0x19, 0x21, 0x19, 0x21, 0x19, 0x19, 0x19, 0x19, 0x19, 
0x19, 0x19, 0x19, 0x19, 0x19, 0x19, 0x19, 0x19, 0x19, 0x11, 0x19, 0x19, 
0x11, 0x19, 0x19, 0x19, 0x11, 0x11, 0x19, 0x11, 0x19, 0x11, 0x11, 0x11, 
0x11, 0x19, 0x11, 0x11, 0x11, 0x19, 0x11, 0x11, 0x19, 0x19, 0x11, 0x11, 
0x11, 0x11, 0x11, 0x11, 0x11, 0x11, 0x19, 0x09, 0x11, 0x11, 0x11, 0x11, 
0x11, 0x19, 0x19, 0x19, 0x11, 0x19, 0x11, 0x11, 0x11, 0x11, 0x19, 0x11, 
0x11, 0x11, 0x11, 0x11, 0x19, 0x19, 0x11, 0x19, 0x11, 0x19, 0x19, 0x11, 
0x19, 0x19, 0x19, 0x11, 0x19, 0x19, 0x19, 0x11, 0x19, 0x11, 0x19, 0x19, 
0x19, 0x19, 0x19, 0x19, 0x21, 0x21, 0x19, 0x19, 0x19, 0x19, 0x19, 0x19, 
0x19, 0x19, 0x19, 0x11, 0x11, 0x11, 0x21, 0x19, 0x21, 0x19, 0x19, 0x21, 
0x11, 0x19, 0x19, 0x19, 0x11, 0x21, 0x19, 0x19, 0x11, 0x19, 0x11, 0x11, 
0x19, 0x19, 0x19, 0x21, 0x19, 0x19, 0x21, 0x19, 0x19, 0x21, 0x19, 0x19, 
0x19, 0x19, 0x21, 0x19, 0x19, 0x19, 0x19, 0x19, 0x19, 0x19, 0x19, 0x21, 
0x19, 0x19, 0x21, 0x21, 0x19, 0x21, 0x19, 0x21, 0x19, 0x19, 0x19, 0x21, 
0x19, 0x19, 0x19, 0x19, 0x19, 0x19, 0x19, 0x21, 0x19, 0x19, 0x19, 0x11, 
0x19, 0x19, 0x19, 0x19, 0x19, 0x11, 0x19, 0x11, 0x19, 0x11, 0x11, 0x11, 
0x19, 0x11, 0x19, 0x11, 0x19, 0x11, 0x11, 0x11, 0x19, 0x11, 0x11, 0x11, 
0x11, 0x19, 0x09, 0x11, 0x09, 0x11, 0x09, 0x11, 0x11, 0x11, 0x11, 0x11, 
0x11, 0x19, 0x11, 0x11, 0x11, 0x19, 0x11, 0x19, 0x19, 0x11, 0x11, 0x11, 
0x11, 0x11, 0x11, 0x11, 0x11, 0x19, 0x11, 0x11, 0x11, 0x11, 0x19, 0x11, 
0x19, 0x11, 0x19, 0x11, 0x11, 0x11, 0x11, 0x11, 0x11, 0x11, 0x19, 0x11, 
0x19, 0x21, 0x19, 0x19, 0x21, 0x21, 0x21, 0x21, 0x19, 0x21, 0x19, 0x19, 
0x19, 0x21, 0x19, 0x19, 0x19, 0x11, 0x11, 0x11, 0x11, 0x19, 0x19, 0x19, 
0x21, 0x21, 0x19, 0x19, 0x19, 0x19, 0x11, 0x11, 0x19, 0x11, 0x11, 0x11, 
0x11, 0x11, 0x11, 0x19, 0x19, 0x21, 0x19, 0x21, 0x19, 0x19, 0x19, 0x19, 
0x19, 0x19, 0x21, 0x19, 0x21, 0x19, 0x19, 0x19, 0x21, 0x21, 0x19, 0x19, 
0x19, 0x21, 0x19, 0x19, 0x19, 0x19, 0x21, 0x19, 0x19, 0x21, 0x19, 0x21, 
0x21, 0x21, 0x19, 0x19, 0x19, 0x19, 0x19, 0x21, 0x11, 0x19, 0x19, 0x19, 
0x19, 0x19, 0x19, 0x19, 0x19, 0x19, 0x19, 0x19, 0x19, 0x19, 0x11, 0x11, 
0x11, 0x11, 0x11, 0x11, 0x11, 0x11, 0x19, 0x11, 0x11, 0x11, 0x11, 0x11, 
0x11, 0x11, 0x11, 0x19, 0x11, 0x19, 0x11, 0x11, 0x11, 0x11, 0x11, 0x11, 
0x11, 0x11, 0x11, 0x19, 0x19, 0x19, 0x11, 0x11, 0x09, 0x11, 0x19, 0x19, 
0x11, 0x11, 0x11, 0x11, 0x11, 0x11, 0x11, 0x19, 0x11, 0x11, 0x11, 0x11, 
0x11, 0x11, 0x11, 0x11, 0x11, 0x09, 0x11, 0x19, 0x11, 0x11, 0x11, 0x11, 
0x11, 0x19, 0x19, 0x19, 0x19, 0x19, 0x19, 0x21, 0x19, 0x21, 0x21, 0x19, 
0x21, 0x19, 0x21, 0x19, 0x19, 0x19, 0x19, 0x11, 0x11, 0x11, 0x19, 0x19, 
0x11, 0x19, 0x19, 0x21, 0x19, 0x19, 0x21, 0x19, 0x19, 0x19, 0x21, 0x21, 
0x19, 0x19, 0x19, 0x11, 0x19, 0x11, 0x19, 0x19, 0x19, 0x19, 0x19, 0x21, 
0x19, 0x21, 0x21, 0x21, 0x21, 0x19, 0x19, 0x19, 0x19, 0x19, 0x19, 0x19, 
0x21, 0x19, 0x21, 0x21, 0x19, 0x19, 0x19, 0x19, 0x21, 0x19, 0x19, 0x19, 
0x19, 0x19, 0x21, 0x19, 0x21, 0x19, 0x19, 0x19, 0x21, 0x19, 0x19, 0x21, 
0x19, 0x19, 0x21, 0x19, 0x19, 0x19, 0x19, 0x19, 0x19, 0x19, 0x19, 0x19, 
0x11, 0x19, 0x11, 0x19, 0x19, 0x11, 0x19, 0x11, 0x11, 0x11, 0x11, 0x11, 
0x11, 0x11, 0x11, 0x11, 0x11, 0x11, 0x19, 0x19, 0x11, 0x19, 0x11, 0x11, 
0x11, 0x11, 0x19, 0x19, 0x19, 0x11, 0x11, 0x19, 0x19, 0x11, 0x11, 0x11, 
0x11, 0x11, 0x11, 0x11, 0x19, 0x11, 0x11, 0x19, 0x19, 0x19, 0x11, 0x11, 
0x11, 0x11, 0x11, 0x11, 0x11, 0x11, 0x19, 0x19, 0x11, 0x11, 0x11, 0x11, 
0x11, 0x11, 0x11, 0x19, 0x19, 0x19, 0x19, 0x21, 0x19, 0x19, 0x19, 0x19, 
0x21, 0x21, 0x19, 0x19, 0x21, 0x19, 0x19, 0x11, 0x11, 0x11, 0x11, 0x11, 
0x11, 0x19, 0x19, 0x19, 0x11, 0x19, 0x19, 0x19, 0x21, 0x19, 0x19, 0x19, 
0x19, 0x19, 0x19, 0x21, 0x19, 0x19, 0x19, 0x11, 0x11, 0x19, 0x19, 0x19, 
0x19, 0x19, 0x19, 0x19, 0x19, 0x19, 0x19, 0x19, 0x21, 0x19, 0x19, 0x19, 
0x19, 0x19, 0x19, 0x19, 0x21, 0x19, 0x21, 0x19, 0x19, 0x19, 0x21, 0x21, 
0x21, 0x19, 0x19, 0x21, 0x19, 0x19, 0x19, 0x19, 0x19, 0x19, 0x19, 0x19, 
0x19, 0x19, 0x19, 0x19, 0x19, 0x21, 0x19, 0x19, 0x19, 0x19, 0x19, 0x19, 
0x19, 0x19, 0x19, 0x11, 0x11, 0x19, 0x11, 0x19, 0x19, 0x11, 0x19, 0x19, 
0x11, 0x11, 0x11, 0x11, 0x19, 0x11, 0x11, 0x11, 0x19, 0x11, 0x11, 0x11, 
0x11, 0x19, 0x11, 0x19, 0x11, 0x11, 0x11, 0x11, 0x11, 0x19, 0x11, 0x11, 
0x11, 0x11, 0x11, 0x11, 0x11, 0x09, 0x11, 0x11, 0x11, 0x19, 0x19, 0x11, 
0x09, 0x11, 0x11, 0x11, 0x11, 0x11, 0x11, 0x11, 0x11, 0x11, 0x11, 0x19, 
0x11, 0x11, 0x11, 0x11, 0x19, 0x11, 0x19, 0x19, 0x11, 0x19, 0x11, 0x19, 
0x11, 0x19, 0x19, 0x11, 0x19, 0x19, 0x21, 0x21, 0x21, 0x19, 0x19, 0x11, 
0x11, 0x19, 0x19, 0x19, 0x11, 0x19, 0x19, 0x19, 0x11, 0x11, 0x19, 0x19, 
0x19, 0x19, 0x19, 0x19, 0x19, 0x11, 0x19, 0x19, 0x11, 0x11, 0x11, 0x11, 
0x19, 0x11, 0x19, 0x21, 0x19, 0x21, 0x19, 0x21, 0x21, 0x19, 0x21, 0x21, 
0x21, 0x19, 0x19, 0x19, 0x19, 0x19, 0x21, 0x19, 0x19, 0x19, 0x21, 0x19, 
0x11, 0x19, 0x19, 0x21, 0x19, 0x19, 0x21, 0x19, 0x19, 0x19, 0x19, 0x19, 
0x19, 0x19, 0x19, 0x19, 0x19, 0x19, 0x11, 0x19, 0x19, 0x11, 0x11, 0x19, 
0x19, 0x19, 0x19, 0x19, 0x11, 0x19, 0x11, 0x11, 0x19, 0x11, 0x19, 0x19, 
0x11, 0x11, 0x19, 0x19, 0x19, 0x11, 0x19, 0x11, 0x19, 0x11, 0x11, 0x11, 
0x11, 0x11, 0x11, 0x11, 0x11, 0x19, 0x11, 0x19, 0x11, 0x11, 0x11, 0x11, 
0x09, 0x11, 0x19, 0x11, 0x11, 0x11, 0x11, 0x11, 0x11, 0x11, 0x11, 0x11, 
0x11, 0x19, 0x19, 0x11, 0x19, 0x11, 0x11, 0x19, 0x11, 0x11, 0x11, 0x11, 
0x11, 0x11, 0x11, 0x11, 0x11, 0x19, 0x11, 0x11, 0x11, 0x11, 0x19, 0x19, 
0x19, 0x19, 0x19, 0x19, 0x21, 0x19, 0x19, 0x21, 0x21, 0x19, 0x21, 0x19, 
0x21, 0x19, 0x11, 0x11, 0x11, 0x19, 0x19, 0x11, 0x19, 0x19, 0x11, 0x11, 
0x19, 0x19, 0x19, 0x19, 0x19, 0x21, 0x21, 0x21, 0x21, 0x19, 0x19, 0x11, 
0x11, 0x11, 0x11, 0x11, 0x11, 0x19, 0x19, 0x19, 0x11, 0x19, 0x19, 0x19, 
0x21, 0x19, 0x21, 0x19, 0x19, 0x19, 0x19, 0x19, 0x19, 0x19, 0x19, 0x19, 
0x21, 0x21, 0x19, 0x19, 0x19, 0x21, 0x19, 0x21, 0x19, 0x11, 0x19, 0x21, 
0x19, 0x19, 0x19, 0x19, 0x21, 0x19, 0x21, 0x11, 0x19, 0x19, 0x21, 0x19, 
0x21, 0x21, 0x19, 0x19, 0x19, 0x19, 0x19, 0x19, 0x11, 0x11, 0x09, 0x11, 
0x11, 0x11, 0x11, 0x19, 0x19, 0x19, 0x11, 0x11, 0x19, 0x11, 0x11, 0x11, 
0x19, 0x19, 0x19, 0x11, 0x11, 0x11, 0x11, 0x11, 0x19, 0x11, 0x11, 0x11, 
0x09, 0x11, 0x11, 0x11, 0x11, 0x11, 0x11, 0x11, 0x11, 0x09, 0x11, 0x11, 
0x11, 0x11, 0x11, 0x11, 0x19, 0x11, 0x11, 0x11, 0x19, 0x19, 0x19, 0x19, 
0x19, 0x11, 0x11, 0x11, 0x11, 0x11, 0x11, 0x19, 0x11, 0x19, 0x19, 0x19, 
0x19, 0x11, 0x19, 0x19, 0x19, 0x19, 0x19, 0x19, 0x19, 0x21, 0x19, 0x21, 
0x19, 0x19, 0x21, 0x19, 0x11, 0x11, 0x19, 0x19, 0x19, 0x19, 0x19, 0x19, 
0x19, 0x19, 0x19, 0x19, 0x11, 0x19, 0x19, 0x19, 0x19, 0x19, 0x21, 0x19, 
0x19, 0x19, 0x19, 0x19, 0x11, 0x19, 0x19, 0x19, 0x19, 0x21, 0x19, 0x19, 
0x21, 0x19, 0x19, 0x21, 0x19, 0x21, 0x21, 0x19, 0x21, 0x19, 0x11, 0x11, 
0x19, 0x21, 0x19, 0x19, 0x19, 0x19, 0x19, 0x21, 0x19, 0x21, 0x19, 0x19, 
0x19, 0x19, 0x19, 0x19, 0x21, 0x19, 0x19, 0x19, 0x19, 0x19, 0x19, 0x19, 
0x19, 0x19, 0x19, 0x19, 0x19, 0x19, 0x19, 0x11, 0x19, 0x19, 0x19, 0x11, 
0x19, 0x19, 0x19, 0x11, 0x19, 0x11, 0x19, 0x19, 0x11, 0x11, 0x19, 0x11, 
0x19, 0x11, 0x11, 0x11, 0x11, 0x11, 0x19, 0x19, 0x19, 0x11, 0x11, 0x11, 
0x09, 0x11, 0x11, 0x11, 0x11, 0x11, 0x11, 0x11, 0x11, 0x11, 0x09, 0x11, 
0x11, 0x11, 0x11, 0x11, 0x11, 0x11, 0x11, 0x11, 0x19, 0x19, 0x19, 0x19, 
0x19, 0x11, 0x11, 0x11, 0x19, 0x11, 0x11, 0x11, 0x11, 0x11, 0x11, 0x11, 
0x11, 0x11, 0x11, 0x11, 0x19, 0x19, 0x19, 0x11, 0x19, 0x19, 0x19, 0x11, 
0x19, 0x19, 0x19, 0x19, 0x19, 0x19, 0x19, 0x11, 0x11, 0x19, 0x19, 0x11, 
0x11, 0x11, 0x19, 0x19, 0x11, 0x11, 0x11, 0x11, 0x19, 0x11, 0x11, 0x11, 
0x19, 0x19, 0x19, 0x19, 0x19, 0x11, 0x11, 0x11, 0x11, 0x11, 0x19, 0x11, 
0x19, 0x19, 0x21, 0x19, 0x19, 0x19, 0x21, 0x21, 0x19, 0x19, 0x21, 0x19, 
0x19, 0x19, 0x19, 0x19, 0x21, 0x19, 0x19, 0x19, 0x19, 0x19, 0x19, 0x19, 
0x21, 0x19, 0x19, 0x19, 0x21, 0x19, 0x21, 0x21, 0x21, 0x11, 0x19, 0x19, 
0x21, 0x19, 0x21, 0x21, 0x19, 0x19, 0x19, 0x19, 0x19, 0x19, 0x19, 0x19, 
0x19, 0x19, 0x19, 0x19, 0x19, 0x19, 0x19, 0x19, 0x19, 0x19, 0x19, 0x19, 
0x11, 0x11, 0x11, 0x19, 0x11, 0x11, 0x11, 0x19, 0x11, 0x11, 0x19, 0x11, 
0x11, 0x19, 0x19, 0x11, 0x11, 0x11, 0x11, 0x11, 0x11, 0x11, 0x11, 0x11, 
0x09, 0x11, 0x11, 0x11, 0x11, 0x11, 0x11, 0x19, 0x11, 0x11, 0x11, 0x19, 
0x19, 0x19, 0x19, 0x11, 0x19, 0x11, 0x11, 0x11, 0x11, 0x11, 0x19, 0x11, 
0x19, 0x19, 0x19, 0x11, 0x19, 0x19, 0x19, 0x11, 0x19, 0x19, 0x19, 0x19, 
0x19, 0x19, 0x19, 0x19, 0x19, 0x21, 0x19, 0x11, 0x11, 0x19, 0x19, 0x19, 
0x21, 0x21, 0x21, 0x19, 0x19, 0x19, 0x19, 0x19, 0x11, 0x11, 0x19, 0x19, 
0x19, 0x19, 0x19, 0x19, 0x19, 0x19, 0x19, 0x19, 0x11, 0x11, 0x11, 0x11, 
0x19, 0x19, 0x21, 0x19, 0x21, 0x19, 0x19, 0x21, 0x19, 0x19, 0x19, 0x19, 
0x19, 0x21, 0x21, 0x21, 0x19, 0x19, 0x19, 0x19, 0x19, 0x19, 0x21, 0x19, 
0x21, 0x19, 0x21, 0x19, 0x19, 0x19, 0x19, 0x21, 0x19, 0x19, 0x19, 0x19, 
0x19, 0x19, 0x19, 0x19, 0x19, 0x19, 0x19, 0x21, 0x21, 0x19, 0x19, 0x19, 
0x19, 0x21, 0x19, 0x19, 0x19, 0x19, 0x19, 0x19, 0x11, 0x19, 0x11, 0x11, 
0x11, 0x19, 0x11, 0x19, 0x11, 0x19, 0x11, 0x11, 0x19, 0x11, 0x11, 0x11, 
0x11, 0x19, 0x19, 0x11, 0x11, 0x19, 0x11, 0x11, 
};
const unsigned int image_data_len = 19040;
