:1000000050990020310B010021CF01001D0B010090
:100010001D0B01001D0B01001D0B01000000000065
:10002000000000000000000000000000910C010032
:100030001D0B010000000000390C01001D0B010028
:10004000150E010001ED0100150E0100150E010055
:10005000150E0100150E0100150E0100150E010010
:10006000B7EC0100150E0100150E0100EBEC0100CC
:10007000150E0100150E0100150E0100150E0100F0
:10008000150E0100150E0100150E0100150E0100E0
:10009000150E0100150E0100150E0100150E0100D0
:1000A000150E0100150E0100150E0100150E0100C0
:1000B000150E0100150E0100150E0100150E0100B0
:1000C000150E0100150E0100150E0100150E0100A0
:0C00D000150E0100150E0100150E0100B8
:1000DC00064B074A5B7802604FF41C728280C37136
:1000EC000822002382710372704700BF180E002093
:1000FC0011E10000064B074A9B7802604FF49072A6
:10010C008280C3710822FF2382710372704700BF83
:10011C00180E002087DC0000F8B5C41D002824F060
:10012C000704054614BF2046002000F03FFB071EC5
:10013C0002DA6FF00B00F8BD0DB9FC42F9D4294E70
:10014C003189F088F37AB27A0331033089B280B204
:10015C000BF04AFB0028ECDB317873783C44033419
:10016C00002D194424F0030400FB01F114BF2046B8
:10017C00002000F0A7FC20440DB90028D9DBB27890
:10018C000346B2B1F17CF37811441944FF29D0DC59
:10019C000330002D20F0030414BF20460020F28908
:1001AC00C9B200F0FFFC031EC3DB23440DB9002BC6
:1001BC00BFDB317C81B1B27872B10733002D23F0F3
:1001CC00070414BF2046002004F06AF8031EB0DBBD
:1001DC0023440DB9002BACDB002D0CBF18460020BE
:1001EC00A9E700BF180E00201FB572B6184BDD6AC8
:1001FC00E5B9BFF34F8F1749174BCA6802F4E06299
:10020C001343CB60BFF34F8F00BFFDE7B2FBF6F299
:10021C00DCB20133002AF9D104F110036B4403F86A
:10022C000C2C0A2234B901A8A847E2E702460023A5
:10023C000A26EDE7631E04AEDCB256FA83F3B0FB7C
:10024C00F2F602FB1600303003F80C0C3046E9E7EE
:10025C00180E002000ED00E00400FA0507B50C4B69
:10026C00DA7A8DF801209A7A8DF8002068461A897E
:10027C00DB88ADF80420ADF8023002F081FB18B138
:10028C00DB210320FFF7B0FF03B05DF804FB00BFD8
:10029C00180E002038B5054668B30AF019F910B9E4
:1002AC004FF0FF3038BD07F06DFBB0F5FA7FF7D893
:1002BC00134C1448E562002500F0F2F92A22294675
:1002CC00204684F830500AF097FC01236370A37029
:1002DC001B23E380238140F2032363811F23E381EB
:1002EC0008232374EFF3108472B600F031FD2CB99F
:1002FC0062B62046D6E76FF01500D3E72846D1E763
:10030C00180E00206902000010B5002842D1244CC0
:10031C0094F83030032B3AD059B1002A3DD0023931
:10032C00052937D8DFE801F0031428362B2E137873
:10033C0063700020FFF7F0FE0028B7BF01230223F3
:10034C0084F830306FF00B00A8BF84F8303010BD4B
:10035C00137913B3537903B31188FB291DD81A29C8
:10036C0053881AD91B3BE02B17D81368C4F80630F6
:10037C000C4B92889A80DCE71378A370D9E713882A
:10038C00E381D6E71388FF2B07D82374D1E74FF00E
:10039C00FF30DCE76FF02C00D9E76FF01500D6E7E3
:1003AC00180E00201E0E0020F8B50D46064630B380
:1003BC0029B311F0070422D1124F97F83030012BDA
:1003CC0002D16FF00B00F8BD032B02D14FF0FF30C0
:1003DC00F9E700F09DF80028F8D02846FFF79CFEBE
:1003EC000028EEDB0DF0EFFE3046214602F05CFB00
:1003FC00FFF734FF032387F830302046E3E76FF034
:10040C001500E0E7180E002010B5074C94F83030BA
:10041C00032B03D102F060FB03F03CFA0BF0DAFA89
:10042C00002084F8300010BD180E002050B1074B8E
:10043C0003F1140253F8041B40F8041B9342F9D146
:10044C00002070476FF01500704700BF1E2B020094
:10045C0010B5074B93F830403CB902F0EFFA01208D
:10046C00044900F09BF9204610BD4FF0FF30FBE72C
:10047C00180E00200101000010B5074B93F8304016
:10048C003CB902F0EFFA2046044900F087F9204607
:10049C0010BD4FF0FF30FBE7180E0020DD00000010
:1004AC0010B5054B93F830401CB902F093FA204676
:1004BC0010BD4FF0FF30FBE7180E002010B5054BB8
:1004CC0093F830401CB90CF0FCFA204610BD4FF0EC
:1004DC00FF30FBE7180E002010B5054B93F83040A9
:1004EC001CB90CF0F1FA204610BD4FF0FF30FBE7C1
:1004FC00180E0020024B02681A600020704700BFE3
:10050C004C0E0020014B1B68184700BF4C0E0020FE
:10051C00024B1868003818BF012070474C0E0020A1
:10052C002DE9F743294E0446071D2848376003F090
:10053C00C9F90228054607D1244920460AF0ABFC2C
:10054C00284603B0BDE8F083042838D13378072B54
:10055C0018D13E2000F050F878B9F378327901A91F
:10056C0043EA02236846ADF800300AF00DFF00287C
:10057C00DBD053210820FFF737FE052000F07CF874
:10058C000028EAD0314620460AF0EAFCB0F5817F1B
:10059C0001D37221EEE70028C7D094F8008094F8BC
:1005AC000290404600F028F80028BED0B8F13E0F6B
:1005BC00C6D1484600F060F80028C1D1B5E708283C
:1005CC00BED1024920460AF095FCB9E7500E002036
:1005DC00074B4FF0FF3141F6FF72C3E9001205499A
:1005EC000022C1E900221F21C3E90212704700BF9B
:1005FC00C0040020940E00203F280CD801380B4B6F
:10060C00C0F3421200F01F0053F8223023FA00F01E
:10061C0000F001007047FF2806D04038C0F34212AA
:10062C00034B00F01F00EFE701207047C0040020CF
:10063C00940E00200146074B006849681A4603C215
:10064C0040F48C221A6041F0107242F4FF625A603E
:10065C00704700BFC00400200246024B006851687E
:10066C0003C37047940E00200246024B0068516889
:10067C0003C37047C8040020FD281ABF00F1FF30E7
:10068C00C0B23F20054B420903EB820300F01F0070
:10069C009B6823FA00F000F001007047C0040020B2
:1006AC00014B1860704700BF9C0E002010B5FFF77F
:1006BC008FFF0BF055FE034B1B68044603B19847A4
:1006CC00204610BD9C0E00200B880288F0B5C3F3A9
:1006DC000E049EB204F11803C57CC35A02352A4499
:1006EC002B4497B213FA82F3013B4288B3FBF7F326
:1006FC0013FB07439BB29A42044A93BF22EA0603B8
:10070C00324013439BB20B80F0BD00BF0080FFFF53
:10071C004A1E062A08B50346084604D84FF4D17180
:10072C001520FFF761FD094A914202D940F2A3114D
:10073C00F6E711B903B1196008BD2BB11B68002293
:10074C00C3E901211A1D1A600430F5E7FAFFFF7F97
:10075C0010B5114B00EB41041A786389B3FBF2F32B
:10076C0003FB0223013A1A44B2F5706F027928BFD9
:10077C0000231A448378B2FBF3F0194403FB1020D6
:10078C00091AB1FBF3F003FB101313446FEA434354
:10079C006FEA5343638110BDA00E0020024B03EBA4
:1007AC0080035960704700BFA00E00202DE9F04F68
:1007BC0010F0070A85B0054604D040F261111720ED
:1007CC00FFF712FD554F07F10C06B1460446B04633
:1007DC004FF0010B57F8043B8DF80BA03BB101A86F
:1007EC0098479DF80A30082B01D9E821E7E79DF8D6
:1007FC000B1081BB05B13160B94506F10406E9D196
:10080C002DB3DFF81CE100238EF800301E460222C7
:10081C0058F82200013A60B190F804A08178BAF13E
:10082C00FF0F66D14FF000078E4207713CBFCEB26E
:10083C000123511CECD10BB18EF80060022640F65E
:10084C00FF6A58F82670002F65D1013EF9D2601B63
:10085C0005B0BDE8F08F9DF80AC0BCF1020FE6466A
:10086C0001F1050238BF4FF0020E0EF1FF3004EB20
:10087C0042040444CEF100002040BDF8084064441A
:10088C00013CCCF1000C04EA0C04B4F5803F4FEAB7
:10089C00420301D3F82192E775B1C31A3360997002
:1008AC001C8083F803B09DF80C201A71019A1A81F0
:1008BC004FEA124CA3F806C004FB01049CE758F85D
:1008CC002C90B9F1000F06D099F804B0D34504BFB1
:1008DC0099F802904F440CF1FF3CBCF1000FEEDA9A
:1008EC003944FF29A0D90BB18EF8006040F22711D2
:1008FC0065E794460027F0E707EB41033846A3F879
:10090C000AA0FFF725FF09F10109BB785FFA89F10D
:10091C008B42F1D899E74FF00009F6E7A40E0020BE
:10092C00A00E0020F8B54FF6FF730380184B03EBB5
:10093C00810305461869B8B186780379B3FBF6F2E2
:10094C0006FB1233DBB219460A1D00EB4202B2F968
:10095C0002705488002F09DB0131B1FBF6F206FB63
:10096C001211C9B28B42EFD10020F8BDFF29FBD088
:10097C00C4F30E03C4782B8024B94FF4D57117201F
:10098C00FFF732FC5380BDE8F8400AF00CBF00BF03
:10099C00A00E00201D4B03EB810370B51C690546AE
:1009AC0044B3030404D54FF4DC711720FFF71CFC8F
:1009BC00014620460AF0D9FEFF28014604D0204605
:1009CC00BDE870400AF0EFBEA078B5FBF0F300FB79
:1009DC001353DBB219460A1D04EB4206B6F902604A
:1009EC00002E09DB0131B1FBF0F200FB1211C9B290
:1009FC008B42F0D1002070BDFF29FBD08B4204EB61
:100A0C0042021CBF0023E3705580D8E7A00E0020E3
:100A1C00094B03EB810310B51C69014620460AF013
:100A2C00A4FEFF28014604D02046BDE810400AF081
:100A3C00BABE002010BD00BFA00E0020F8B5104BB0
:100A4C0003EB810307461C69014620460AF08DFE24
:100A5C00FF28054611D0E688238953EA064606D0BE
:100A6C00014620460AF09FFE01463846B047204614
:100A7C002946FFF76DFE0020F8BD0520FCE700BFFE
:100A8C00A00E002038B50E4B827903EB820304468E
:100A9C00186908B9052038BD8278E1799142F9D2FC
:100AAC004B1CE37100EB41035D89B3F90A30002B59
:100ABC00F3DBA5800AF077FE20600020EBE700BF97
:100ACC00A00E002070B5044610F003000E4603D0B3
:100ADC004F211820FFF788FBFFF71AFE054624B1BB
:100AEC00034831460460FFF713FE284670BD00BF73
:100AFC00BC0E00202DE9F14FDFF870B09DF828A056
:100B0C009DF82C901E46DBF8003007460D469046AB
:100B1C001BB961211820FFF767FB5246092140469B
:100B2C000AF093FC4A4684B2092130460AF08DFC47
:100B3C0014FA80F1DBF800000AF0ECFD386018B90B
:100B4C00286001B0BDE8F08F04442C60386853462F
:100B5C00414609220AF032FC28684B4609223146EC
:100B6C0001B0BDE8F04F0AF029BC00BFBC0E00205C
:100B7C0070B50E4604460AF07BFC054630460AF07A
:100B8C0077FC044B2A1821461868BDE870400AF01F
:100B9C00E5BD00BFBC0E0020014B18680AF0AEBDCD
:100BAC00BC0E00201F2AF8B5044613460ED892003E
:100BBC00033222F00303B3F5803F2DD2184DACB1B4
:100BCC00A00710D05F210920FFF70EFBFF2B4FEA87
:100BDC00420204D9FF339A42A8BF1A46E8E77C2A9E
:100BEC00B8BF7C22E4E729706C602B8122F00302F1
:100BFC0001EB81031204D80001276B68120C00254D
:100C0C00EEB28E4200D3F8BD14B126181F705E6090
:100C1C00104401352833F3E74FF0FF30F3E700BF02
:100C2C00C00E002038B5144A147853680021C8B29D
:100C3C00844203D8AB210920FFF7D6FA18460131BC
:100C4C0005782833002DF2D00021817001241289FF
:100C5C00447044688161C161920800F12001051D56
:100C6C0021F8022B994245F8044B1444F8D1002387
:100C7C004361037038BD00BFC00E00202DE9F8435E
:100C8C004B7880460C4602F0040602F0FB07D3B109
:100C9C00DFB12E4BD4F804901D89B7BB01236370D0
:100CAC00AD08A761E76104F120034A46211D04F158
:100CBC00280023F8025B984241F8042B2A44F8D10F
:100CCC000023636101E0002FE3D0FF23A370002E0B
:100CDC0018BF0226A3191B7D032B03D1022F1CBFA7
:100CEC000136F6B2A31901221A7506F10C0204EBB7
:100CFC008606002324F812307268A370C8F800200E
:100D0C00A8F804304046BDE8F88300211422617035
:100D1C00A01809F071FFB5F5FF7F0FD26B08ED1A23
:100D2C00ADB209EB0502C4F804902584A26063847B
:100D3C00C4F80C90A5842261E384C6E7B5F5EE6F88
:100D4C004FF0FF03EBD940F27265EAE7C00E0020CA
:100D5C00134B012200214FF0FF309A60C3F80012B0
:100D6C00C3F80803C3F80015C3F804259A60C3F848
:100D7C000803C3F80015C3F804250A490A4A03F509
:100D8C0080334FF40040C3F80825C1F88000BFF34E
:100D9C004F8FBFF36F8FC1F88001C3F808257047E0
:100DAC0000F0004000E100E00000F63F0A46192385
:100DBC0002F8033B0448C368C1F80330036953606D
:100DCC0043699360704700BFCC0E0020024B5A8CD5
:100DDC0002435A845B6A1847CC0E0020014B002159
:100DEC005B6A1847CC0E002010B5154C05F056FE6A
:100DFC0005F0EEF9208DFFF7F1FF237E63B122465B
:100E0C00104952F80C3BE3606368536004F119001D
:100E1C00A36893600CF0EEFA0B4B228D93E8030061
:100E2C0003F0C8FA236B188803F0EEF9A36B94F85F
:100E3C00341094F835009847002384F83C3010BDEA
:100E4C00CC0E0020B90D0000F80E0020034B93F8D7
:100E5C003C300BB1FFF7C8BF704700BFCC0E002071
:100E6C0070B51E4C256B636C236495F88C3006466C
:100E7C0094F848000BB10430C0B295F869102EB943
:100E8C00FF2803D195F868308B4201D005F0A2FC05
:100E9C0095F88C30E3B1E06C05F0A0FE012384F8EA
:100EAC006830D5F8E8302366E16CD5F8EC30206C6E
:100EBC00636605F043F916B9304605F0D7FE95F890
:100ECC006810002005F01CFF022384F83C3070BD34
:100EDC00206C05F083FE05F07BF9ECE7CC0E0020CE
:100EEC0008B5094B93F83C20022A04D040F22D217E
:100EFC002720FFF779F9DA7A42F00102DA72BDE8BD
:100F0C000840FFF771BF00BFCC0E002010B50E4C8F
:100F1C00626F137803F00303032B04D1D378022BF5
:100F2C0001D1002010BDA06F0AF02BFB0028F9D1D5
:100F3C00636F1B7803F00303032BF2D001F0B2FFB5
:100F4C0080F00100C0B2EDE7CC0E00202DE9F74394
:100F5C00434C94F83C30256B012B06460F465FFA48
:100F6C0083F804D040F29D412720FFF73DF995F816
:100F7C007C303BB1002185F87C100420FFF726FF64
:100F8C0085F87E80616F0B7803F00303032B05D18A
:100F9C0095F8823013B90220FFF718FF626F1378AF
:100FAC0003F00303032B02D0537823BB012385F8F2
:100FBC00823095F88C30C3B1236BD5F8E82093F8C8
:100FCC00690022664FF00108D5F8EC20626684F8BF
:100FDC0068800AF001FD94F84890224900220346EB
:100FEC00009240464A4605F063F836B103B0BDE8BE
:100FFC00F043FFF7F9BE0223D9E7002FF6D0E36FD9
:10100C00304698470028F1D094F83430002BEDD1BD
:10101C0094F88030DD06C3F3001001D5FFF776FF9E
:10102C00636CD4F884201B78C3F300132AB9B4F88A
:10103C00882013B1B2FA82F35B09628C910709D54F
:10104C00636FDB78022BD1D1002003B0BDE8F043F5
:10105C00FFF706BF002AC9D10343F5D1C6E700BF8D
:10106C00CC0E00201C0F002010B5064B93F83C2032
:10107C0002F0FF0422B91C7603F094F9204610BD4F
:10108C000C24FBE7CC0E00200A4B0B4A70B506462D
:10109C000D461A60FFF7E8FF18B1DE212720FFF795
:1010AC00A3F8064C012104F18A000CF082F8666466
:1010BC00E56470BD0805002080180000CC0E0020EF
:1010CC00024B012283F8AC20704700BFCC0E0020ED
:1010DC00F0B57D4C85B002AE86E8030094F83C1068
:1010EC000A9F01F0FF0511B90AB103B127B940F20B
:1010FC006D112720FFF778F896E8030004F12C0C0B
:10110C008CE8030084F8AC5084F8345084F8AD506B
:10111C0084F8355084F8AE5084F8AF50658425853A
:10112C00256BE3676262A76305F092FB05F050F84C
:10113C0095F9700005F01AFC686A05F041FDE86944
:10114C0005F01AFC95F89C0005F03CFC236B93F819
:10115C009F310BB105F06AFB95F869209D210120A8
:10116C0005F088FC594B186805F030FD2B69A36716
:10117C00574A6B69C4F8B03005F5807105F1F0037E
:10118C0053F8040B42F8040B8B42F9D1D5F800212B
:10119C00C4F869205A684F4B5A60236B93F8862029
:1011AC00A2F12501012993F868100E4603D993F892
:1011BC00870025285FD193F846322BB1012E03D03E
:1011CC00012B14BF0226012605F1300731463846A3
:1011DC000CF0A0F931460BF049FEAB8F95F8691075
:1011EC00834228BF0346384684F8B4300CF07BF9B0
:1011FC0095F8691095F88C70B5F84460042908BF0F
:10120C0003210BF033FE0FB9043080B2B04228BF7B
:10121C00304695F88C30C6B284F8B56084F84860D6
:10122C00A3B1D5F8E83095F8690023660127D5F805
:10123C00EC30636684F868700AF0CEFB002203463B
:10124C00009223493246384604F032FF0120FFF762
:10125C0007FE002323606360A360B5F880306380D1
:10126C002B88238095F89C302371EB6E0BB10122F7
:10127C001A6005B0F0BD203A012A0CD8232893F847
:10128C0026210AD012F0010319D192079CD501290D
:10129C0018BF022698E723280DD193F8262193F83E
:1012AC006130134013F001020BD19B078CD501293F
:1012BC0008BF0E46ECE7032908BF042684E71E4648
:1012CC0082E7164680E700BFCC0E00200805002000
:1012DC001C0F0020350F002008B50C4B93F83C2058
:1012EC001AB9BDE80840FFF77FBD93F83C20022AED
:1012FC0004D040F20F212720FEF776FF1B6BD3F8AA
:10130C00B801BDE8084005F083BC00BFCC0E00203E
:10131C00014B1876704700BFCC0E0020014B93F8A0
:10132C00AE007047CC0E0020024B188DC0F3C020CD
:10133C00704700BFCC0E0020014B93F8AD007047F6
:10134C00CC0E00202DE9F3411E4D82072C6B064676
:10135C000F4622D5D5F8843023B940F28E41272090
:10136C00FEF742FFB5F88820296C1846033291F835
:10137C00018009F0ADFC0DF1020201A92864D5F839
:10138C00B0000AF0B1F901980AF098F9012238601E
:10139C004146D5F8B0000AF03EF9F3070ED5D4E972
:1013AC003A32013342F10002C4E93A3294F8843003
:1013BC00012B0CBF0023012384F8843002B0BDE85C
:1013CC00F08100BFCC0E00202DE9F04FAB4C002378
:1013DC0087B0CDE9043394F83C30276B022B81465F
:1013EC008A4604D040F211512720FEF7FDFE238DD2
:1013FC00590606D44020FFF7F1FC238D43F040033F
:10140C00238597F88C30B9F1000F00F02781A3B138
:10141C0004F0F6FE88B9236C5A7872B11B7897F8F1
:10142C008420C3F3C0039A4207D1012384F83530DA
:10143C00FFF7DAFC07B0BDE8F08F236C5978A4F8FD
:10144C00881009B3D4F8B0000AF0BCF8C4F88400D2
:10145C00238D97F8832043F400732385236C1B782A
:10146C00C3F380039A4200F0BA80256B95F8823062
:10147C00002B3DD0022B11D1A06F04A90AF043F828
:10148C0028B940F20541AFE7C4F88410E0E7D5E98C
:10149C003832013342F10002C5E9383295F87E301A
:1014AC00002185F8821023B185F87E101020FFF7FB
:1014BC008DFC95F87D309BB1002685F87D6001F0A0
:1014CC00DBFC10B940F21C418EE731460820FFF7D7
:1014DC007DFCD5E93832013342F10002C5E93832DE
:1014EC0095F88330012B0CBF0023012385F8833042
:1014FC00238D43F4006323854FF0000B216C97F888
:10150C0084200D78C5F3C0039A4240F0998005F011
:10151C000305032D266B64D0002D6DD196F8843015
:10152C00013B18BF012386F88430236C5B7833B100
:10153C00D6E93A32013342F10002C6E93A3297F861
:10154C008B309BB1D7F8E03097F868002366002603
:10155C00D7F8E430636684F868600AF03DFA4849CD
:10156C0000960346FB22304604F0A2FDBAF1000FB0
:10157C0040F08880628C94F8AD30120703D5626F0E
:10158C00D278022A7ED0012B7CD8E36F01209847B9
:10159C00002877D094F83480B8F1000F72D1266B04
:1015AC0094F8483096F88C208DF80D80002A40F085
:1015BC00B480FF2B96F8681003D196F869308B42F3
:1015CC0002D0FF2005F006F996F88230032B00F2CA
:1015DC003B81DFE813F0A500D60020013101CB469A
:1015EC008CE7238D012043F4805386F87C002385FF
:1015FC000025FFF7EBFB91E74D78002D8ED0238D66
:10160C0096F88C5043F48053238505F099F8042800
:10161C0094F8B53006D1002D14BF1B221F22934223
:10162C0028BF1346226C52789A420BD8D4F88450B7
:10163C00002D84D094F8AC3073B12020FFF7CEFB92
:10164C0000257CE794F83430012043F0100384F833
:10165C00343006F013FBF3E74D465FE70BB104F0B3
:10166C000BFE94F8AD30013384F8AD30238D00259A
:10167C0043F480632385AB4661E700BFCC0E0020AA
:10168C001C0F002005F05CFB4FF0010A1DB105A9F1
:10169C000220FFF757FEBBF1000F0DD0B4F8072066
:1016AC00B4F805301343B7F8802013431EBFB4F8C9
:1016BC0009300133A4F80930B9F1000F00F0CC80E7
:1016CC00B4F805300133A4F80530002384F8AD30AC
:1016DC00644802F087FD049830B109F0EFFF216BEC
:1016EC000022027202F032F9059B33B1216B002209
:1016FC001A720C22059802F0F7F8BAF1000F7FF479
:10170C0097AE238D1B063FF595AE8020FFF766FB49
:10171C00238D43F0800323858CE60433DBB248E74A
:10172C0094F8B430ADF80E304F48A6F8583001F0AC
:10173C0093FB50B1616F4FF48070FFF747FB0123AF
:10174C0086F87D3084F8AF301DE0A06F0DF10D02EE
:10175C000DF10E0109F0B4FE606790B196F8C73038
:10176C007BB99DF80D302BB903808370606F01211C
:10177C000BF01FFDBDF80E10606F0BF0E4FD0123A4
:10178C00E0E73A4B636796F88330626FDB0003F057
:10179C000801137803F0F3030B4396F884108900C7
:1017AC0001F004010B4323F010031370FFF7AEFBA1
:1017BC000028606F037818BF4FF0100848EA030840
:1017CC0080F8008096F88B30002B40D04378002BAB
:1017DC003DD0E06C05F002FA002384F86830D6F8AE
:1017EC00E0302366616FD6F8E430E06C636604F099
:1017FC00A5FC96F86910012005F082FA626F118839
:10180C00A4F8801091781A4A012384F8AE309170B4
:10181C0084F83C303AE7B6F85830A06FADF80E308B
:10182C000DF10D020DF10E0109F04AFE6067002862
:10183C00A5D140F2CD21D7E50B4801F00DFB0028D6
:10184C009DD140F2D721CFE540F2E521CCE505F062
:10185C00C5F904F0BDFCCCE7B4F807300133A4F8AB
:10186C00073035E7F80E0020400F0020560F0020FF
:10187C004C0F0020ED0E0000D5130000590F000096
:10188C00590E00000B2808B504D940F2F23106209D
:10189C00FEF7AAFC014B33F8100008BD080002004B
:1018AC002DE9F04F8BB0044615460293894690F80B
:1018BC0069B00BF050F9064694F8A001FFF7E2FF6F
:1018CC0094F887300393064485F00103B6B2059370
:1018DC0085BB94F8E431032B2CD1039B0D2B29D120
:1018EC00B4F844324B4525D1D4F8EC31C4F8D83196
:1018FC00A369B4F8BC21C4F8DC31B4F83232134417
:10190C00C4F8E031204604F0F3FAD4E99223A26241
:10191C00B4F84622A285D4F85022226241F64B52EA
:10192C009342A3618CBF0023012384F872300223FD
:10193C0084F8E431B4F83072B4F88080A9EB07076E
:10194C003FB204F50073A9EB0808002F04930FFABB
:10195C0088F86EDAD4E986234746C4E98A23012342
:10196C000493CC4B1B7803F0FF05002B54D005F0EF
:10197C00FDFF054600284FD0B4F8D031012B6DD9AE
:10198C0094F8E431022B69D094F8FA51002D65D10A
:10199C0094F8A001FFF776FF94F8E43100F5C866DF
:1019AC00012BB6B2D9B24CD194F88A30D4F828A015
:1019BC00032B40D1D4F8DC5155443146D4F8DC012A
:1019CC0005F098FFD4F8D831C4F8D801A0EB030A7D
:1019DC00D4F8E0313146284603FB0AFA05F08AFFB9
:1019EC00D4F8E851C4F8E801451B3146A06905F06C
:1019FC0081FFAA44B4F8BC51D4F8E0314544ED1B46
:101A0C00DB432B44D4F8EC51451B05FB03A5012308
:101A1C00C4F8EC0184F8FA3194F8E431DFF874A2DC
:101A2C00032B00F28E81DFE813F01B0016016B0014
:101A3C003701029B94E728460BF040FA00EB0A05AD
:101A4C00BBE7A069314605F055FFB4F8BC51D4F89A
:101A5C00EC314544ED1BC31A5D43D8E70025DBE7A9
:101A6C00012100200BF02AFA8046A06A314640443E
:101A7C0005F040FF3146C4F8E801A06905F03AFFD3
:101A8C0007A9C4F8EC0108A805F062F9079B0093BC
:101A9C00D4E98A01DDE9082308F0FEFB83462046E1
:101AAC0009F0BEFFD4F83432A66A94F869001E44DB
:101ABC0005F094FAD4F8E811A6F194077F1A00F512
:101ACC0023404FF47A734744A130B0FBF3F0A38D5D
:101ADC00A7EB0B0730313F1A03EB410194F8690077
:101AEC0009F08AFFD4F83432FB1A2230B3F5917F17
:101AFC00CAF8040058D240F2D2413020FEF774FBF1
:101B0C00A36AD4F8DC013146184405F0F3FE3146E3
:101B1C00C4F8E801A06905F0EDFEC4F8EC0120461C
:101B2C0009F07EFFB4F8BC31A66AD4F8DC71002B46
:101B3C0040F08D80029B002B00F0898094F86900A6
:101B4C0005F04CFA3E44D4F8E871943ED4E986236F
:101B5C00F61BD4F8207280463E4494F86900B61AFD
:101B6C0005F03CFA4FF47A7300F2E73708F523409E
:101B7C00B7FBF3F73744A130B0FBF3F0D4F8E8111E
:101B8C00D4F8D831D4F8E021303102FB0311A38D05
:101B9C003F1A03EB410194F8690009F02DFF012372
:101BAC00CAF8040084F8E431A6696FF4F4731E4497
:101BBC00D4F8EC31F61ADAF804309E4228BF1E46EF
:101BCC00D4E98A327F1BDF1942F100024FF0000882
:101BDC00C4E98472C4F8B86184F8008204F130005E
:101BEC000BF07FFCB4F8A811A4F83092D4E984234C
:101BFC00A1EB09090FFA89F9C145C4E98A23C8BFC9
:101C0C00022384F80882C8BF84F80832039B064478
:101C1C000D2BC4F80462029B00F09680002B40F060
:101C2C00948094F8E431002B00F0AD80A169D4F8D5
:101C3C00EC3104F50070C91A0BF0E7F880B20028FB
:101C4C0000F0A180149B03B118800120ABE0D4F804
:101C5C00E801374492E7D4F8EC21A369D4F8E00109
:101C6C00D4F8D8119B1A5F43B4F8BC319844C343E1
:101C7C009844D4F8E831303301FB0033A18D94F84B
:101C8C00690002FB083301EB430109F0B5FECAF809
:101C9C00040089E7840F0020A369D4F8EC219B1A77
:101CAC005F4394F88630252B03D094F88730252B8E
:101CBC000AD1B4F84432A9EB03031A0404D494F8FF
:101CCC004732002B18BF9B46049B63B3B4F8BC315E
:101CDC004BBBD4E98623D4E9880182428B4102D3E1
:101CEC0040F2265109E794F8690005F077F9D4F829
:101CFC0020220646D4E98601A2F194031B1A3B4428
:101D0C0094F86900049305F069F9049B00F2E73735
:101D1C004FF47A7206F52340B7FBF2F71F44A1305B
:101D2C00B0FBF2F03F1AB4F8BC11D4F8EC314144DA
:101D3C00594330314900584609F05EFE1B4B586040
:101D4C0032E740F23E51D8E6EBB1B4F8D01121B3F2
:101D5C00B4F8D22194F8D431A4F8D22102FB033385
:101D6C00994202F101000EDD94F808325BB10023B8
:101D7C0084F80832A4F8D20101F07EFE00F00700CE
:101D8C00013084F8D40194F8FB0104F5007107F0DC
:101D9C005DFB20B940F28751AFE60A46DAE7059BB6
:101DAC0084F8F83100200BB0BDE8F08F840F0020D0
:101DBC002DE9F04104460D46164690F8F03003F03C
:101DCC00FF071BB10C273846BDE8F081014645489A
:101DDC0007F0F0F920288046F4D05822394604F157
:101DEC00C80008F009FF84F8C880C4F8CC50FF2361
:101DFC0084F8F03035B101F057FE00F007000130E7
:101E0C0085F8D40102234FF00008A4F8003184F8BF
:101E1C00F88005F0C1FD00F19E0520460CF013F88A
:101E2C00ADB2014670B30AF096FE00F5CD6189B2F1
:101E3C00304605F05FFD3044C4F8FC000CF0DCFAD1
:101E4C00281841F10001C4E94201012084F8D000B6
:101E5C00A4F826800CF0B5F8E53E361AC4F8D46028
:101E6C004FF0FF326FF00043C4E9442394F8C800EC
:101E7C0004F1F80107F0EAFA48BB4FF4E5713020A1
:101E8C00FEF7B2F920460BF002FFDFF85C80E5307C
:101E9C00C4F8FC00B8F8080048B1E08C38B101F087
:101EAC0003FEB8F80830B0FBF3F202FB1300054454
:101EBC000CF0A2FA2D1841F10001C4E94251002E98
:101ECC00CED0751941F10001C4E94451CEE7D4E9F3
:101EDC0042230021C4E93823C4E93A2320460BF0FD
:101EEC00CFFF70E7D3BC0000840F0020F0B50023B7
:101EFC0085B0CDE9003301238DF806306846FEF736
:101F0C00C1FD70B11B4E0123B3720027CDE90277DE
:101F1C0002A8FEF7B7FD0546A8B10023B37205B0C1
:101F2C00F0BD009809F089FFE8E790F8FB0108F094
:101F3C0071F894F8FB0184F8E45107F06FF9202351
:101F4C0084F8FB31E2E7029B002BE1D093F8FB21F4
:101F5C00202ADDD018884FF6FF739842DDD0294631
:101F6C00FEF756FD04460028DFD14FF49A7130205D
:101F7C00FEF73AF9840F0020054B00220121DA729A
:101F8C0019709A7242F210721A81FFF7AFBF00BF3C
:101F9C00840F0020014BD872704700BF840F0020C3
:101FAC0008B504F0D3FB044BDA6882422ABF987A56
:101FBC00002080F0010008BD840F00202DE9F743BC
:101FCC000446062900F2C480DFE801F0047A677742
:101FDC007E83BD00D0E98623D0E9880182428B4103
:101FEC0049D294F8FA31002B45D094F8E431032B04
:101FFC0041D194F869900AF0AEFD064694F8A00120
:10200C00FFF740FCD4E98623D4F82072D4F8B851F9
:10201C00804606444846BF1A04F0D8FF2D1A48469D
:10202C0004F0DCFF00F523404FF47A73A130B0FBD1
:10203C00F3F02B1AA3F17402B6B25208D43B08F594
:10204C00C8689D3273431FFA88F8B3FBF8F360330A
:10205C005908A2EB53039F4202D30A44974201D979
:10206C0005F08AFCA069314605F044FC0023C4F855
:10207C00EC0184F8FA31384B9B7A03F0FF0263B918
:10208C00B4F8AC11009201232046FFF709FC38B1DB
:10209C004FF4DA613020FEF7A7F8042384F8E4311A
:1020AC0004F04EFD06F02AFFB4F88020A4F8F621C7
:1020BC000023A4F8323284F8F93103B0BDE8F08380
:1020CC00032380F8E431F8E70CF0E6F8C4E9880162
:1020DC00F3E78569D0F8EC31DFF87C809D4288BF4E
:1020EC00ED1A98F80B3098BF00251BB9036B9D4275
:1020FC0028BF1D4604F13000D4F8B8710BF0F1F98B
:10210C000744022007F00AFEED1B25EAE57585421F
:10211C0028BF05460221284607F054FE00B92F447B
:10212C0040F2D312394620460BF02CFAD4F8B831D1
:10213C00C8F80C00A069184407F0B2FD0028BCD107
:10214C0040F27E31A6E703B0BDE8F04309F068BC6D
:10215C0040F284719EE700BF840F00202DE9F84304
:10216C0006460C4615467ABB04F0F0FAD4E94289CF
:10217C00074684F8D05084F8F0500121D4F8CC00F4
:10218C0001F0D0F8D4F8CC00C0E9868994F8C830B6
:10219C0080F8FB31C0E98A89C0F8347209F045FD3A
:1021AC0020B14FF4E2613020FEF71EF804F0C8FCB9
:1021BC0006F0A4FE074994F8C800324605F04EFD1F
:1021CC0028B940F29771EEE740F2AE71EBE7BDE84B
:1021DC00F88300BF55BA0000014B1881704700BF4F
:1021EC00840F0020F0B5070CA7F5AA42144B543A03
:1021FC00012A03EA90231FD927F4004042F6AA22B1
:10220C00801A18BF01200022162116461F2487EAC7
:10221C00060562EA0505013510D0DD03ADB245EACD
:10222C005606E503ADB2013945EA52024FEA5303B3
:10223C004FEA5404EBD1F0BD0020E4E70020FAE7AC
:10224C00E0FF3F00304BF0B55A88B0F85C70B0F846
:10225C005A609D88974228BF1746964228BF16465B
:10226C001B2E85B00C462ED0B5F5A47F2DD040F694
:10227C0048039D4201A928BF1D4609F03EFFBDF849
:10228C000A309F4228BF1F46BDF80C30E780AB4296
:10229C0028BF2B462381BDF806309E4228BF1E4620
:1022AC00BDF8083066809D4228BF1D46A580FF23DF
:1022BC002370E3881B3B9BB2E02B08D940F21961D9
:1022CC003920FDF791FF1B2FCED105B0F0BD6388EF
:1022DC001B3B9BB2E02B02D940F21B61F0E7238938
:1022EC00A3F5A4739BB2B3F5E06F02D940F21D6164
:1022FC00E6E7A388A3F5A4739BB2B3F5E06FE4D92A
:10230C0040F21F61DCE700BF940F002010B50121E3
:10231C000020FEF77DFB044670B90121FEF73AFB65
:10232C00044620B940F24D313920FDF75DFF034BD7
:10233C0093F906100BF073FC204610BD940F00208F
:10234C0008B50AF015FD00F0F9FE00F0F5FB0BF0F6
:10235C0029F801F087F801F0B5FF01F09BF8094B63
:10236C0000221B214FF4A47098801A805980DA71D6
:10237C00054B064818605A829A7599805A749A824D
:10238C0008BD00BF940F0020BC13002003021B00EB
:10239C00044B41F64C52C3E902221B221A74FFF77C
:1023AC00CFBF00BFBC1300202DE9FF41354DAB68FA
:1023BC00044640F8303F09F077FD064600F0ACFBD0
:1023CC002B7C84F83830304B668710F0200F1B685C
:1023DC001DBFAA886988A4F85A101B2208BFA4F84C
:1023EC005A20A4F85C201BB194F9701020889847EF
:1023FC00AE7CEF7CB5F8148041F64C53A36116B952
:10240C0000F090FB064687BB00F08CFB074676B3CA
:10241C0068B303A920468DF80C608DF80D70ADF8EB
:10242C000E800AF047FD01236A88E385AB88697842
:10243C00019103332978009103329BB292B204F1DB
:10244C00140104F11000FEF755FB236913B94FF486
:10245C00BE6114E0636913B940F2F1510FE0002042
:10246C0004B0BDE8F0810920FAE7002ED1D1208814
:10247C000021FEF7E3FA0028F5D040F2D3513920C1
:10248C00FDF7B2FEBC1300200C050020F7B5054685
:10249C000E460BF0F7FB002874D028460BF0D3FC4B
:1024AC0040B1B6F80130013B7F2B03D912242046F2
:1024BC0003B0F0BD28460BF0CAFC08B90C24F6E7B3
:1024CC00284609F0A6FD0028F8D128460BF098FB09
:1024DC0004460028F2D1284602F0A6FB0028E5D0DD
:1024EC00B6F80170F17842F2107328465F430BF096
:1024FC0097FC28460BF09FFC014658B93A462846F3
:10250C00FFF756FC04460028D1D041F6152139209E
:10251C00FDF76AFE21460DF10600FEF703FA0646AA
:10252C0070B3214600F0FEFEBDF80630338028461D
:10253C0031460BF096FC28460BF08FFCA0B9296AAB
:10254C0028460BF08CFC01463046FFF72DFF044665
:10255C000028ACD13A4631462846FFF729FC044600
:10256C0020B141F63821D2E70121EDE7064B9B68FB
:10257C00002B9CD0024606F58D713046984796E7A5
:10258C000D2494E7422492E7940F0020034B5A88C1
:10259C0002801B7883700020704700BFBC130020A2
:1025AC0037B583781A2B054609D8042B05D9012297
:1025BC0002FA03F3134A134205D112241AE0292B11
:1025CC0001D03B2BF9D12888B0F5706FF5D2694654
:1025DC000AF00EFC88B9019B93F8182102F0FF0455
:1025EC006AB9AA7883F81921FF2283F81821684662
:1025FC000AF0B3FE204603B030BD0224FAE70C24E7
:10260C00F8E700BF200038040188A1F11B039BB23E
:10261C00E02B0CD84288A2F5A4739BB244F248106C
:10262C00834204D8034B002059809A8070471220B3
:10263C00704700BF940F0020034B5A889B88028080
:10264C0043800020704700BF940F002038B50478F9
:10265C004278857804F0010352EA030104F0020485
:10266C0001D1112038BDBCB9002DFAD0002B08BF08
:10267C00144601E000242546204609F009FD0028F7
:10268C00EFD0284609F004FD0028EAD0054B0020C5
:10269C009C74DD749882E5E7002BEBD114461D4643
:1026AC00EAE700BFBC13002013B5008869460AF0A6
:1026BC009FFB18B10224204602B010BD019A92F87B
:1026CC00E431DBB292F8A820002AF3D113F0FB0F0F
:1026DC00F0D0019890F82A310BB13A24EBE790F83E
:1026EC00D23003F0FF04002BF7D190F8C9309B07D0
:1026FC0006D1FF2380F82A3168460AF02EFEDAE76D
:10270C000249CA300AF076FED5E700BF0BDB0000A9
:10271C00F0B50778EF2F85B004460D4603D9122586
:10272C00284605B0F0BDB0F80130ADF80C309DF97D
:10273C000C209DF80C30002AF1DB9DF80D20910740
:10274C00EDD1DA063FD49E0603F0030238D5002AF9
:10275C00E5D11807E3D46378190711D42179E2780D
:10276C00E07942EA0122617942EA0142A17941EA27
:10277C000021207A41EA00418A42D0D81F2ACED9C2
:10278C00627A013A062ACAD8A27A032AC7D813F069
:10279C00040102D1023A012A03D8E27A012ABED8F6
:1027AC0011B9A27C032ABAD813F01001227D19D0DA
:1027BC00012AB4D1227E012AB1D8B1B91125AFE7D3
:1027CC00032AC6D1ABE713F0600FA8D103F00F02B8
:1027DC0003F00703052BBED0931E012BBBD9002A97
:1027EC009DD1B8E7022AE5D199E7DA071FD46378BF
:1027FC00227D03F0180108291ED1022ADED11B0705
:10280C0009D4E279A37943EA0223227A43EA024308
:10281C00B3F5804FD2D8BFB201213846FEF7F8F895
:10282C00064678B109F0F5FBB8B10C2578E700F055
:10283C0035F90028DBD1C1E7022AE0D0227F002A3B
:10284C00DDD0BBE701213846FEF7A4F8064650B3AD
:10285C00164B93F906100BF0E2F930460BF0E8FA40
:10286C0021462870E07430460BF02DFAE37E0546C5
:10287C00002B3FF455AF00287FF452AF316B02466A
:10288C006846FEF7FBF9306B2A46012108F0F4FF8D
:10289C00316B68460422FEF7F1F9306B2A46294663
:1028AC0008F0EAFF3CE707253AE700BF940F002049
:1028BC0070B50579042D8AB003465CD84488B4F50C
:1028CC00804F58D82D48465D284400214279857A9E
:1028DC00C07BADF8001042F0100242EA460242EA18
:1028EC00850242EAC00202F01F028DF80020BDF8FA
:1028FC000020ADF809201A888DF80B208DF80E40B9
:10290C00120A240A8DF80D108DF810108DF80C2079
:10291C008DF80F405A7B8DF811205A798DF81220C2
:10292C009A79D3F807008DF81320B3F80B209B7B12
:10293C008DF81A307F238DF81B3001238DF8081089
:10294C0005908DF81D10ADF818208DF81C308DF801
:10295C001E3002A88DF81F108DF820108DF8231052
:10296C008DF824108DF821108DF822106946FFF790
:10297C00CFFE0AB070BD1220FBE700BF20000200A2
:10298C000278034672B1427862B142881A2A09D998
:10299C0082881A2A06D9044A006810609B889380A2
:1029AC000020704712207047BC130020024B0268B5
:1029BC009A600020704700BFBC1300200378A3F17D
:1029CC000A02112A9DBF024A00201374122070477C
:1029DC00BC13002008B5052000F090F803F0B8FAFD
:1029EC00014B024A9A6008BD940F0020512200004E
:1029FC0008B502F001F9FFF7BFFABDE8084001483D
:102A0C0002F0E4B8A00F002010B50B4C012384F8A1
:102A1C00023102F0F9F80BF094FB0AF0A7F904F27A
:102A2C0003112046FEF730FB002008F0C4FEBDE881
:102A3C00104000F03FBF00BFA00F002010B5064CA7
:102A4C00064904F502700AF04BF804F503700449CA
:102A5C00BDE810400AF044B8A00F0020100500207B
:102A6C001805002010B5094C094904F502700AF04C
:102A7C0037F804F5037007490AF032F804F50470CE
:102A8C000549BDE810400AF02BB800BFA00F00208C
:102A9C00280500203005002020050020014B93F86C
:102AAC0002017047A00F002010B5074C00F0DEFEAD
:102ABC00D4F808020AF00CF8FFF76AFC01F00CF8E5
:102ACC00012384F8143210BDA00F0020014B93F8A1
:102ADC0014027047A00F002010B5074CD4F80C025C
:102AEC0009F0F6FFD4F8100209F0F2FFFFF728FC0A
:102AFC00002384F8143210BDA00F0020C208054931
:102B0C00012300F0070003FA00F08B5C1843885493
:102B1C00704700BFD0040020014BD3E9000170477F
:102B2C00D0040020034B1868C0F30020400040F094
:102B3C0001007047D004002008B504F023FF084AB8
:102B4C00002332F82310814205D302EB83039B78D8
:102B5C00044A137008BD01330C2BF2D10023F7E7A4
:102B6C0034000200B511002010B544682388A4F885
:102B7C00683194F8683084F86711012B06D0022B69
:102B8C0004D04FF450710620FDF72EFB84F86A3107
:102B9C0094F86930012B01D0022BF2D184F86B31FF
:102BAC00044904F5AF700AF025FC002384F82431A5
:102BBC0010BD00BF67CB0000406808490388A0F82F
:102BCC005A3190F8603080F85C3190F8613080F8C0
:102BDC005D3100F251100AF007BC00BF7DCB000044
:102BEC002DE9F04F054685B008460C460AF094FBDB
:102BFC00064620460AF08AFB804620460AF088FBEF
:102C0C00834620460AF086FB6C6894F8873094F86B
:102C1C0086A0232B07462FD104F18709002E49D01B
:102C2C000BF0070B584609F0F2FF78B394F86830B4
:102C3C0098422BD094F82421012A0CBF94F8262119
:102C4C0094F864201BEA020F34D0BAF1210F1DD086
:102C5C0094F861201BEA020F18D1461EF6B2032E1F
:102C6C0005D8013B554ADBB2032B915D0BD940F2E1
:102C7C001F210620FDF7B8FABAF1210F40F09A8017
:102C8C0004F18609CAE7D35C8B4213D808F007011C
:102C9C00084609F0BCFFC0B394F86930834234D0C5
:102CAC0094F82431012B0CBF94F8273194F865303B
:102CBC0019422AD194F82431012B15D11E21284612
:102CCC00FFF752FFBAF1210F12D16B68182283F86B
:102CDC000921092283F8862093F8C230002B3AD1BF
:102CEC0040F2B3217E20C5E7002384F82431E9E7C4
:102CFC000023284689F800300AF086FC1821284663
:102D0C0005B0BDE8F04F0AF0A7BC03AB009320461A
:102D1C003B465A4609F086FF6B68044600BB93F8A5
:102D2C002421012A19D101462846FFF71DFF89F8F5
:102D3C0000406B6803F18702914502D1002283F8B1
:102D4C0087206B6803F1870291454FF000042ED168
:102D5C0028460AF059FC00202DE083F82401E8E70E
:102D6C00B3F88000A3F84472C0430744BFB247F6DF
:102D7C00FD72974206D9282283F8A920284601F033
:102D8C0025F8DEE793F887200D2A02D00A3A012AAB
:102D9C0001D82A22F0E79DF80C2083F846229DF8F2
:102DAC000D2083F84722252389F80030C9E783F8E2
:102DBC00C240D0E7022005B0BDE8F08F64000200ED
:102DCC00044B002283F822204FF6FF729A84DA8497
:102DDC001A857047B6110020054B9A8C824201BFB0
:102DEC00002283F822204FF6FF729A84704700BFAE
:102DFC00B6110020014BD884704700BFB6110020DB
:102E0C00094A0346908C4FF6FF71884206D192F81E
:102E1C002210012905D01A6001207047002018608B
:102E2C0070470020704700BFB6110020064B93F886
:102E3C002220012A1FBF0120DA8C83F822009A84F9
:102E4C0008BF0020704700BFB6110020014B188549
:102E5C00704700BFB6110020064B0246198D988CA6
:102E6C00884205D193F8220018B1136001207047F5
:102E7C0000207047B6110020094B998C1A8D914295
:102E8C0001D0002070474FF6FF729A8493F82220ED
:102E9C00002AF6D0002283F822200120704700BFC0
:102EAC00B6110020054B998C1A8D914203BF93F8F3
:102EBC002200B0FA80F0400901207047B6110020C2
:102ECC0050B90A4A1346012003F8010B0868C2F8EE
:102EDC0001008A889A807047012805D1034B0A6843
:102EEC009A608A88D8719A81704700BFE0110020DF
:102EFC0048B90A4B187880B1D3F80120B3F80530E3
:102F0C000A608B807047012806D1044BD87920B118
:102F1C009A680A609B89F4E700207047E011002052
:102F2C0020B9054B187800F00100704701280ABF42
:102F3C00014B0020D879F6E7E0110020F7B500220C
:102F4C008B888DF80600ADF8043008680C4B8DF8B2
:102F5C000720019D1C78014603F5AC73D0B2844266
:102F6C0001D8082009E0D3E90076AE4208BF8F42B1
:102F7C0003F1080302F10102F0D103B0F0BD00BF70
:102F8C00F011002030B5094B01465C78002203F5A6
:102F9C008173D0B2844201D8082005E013F8015B9C
:102FAC008D4202F10102F4D130BD00BFF0110020BE
:102FBC00F0B5254D95F8984189B0224605F2991146
:102FCC00684607F085FE2146684609F0F0FE044687
:102FDC00B8B300EB4001C9B202A8FDF793FA601E2A
:102FEC0095F8A161C0B2012495F8982105E0731CF5
:102FFC00B3FBF2F102FB1133DEB206F120030DEB51
:10300C00030111F8203C002BF1D100EB40022032DF
:10301C006A4406EB46032B4412F8187C83F8A27121
:10302C0012F8177C12F8162C83F8A37183F8A421DC
:10303C0001F8204C0138AB19C0B2FF2883F8994134
:10304C00D2D109B0F0BD00BFF011002070B506461A
:10305C0088B00C46002A4FD02A4A92F8A131D018D9
:10306C0090F8991121B94FF480712820FDF7BCF824
:10307C0003EB43011144013391F8A251E57091F82F
:10308C00A35191F8A41161710021257180F8991157
:10309C0092F89811B3FBF1F001FB103382F8A131D7
:1030AC0092F8C23123B9184902F5DD700AF09FF984
:1030BC00657905F03F0545F0400565710D2200214D
:1030CC00684607F099FDE3788DF80F3023798DF879
:1030DC000E3004AA0423694630468DF80D5007F0D3
:1030EC002DFB9DF81F3023709DF81E3063709DF8EA
:1030FC001D30A37008B070BD03216018FDF702FAF3
:10310C00D6E700BFF0110020BD2F0000044B5A7809
:10311C00824286BF1B1893F84A010020704700BFFB
:10312C00F0110020044B5A78824286BF1B1893F88A
:10313C0042010020704700BFF0110020064B002216
:10314C004FF461711A8083F8C32183F8C421A3F86A
:10315C00C61183F8C2217047F0110020014B83F88F
:10316C00C4017047F0110020014BB3F8C601704741
:10317C00F011002030B50A4B5C7884420ED918440B
:10318C0090F802012B3003EBC004A5790D7053F8B5
:10319C0030001060A3889380012030BD0020FCE734
:1031AC00F01100200246074810B590F8C34124B135
:1031BC00417821B1023002F0F1FE204610BD0C46E0
:1031CC00FBE700BFF01100202DE9F74F2F4C9A467A
:1031DC00637883428046894656D9231893F8425126
:1031EC0085F00105F9B193F84A31E3B945F00207CE
:1031FC000135BAF1000F18D1FA070AD5062101FBE7
:10320C00084104EB0810524601F585718230FFF736
:10321C001DFFBB0734D504EB08105246494602305B
:10322C00FFF714FF2CE02F46E3E794F8A1614FF071
:10323C00010B002DE0D0A319019393F8991199B9C2
:10324C000092DAB100F018FC06EB46012144019B18
:10325C0081F8A2014FEA102C009A81F8A3C1000C4E
:10326C0081F8A40183F899B194F898310136B6FB32
:10327C00F3F103FB1166F6B2013DDAE747F0040700
:10328C00384603B0BDE8F08F0027F9E7F0110020B5
:10329C00074B5A78824209D91A1892F842212AB956
:1032AC00062202FB003000F5857070470020704745
:1032BC00F0110020064B5A78824281BF1B1893F8FC
:1032CC003A01B0FA80F0400998BF0020704700BF67
:1032DC00F011002030B50024A0F84040B0F8444074
:1032EC0042F210754C43B4FBF2F4A0F84440541E67
:1032FC0005FB0343B3FBF2F3A0F84230084BB3FBDE
:10330C00F2F30133A0F84830838F05FB0344436B81
:10331C00B4FBF2F459438463B1FBF2F2426330BD67
:10332C00005A620270B504460D4651BB4FF41C7234
:10333C0007F062FC012384F88E306FF0360384F8BA
:10334C00D930042384F8DA306FF03B0384F8DB3097
:10335C006F2384F8DC306FF03C0384F8DD300623F7
:10336C0084F8DF302B2384F8D830FE2384F80E3118
:10337C007F2384F88530202384F8DE5084F8FB31D9
:10338C0070BD012922D10023A0F8BC3180F8B331E3
:10339C00144B82691344B3FBF2F3C0F8B03040F61F
:1033AC00B833A0F8B4301146438C7830FFF792FF55
:1033BC0007F0DCFA30B1E069FEF714FF10B984F8BD
:1033CC009F51DDE7002384F89F31D9E70229D7D13B
:1033DC00B0F85232D0F84C228169BDE87040783098
:1033EC00FFF778BF7FC3C901034B80F870101B68CF
:1033FC000BB100881847704738050020074B93F92C
:10340C0000301844142804DC10F17F0F03DB40B2A9
:10341C007047142070476FF07E007047B81300207F
:10342C0007B57F230DF107008DF8073003F05CFC26
:10343C009DF9073068B10A4A5078404243FA80F04F
:10344C00142808DC10F17F0F07DB40B203B05DF8E5
:10345C0004FB1846FAE71420F8E76FF07E00F5E756
:10346C00B8130020024B00221A705A70704700BF2C
:10347C00B8130020054BFF221A70054A0168116031
:10348C000179117100221A70704700BFBA13002025
:10349C00D804002007B5064B186800901B798DF8EE
:1034AC0004306846FFF7E6FF03B05DF804FB00BF8D
:1034BC00332B02000346407898B1DB783C2B05D8BF
:1034CC00084AD35C1B1A58425841704703F1160244
:1034DC00D2B2042A04D8034A134413F8AD3CF1E7E2
:1034EC0001207047680002003C2908B5C17003D860
:1034FC000B4B5B5C437008BD01F11603DBB2042B74
:10350C0004D8074B194411F8AD3CF3E7FF2904D05C
:10351C0040F259412A20FCF767FE0123EAE700BF7D
:10352C00680002002DE9F04385B0894602A91446D3
:10353C00984609F05DFC0546002839D1039E34B944
:10354C00012486F88D40204605B0BDE8F08337692C
:10355C002146384607F053FF014658B3174B5B889A
:10356C00A34229D301AA384608F0A2F896F88D3068
:10357C000198002B0CBF4946022109F01AFE019854
:10358C0022464146033007F0A3FB2146384607F09C
:10359C007BFF044618B97D212B20FCF725FE02A8E1
:1035AC0009F0DBFE039BA3F8AA5186F88D50CAE7FD
:1035BC000124C8E70446C6E72C46C4E7BC13002028
:1035CC00024B987DC04300F001007047BC130020F3
:1035DC00034B987D80F00200C0F34000704700BFA1
:1035EC00BC13002083230B70014B1B78CB707047EE
:1035FC00D41300202DE9F7434769814638460D4620
:10360C0008F048F8014618B9FC211020FCF7ECFD35
:10361C0001AA384608F04CF8064610B94FF48071F0
:10362C00F3E7019BB9F8000003F103081D4B1B687D
:10363C007BB9B9F80030AB80002301986B72EE8037
:10364C0009F0BFFD01280ED002280CD04FF48D716B
:10365C00DBE732464146984704460028E9D120462C
:10366C0003B0BDE8F0832872384608F029F8044608
:10367C0010B940F22311C8E7FB2E02D94FF4967112
:10368C00C3E7286810B940F22D11BEE73246414617
:10369C0007F01EFB384607F05BFF0028DFD140F235
:1036AC003111B2E7400500202DE9F347DFF85C81CA
:1036BC008246894605270025D9F8103053B11B7A6C
:1036CC001BB97E211020FCF78FFDD9F81040B4B93E
:1036DC00002070E0D9F80440237A012BF8D0EFF3E6
:1036EC00108372B6D9F804201268C9F8042003B903
:1036FC0062B6C9F81040237A0BB9A421E2E7267A06
:10370C00F6B22772731E0B2B6DD8DFE803F0690637
:10371C001C33666C3C6C6C6C6C57636813B94FF45F
:10372C00D471CFE72046514698470420EFF310831D
:10373C0072B6227A052AD1B25FD12572C9F810501F
:10374C00ABB962B613E0636813B940F2B111B9E7D3
:10375C005146204698470346C3F30723012BADF887
:10376C000400C0B242D0022BE0D1C9F8105000289E
:10377C00A2D020E0636813B940F2B911A2E7204649
:10378C0098470020D2E763680BB9B3219AE70B2264
:10379C008AF8002019881869AAF80310012200245D
:1037AC008AF802208AF805208AF8064007F0D0FE35
:1037BC00C9F81040042002B0BDE8F087606810B969
:1037CC0040F2E1117EE7D8F80030514698470346A5
:1037DC0060B1C9F810500220EDE74FF4F97171E7B0
:1037EC0040F2F5116EE74FF4FC716BE7267200287E
:1037FC00E1D1002B7FF460AF6AE711B940F21921D7
:10380C0060E7002B7FF458AF62B655E73C0500200B
:10381C0070B5144C1426231D32460021184607F0AF
:10382C00EBF903460125257400210433324604F1DB
:10383C001800C4E9013307F0DFF984F824500A4A70
:10384C0004F11C03C4E906330023E362236384F808
:10385C003430C4F83530C4F8393084F83D30136056
:10386C0070BD00BFD41300204005002010B5084CDB
:10387C002378FF2B04D04FF49D711020FCF7B4FC7F
:10388C0006F0A4FF2070BDE81040FFF7C1BF00BFD9
:10389C00DD04002010B5034C207806F0B3FFFF23A5
:1038AC00237010BDDD040020014B187806F0BABF60
:1038BC00DD040020014B024A1A6070473C050020D1
:1038CC000136000010B506490446FFF7EDFE28B995
:1038DC0020460449BDE81040FFF7E6BE10BD00BF0E
:1038EC00EC130020D813002010B51346027A22B135
:1038FC0040F295211020FCF777FC0A46BDE81040F9
:10390C000146014809F050BDD8130020044890F836
:10391C0034301BB903492C3009F063BD704700BF2C
:10392C00D4130020A7D300000346064890F83E208D
:10393C003AB190F83D2022B900F8353B024909F024
:10394C0050BD7047D4130020F135000010B50A4665
:10395C00037A23B140F29D211020FCF745FC01466F
:10396C00BDE810400148072309F01EBDEC130020F0
:10397C001346027A0AB1037270470A46014601489F
:10398C0009F012BDD81300201B234FF01B128384A7
:10399C00038482618382C260038539B94FF4A473B6
:1039AC00034AC3844384C261C3820261704700BF6F
:1039BC00480148010346F0B4B3F85420B3F848402A
:1039CC00B3F84460DF8FB3F84250944228BF1446DA
:1039DC000846B3F84C20B3F85610DC878A4228BF4F
:1039EC000A46B3F84610A3F84220914238BF11465C
:1039FC00A64238BF2646A742A3F84460A3F8461057
:103A0C001FD1AA1A18BF0122B3F84A50B3F850407C
:103A1C00B3F852709E8FB3F84010A54228BF2546CC
:103A2C00B3F84E409D87BC4228BF3C46AE42A3F83B
:103A3C00404002D1A14200D12AB1F0BC034909F0A7
:103A4C00D9BC0122E0E7F0BC704700BF07D40000EE
:103A5C000B8BA2F80B304B8BA2F80D308B8BA2F892
:103A6C000F30CB8BA2F809000249A2F81130104696
:103A7C0009F0BABC57D40000094AD2E9000343400C
:103A8C0083EAB01181EA43214FEAF3435360054BBB
:103A9C00116058434FEAF06000EB8000704700BFA4
:103AAC0014140020BB79379E094AD2E90003434025
:103ABC0083EAB01181EA43214FEAF3435360054B8B
:103ACC00116058434FEAF06000EB8000704700BF74
:103ADC00E0040020BB79379E10B50A4C0948082138
:103AEC00FCF710FDD4E900231343F7D0064CFFF785
:103AFC00DBFF2060FFF7D8FF236860600343F6D03C
:103B0C0010BD00BFE004002014140020174B184A0D
:103B1C009A60184A5A60184A1A60184A9A62184AE7
:103B2C00DA62184ADA60184A9A61184A1A63184A13
:103B3C001A62184ADA64184A9A64184A5A62184B7C
:103B4C00184A9A60184A5A62184ADA62184A1A6174
:103B5C00184A5A61184A9A61184A1A63184A9A64A0
:103B6C00184ADA64184A9A63704700BF440500206B
:103B7C001BD7000051D70000C9D700004FD9000057
:103B8C00A3D90000013F0000B9D900005541000045
:103B9C00E53F000087DA0000A3DA00002D400000AA
:103BAC004C0600203DD7000059DA0000DBD900009C
:103BBC007FD90000FFD90000853F000029DB000001
:103BCC00D1DA0000C3DA00003FDA0000044B054AEA
:103BDC005A65054B054A1A65054A5A65704700BF78
:103BEC004405002089D800004C0600206FD8000046
:103BFC00FBD80000054B064A9A65064A1A66064B26
:103C0C00064A9A65064ADA65704700BF44050020EB
:103C1C00B1CC0000ED2B00004C06002001CC0000C4
:103C2C0059CD0000252A70B505460C4618D8012A36
:103C3C0019D9023A232A16D8DFE802F01A152524DE
:103C4C0024331535152439444815154D242467673C
:103C5C006D741515151515151515151515808990F7
:103C6C00FF2A00F0828040F266415120FCF7BCFA3A
:103C7C0002784368012A02D193F8103101E093F8DD
:103C8C001931237170BD4168204601F5E37109F0CB
:103C9C0001FB6B682046D3F80411BDE8704009F0B5
:103CAC00FBBA4368E8E7BDE8704000F017BA0E2392
:103CBC000B7159234B7100238B71F323CB711023A0
:103CCC000B72DFE7436893F80A31DAE7BDE870401E
:103CDC00084600F0F3B90378466873B996F81031CA
:103CEC005BB196F80D11204609F025FB96F80C11E6
:103CFC002046BDE8704009F022BB96F80B11204617
:103D0C0009F019FB96F80A11F2E741682046BDE864
:103D1C00704009F0B2BC436893F82621227193F8E5
:103D2C00273109E0436893F82421012AF4D093F851
:103D3C0064200A7193F865306371A3E7104B1B681C
:103D4C00002B9FD002462320BDE8704018470C4B37
:103D5C001B68002B96D002462420F5E7084B1B6805
:103D6C00002B8FD002462520EEE74368204693F8BF
:103D7C003F22D3F84012BDE8704009F026BA00BFCC
:103D8C00540700203C2803D8064B53F820007047FA
:103D9C0000F11603DBB2042B01D8AD38F4E7002098
:103DAC00704700BF440500203C2803D8064B53F84D
:103DBC002000704700F11603DBB2042B01D8AD389C
:103DCC00F4E70020704700BF4C060020F7B54568AB
:103DDC002E6904464FF6FF770DF102010DF1010239
:103DEC003046ADF8027007F06BFB01A9304607F0C6
:103DFC008AFB40B1019807F061FC616800220272F5
:103E0C00FFF7A4FDE8E7044905F1A00003B0BDE805
:103E1C00F04009F0E9BA00BFB7D60000F0B504468F
:103E2C0085B00D46FF2600F8896C10F88A3CF3B17A
:103E3C00184F3B781BB148211F20FCF7D5F90C21FA
:103E4C00381DFCF75FFB3E70002304F8893C2A46C2
:103E5C00072302F8033BD4F80930C5F80330D4F833
:103E6C000D305360D4F81130936005B0F0BD01A84B
:103E7C000C21FCF747FBA4F51673039AC3F8042135
:103E8C0001AB03CB44F8920C44F88E1C04F88A6CFA
:103E9C00DAE700BF1C14002010B5054C23782BB9B1
:103EAC000C21201DFCF72EFBFF23237010BD00BF3F
:103EBC001C140020024690F8CE31BBB990F8CF31DB
:103ECC0003F0FF010BB100207047094B1878002854
:103EDC00F9D01970D968C2F80411043303CBC2F8B5
:103EEC00C601C2F8CA11FF2382F8CE3101207047F7
:103EFC001C14002070B5426892F8873004460D46B9
:103F0C003BB1132B05D0113B0B2B94BF0820012088
:103F1C0070BD92F8C83013B9204609F06BFB61688C
:103F2C00284601F5DF7109F0ABF92846666809F0FF
:103F3C00AEF96168C6F800010B88A1F86132284619
:103F4C0001F2632109F094F96168284601F26B21B2
:103F5C0009F093F96368002583F8CE516068054930
:103F6C0000F5167009F03DFA6368152283F8872076
:103F7C002846CDE7293E000038B5436893F88720E2
:103F8C001C2A044604D04FF4DE711F20FCF72CF9D8
:103F9C0093F8C8101D88002283F8C72003F5C97058
:103FAC0069B10B4983F8C820A3F89C5183F89B2175
:103FBC0009F017FA6368002283F8872038BD0122C4
:103FCC0083F89B11A3F89C51024983F89E21EFE7DB
:103FDC003BD900002DD9000038B54568AB6F13F004
:103FEC00010417D14A680C4B896813400B4AC5F879
:103FFC00D830C3F3076343F008030A4085F8DB307D
:10400C00C5F8DC2009F0F6FAAB6F43F00103AB679F
:10401C00204638BD0120FCE72FC904F76FDB0006F2
:10402C0010B5406890F88630042B2BD14A68174B9A
:10403C008C681340C0F8D830154AC3F3076343F0BB
:10404C000803224080F8DB300023C0F8DC2080F825
:10405C00C23080F8863090F8742102F0FF049AB9CF
:10406C000388A0F8763180F875414B68C0F8783138
:10407C008B68C0F87C31074900F5B67009F0B1F9CE
:10408C00204610BD0124FBE71C46F9E72FC904F7B5
:10409C006FDB00061DDA0000406890F8743153B9EC
:1040AC000388A0F876311A2380F87531024900F59F
:1040BC00B67009F096B970471DDA000010B50446C9
:1040CC00FEF72AFD034A044B02400B406260A360DA
:1040DC0010BD00BF2FC904F76FDB000637B50C46C7
:1040EC004568FEF719FD084A084B0A4095F8D810A8
:1040FC000192034000930B408DF800306B4603CBCC
:10410C006060A16003B030BD6FDB00062FC904F7FF
:10411C00DB0410B5144604D5037D13B100234363AF
:10412C0010BD436B0133436309F0D9FCD0E90D2377
:10413C009A42F5D30023436302492046BDE8104060
:10414C0009F058B979DA000070B5446894F88630F3
:10415C00012B06460D4602D0A36F9A073ED494F865
:10416C00C9309B0719D4284609F098F884F8D30075
:10417C00B5F80530A4F8D430B5F80730A4F8D6302B
:10418C0094F8C93043F00202D80784F8C9200FD53F
:10419C00134904F1CA0009F02DF994F8C930D90774
:1041AC0011D4A36F9A0708D555214020FCF71CF8B1
:1041BC0094F82A31002BEBD1EFE743F00203A3670D
:1041CC00304609F017FA94F88630012B4FF00000B6
:1041DC0003D184F8860084F8C20070BD0120FCE78E
:1041EC000BDB000070B545680446FFF719F9054B69
:1041FC0085F885001B6801461BB12046BDE8704060
:10420C00184770BD5C070020024B1B6803B11847B0
:10421C00704700BF58070020F0B5204E0546307897
:10422C000024147080B1431E7768DBB2181B012880
:10423C000BDC07EBC40057F834604068884208BFB9
:10424C00AE4212D114700120F0BD1819461007EBC4
:10425C00C60E57F836C0DEF80460AC45C0F3470014
:10426C008E412CBF03460446E0E7B54271EB0000DB
:10427C0002D214700020E7E707EBC30057F8334075
:10428C004068884208BFAC4201D11370DBE7A542FD
:10429C00814128BF01331370ECE700BF3C140020B0
:1042AC0010F0070208B503D063214820FBF79CFFF0
:1042BC0018B1034B197258601A70C80008BD00BFC2
:1042CC003C140020014B00221A7070473C14002053
:1042DC00014B187A704700BF3C1400202DE9D343E2
:1042EC0009F03EFC0DF1070207460E46FFF794FF5E
:1042FC0098B9114C2278237A93420ED061681346F8
:10430C006FF0604E9DF80700984209D301EBC00393
:10431C00C3E9007601322270012002B0BDE8D083DF
:10432C0003EB0E0001EBC000D0E90089013BC0E9B2
:10433C000289DBB2E6E700BF3C14002037B509F078
:10434C000FFC0DF10702FFF767FF0446A0B10C4A02
:10435C009DF8070013785568013BDBB213701A1AED
:10436C00D2B2411CD200834238BF002205EBC101FE
:10437C0005EBC00006F0FAFB204603B030BD00BFD1
:10438C003C1400200A46822302F8033B04480368CD
:10439C00C1F803304368536083689360704700BF73
:1043AC004514002002481622002106F025BC00BF4F
:1043BC004514002082B002AB03E903000B48437D97
:1043CC0093B1530610D50A880280D1F82022B1F897
:1043DC0080304260D1F82422054982604380022259
:1043EC000C3002B0FFF7C4BA02B07047451400207D
:1043FC009143000038B5074D044600F1510128687F
:10440C0008F04DFE94F850102868BDE8384008F0CC
:10441C0054BE00BF5C140020F8B504460E466588F7
:10442C00407F15F00401134618BF04F15F013246BA
:10443C00FEF7CAFEC20705460BD5012384F850309F
:10444C00607FFEF725FF0368C4F851308388A4F819
:10445C005530AB070CD5094E0127306884F85E70D7
:10446C0004F15F0108F022FE3068394608F02EFE98
:10447C0085F00400C0F38000F8BD00BF5C14002080
:10448C0038B5C38D0E4D0133C385AB7C04462BB1BF
:10449C0002F01CFC01F0B4FD0023AB7400232B7163
:1044AC0094F871302BB101212046BDE8384007F05B
:1044BC0071BD637C13B1E28D9A42F4D20021F3E713
:1044CC005C14002010B5094C2379012B02D0237900
:1044DC00022B05D1A37C1BB102F0F8FB01F090FD7F
:1044EC00E069BDE81040FFF7CBBF00BF5C140020B3
:1044FC0070B5294C2379012B07D02379022B04D0DA
:10450C0040F638412D20FBF76FFEA0B90125A37CA6
:10451C001BB102F0DBFB01F073FD002D3AD0E0691A
:10452C0007F0B0FC002830D002F0B8FA236ABDE8DE
:10453C0070409B6818472168E26911F8095B02F129
:10454C005103E80992F8502008F013FC0028DDD044
:10455C002068002108F0DFFD0028D7D02379E0691E
:10456C00012B05D02379022B02D040F61141C9E76B
:10457C002379226A03F180435269013B05F00F0154
:10458C0052F8233098470546C1E7E069BDE8704012
:10459C00FFF776BF70BD00BF5C140020074A0346CE
:1045AC00D06903B909B9FFF76BBF1379126A03F12C
:1045BC0080431269033B52F8233018475C140020E7
:1045CC002DE9F043032985B0054690467BD090F841
:1045DC0070300529DBB202D14288D60760D5002B9A
:1045EC005ED10127DFF8E89099F81260B6B108F0B7
:1045FC00F5FB082888F8000014D002AA0DF1070179
:10460C00FEF7B8FD20B940F6A4612D20FBF7ECFDB8
:10461C009DF8070002A909F0AFFA064698F8003099
:10462C00082B08D1D9F8001011F8030BC0F3801037
:10463C0009F0A2FA0646D9F8001095F8572011F89F
:10464C00030B05F15803C0F3801008F092FBD9F866
:10465C000010044611F8030BC0F3801008F0B4FBF3
:10466C008146FEF727FE014640B1B9F1080F1BD079
:10467C004846FEF74BFD80F00101C9B298F80000E6
:10468C00082815D094B96B7F1C1A604260416B8866
:10469C005A0706D421B996B9EB7C93B1BB4210D022
:1046AC00002005B0BDE8F0830021E7E70120EEE72C
:1046BC0014B181F00104E4B204F00100E7E73046E4
:1046CC00EFE70120EDE743889B07E9D5022789E74F
:1046DC005C1400202DE9F04F85B008230DF1070282
:1046EC00052104468DF80730FFF76AFF064620B90E
:1046FC000026304605B0BDE8F08F744F3968FA7C5F
:10470C0011F8030B07F11403C0F3801008F031FB10
:10471C0080460028ECD13B68216A184691F88E201F
:10472C0010F8035B02EA551202F0010281F88E20A8
:10473C00D3F80320C1F803208288A1F8072019467A
:10474C00226A11F81F0BC0F38010907009798DF854
:10475C000C10D3F80F10D3F81F00D161597D0290C3
:10476C00187D090441EA0021D87C01435162B3F859
:10477C00191082F8728040F2E24909FB01F1916153
:10478C009D7DC5EB451105EB810505EB85056D00A0
:10479C009585B3F8171009FB01F19162B3F81B1062
:1047AC001184B3F81D10518493F8243003F01F01C9
:1047BC005B0982F89A1082F8A031256A94F912B03C
:1047CC0002A905F18E0008F0C2FB40F20113A5F816
:1047DC0068304FF0FF0A85F86AA0414605F13000B9
:1047EC00FFF7D2F859462846FEF7FEFD236A84F8F7
:1047FC007B801A88A4F87C2084F899A04FF6FF726D
:10480C00A4F89A209A69B2FBF9F2A4F892201A8CB7
:10481C00A4F894205A8CA4F8962093F8A02184F83C
:10482C009820227F9DF8070004F186015AB394F872
:10483C005020012A27D194F8562002F0C002402AB9
:10484C0021D1D4F85120C4F88620B4F855208A80A0
:10485C009A7884F87F20082803F1030504F180027C
:10486C00D3F8033004F18C0127D0C4F88C30AB881A
:10487C008B8004F17F01FEF77DFC40B940F6973147
:10488C002D20FBF7B1FC0022C4F88620DFE794F85A
:10489C007F3043F0020384F87F3004F172000C493E
:1048AC0008F09FFD0B4B206A1B6800223A71002B0D
:1048BC003FF41FAF214698471BE7C4F88030AB8804
:1048CC0093800023C4F88C308B80E6E75C140020C6
:1048DC00B1DB000064070020032973B5044604D043
:1048EC00052952D0012002B070BD08230DF107023A
:1048FC008DF80730FFF764FE0028F3D0237C284D99
:10490C0003B39DF8070094F8BE30DBB9237884F824
:10491C00BF30082804F1C10228D004F1C001FEF711
:10492C0029FC20B940F61A712D20FBF75DFC94F898
:10493C00C03043F0020384F8C0301A4904F1B600C9
:10494C0008F04FFD2B68062204265A701E70204674
:10495C00FFF750FD94F84020E16B286808F0CCFB81
:10496C0028682E7102F03AF90020BCE7286803464B
:10497C0013F8031BC1F3801184F8C010D0F8031096
:10498C00C4F8C1109B889380D7E7074B1B6823B1F1
:10499C00984780F00100C0B2A5E71846A3E700BF16
:1049AC005C14002099DB000060070020F8B5044679
:1049BC000F4619B300F12805284609F0DBFAA0B917
:1049CC0063881A072ED5284609F0EBFA06462846C6
:1049DC0009F0D0FA301AC0B209F0F3FA444A9368DD
:1049EC0003442846936009F0A1FA284609F0A3FA7B
:1049FC0001F0E8FF2179252001F0ECFE3C4D94F804
:104A0C005E2028680023037043706388103B0D2BD5
:104A1C005ED8DFE803F0595D550C5D405D5D5D5D72
:104A2C005D5D5D402046BDE8F840FFF729BD0623DB
:104A3C004370202303702046FFF7DCFC638823F0CF
:104A4C0008039BB2152B05D094F83820616B2868AD
:104A5C0008F043FB286802F0C1F8032321792B717D
:104A6C00002001F0B5FF064607B9E86063881B0714
:104A7C0004D509F0A3FA0644C4F8D8606388103B47
:104A8C000D2B30D8DFE803F0322F29292F292F2FB7
:104A9C002F2F2F2F2F290C2343702123037042B16A
:104AAC0004F15F0108F002FB0121286808F00EFBFD
:104ABC00C1E704F1580108F0F9FA94F85710F4E73B
:104ACC00062303704370B6E7022303700623F9E74D
:104ADC0040F21F612D20FBF787FB21790120BDE8F7
:104AEC00F84002F00DB940F6AB41F3E7F8BD00BF5A
:104AFC005C14002038B54388102B044604D1BDE863
:104B0C0038400121FFF752BF0B4DAB7C23B101F0B4
:104B1C005DFA402002F0CEF8286802F05FF8608859
:104B2C0010F0040002D1217902F0EAF8002002F022
:104B3C009DF801232B7138BD5C140020024B012120
:104B4C00D869FFF733BF00BF5C14002010B5134CBD
:104B5C00A37C1BB102F0BAF801F052FAE06907F03D
:104B6C0091F970B12379E069012B0FD12379226A75
:104B7C0003F18043D268013BBDE8104052F823306A
:104B8C001847E069BDE81040FFF77ABC2379022B87
:104B9C00ECD040F63B312D20FBF726FB5C140020BB
:104BAC0010B50948037903F0FF0453B918222146C4
:104BBC00043006F021F802F089F801F021FA2046C1
:104BCC0010BD0C24FBE700BF5C14002010B5094C91
:104BDC00002323712060FFF7E3FF20B140F2EA21AC
:104BEC002D20FBF701FB236A13B940F2ED21F7E707
:104BFC0010BD00BF5C140020014B024A1A627047C2
:104C0C005C140020EC4E0000034B044A1A60044B69
:104C1C00044A1A60704700BF60070020E14600009C
:104C2C0064070020692100002DE9F041067DB31EC8
:104C3C00DBB2012B04468CBF4FF000084FF001088B
:104C4C007EB3B71E18BF0127012B36D800F15801CF
:104C5C0090F8570008F0B8F8082805462DD0FEF754
:104C6C0061FA58BB657784F81C8084F85070FEF7A5
:104C7C007BFA054609F0C0FB174BA5FB03351B1847
:104C8C0045EB01050022C4E9123584F85E2011467B
:104C9C002046FFF7C1FB70B940F275412D20FBF7A0
:104CAC00A3FA3746082504F151010020FEF720F93C
:104CBC000028D7D10020BDE8F0810825022EF2D0C3
:104CCC00E37E002BF6D0D4F81530C4F85130B4F88C
:104CDC001930A4F85530C5E740420F00F0B5464EE8
:104CEC00327985B0044602F0FF0312B90278FF2A2C
:104CFC0004D140F6A2112D20FBF776FA3382B36073
:104D0C007371B37180F871303C4B00933C4B019341
:104D1C003C4B0293336A68465B68039301F056FF81
:104D2C0001F096FD01F0D2FF01F06AF9364801F06E
:104D3C0023FE04F12805354801F042FF284609F00E
:104D4C00F5F8284609F0F7F801F03CFE217925200A
:104D5C0001F040FD94F9120001F008FE04F1340159
:104D6C00206B06F0A6FD04F13C010746206B06F013
:104D7C00C7FD054617B194F82430C3B90DB194F8AA
:104D8C002550237F13B963885B0709D5D4E9121228
:104D9C006FF000439A4208BFB1F1FF3F09D185B9CA
:104DAC0030680330FEF7FEF9B07405B0F0BD012594
:104DBC00E7E709F021FBD4E91223904271EB0303DE
:104DCC00EDD3012205EA02012046FFF725FB68B16D
:104DDC00FEF7CAF9054609F00FFB0D4BA5FB033591
:104DEC001B1845EB0105C4E91235D9E7002DD7D0C6
:104DFC0040F6D7117FE700BF5C140020594B000030
:104E0C00FD440000A9450000D6BE898E55555500BD
:104E1C0040420F00F7B50446FFF760FF0021204623
:104E2C00FFF7C4FDA36E0BB101221A606388DB0788
:104E3C0021D50023114E256ACDE90033FF23F374ED
:104E4C0005F10A076846FBF71DFEA0B9009CA542B8
:104E5C00F8D06A7A607A3B4604F10A0107F089FFC0
:104E6C000028EFD0A378F374D4F803007061044BDE
:104E7C00B4F807209A8003B0F0BD00BF5C1400208A
:104E8C0070140020024BD8611B6A1B68184700BFC6
:104E9C005C14002043881B0710B5044611D5036A27
:104EAC000A493C2280F87B201B88A0F87C30FF2329
:104EBC0080F899304FF6FF73A0F89A30723008F0F2
:104ECC0090FAFF2384F8713010BD00BFB1DB0000F5
:104EDC00E5480000014B000009DC000003DC000089
:104EEC00214E0000D1440000494B0000E84E000068
:104EFC00E04E0000DC4E00000138022808B503D952
:104F0C00C3212F20FBF770F913290A4B05D811295F
:104F1C000CD8102907D0D121F3E71529FBD103EBCD
:104F2C004003D88801E033F8100008BD03EB4003C0
:104F3C009889FAE7E4000200F8B52F4B1A8840284C
:104F4C0042EA00021A8005D104219868BDE8F840B5
:104F5C00FDF734B8802801D10521F6E700F00302F3
:104F6C00032A04D140F60E213120FBF73DF910F055
:104F7C00020418BFD960C50705D5CA781961062A7D
:104F8C000DD00B2A18D02CB1DA68D278052A1FD094
:104F9C000B2A2AD0820644BF08221A75F8BD9A68DB
:104FAC0092F887101829EED1002600270121C2E9BA
:104FBC00386782F88B10E6E79A6892F88710122906
:104FCC0001BF002182F88B10012182F8C810DAE7AA
:104FDC009A6892F887101629DCD100240025C2E9C2
:104FEC003A45012182F88C10D4E79A6892F8871020
:104FFC001129CFD10021F5E78014002013B5044608
:10500C0001A8FDF7FDFE20B940F60C013120FBF79D
:10501C00EBF822220021019805F0EEFD0198032106
:10502C0008F0C7F80198037823F0100303702146A9
:10503C00FEF75AFA019906482246FEF7F3FDFDF7F2
:10504C00F5FE10B940F61601E0E702B010BD00BF46
:10505C008414002070B5274CA36893F8466293F82B
:10506C004752002E3FD193F86810002D3DD193F894
:10507C00692083F8681083F86920FF2283F86A207E
:10508C001D4B1B680BB1A0689847A36893F824319B
:10509C00012B02D056EA050303D018480021FDF776
:1050AC0063FDA068303008F01CFA0546A06800F2D9
:1050BC003511FEF77FFCA0680621FCF77FFFA06886
:1050CC00303008F00EFA8542044610D202F0E6FDAC
:1050DC000146601B322838BF322004F073FEB0FA50
:1050EC0080F0400970BD3146BFE72A46C1E7012078
:1050FC00F8E700BF801400206C0700208414002007
:10510C00002908BF1F21172810B503460BD80D28FE
:10511C000DD90E3809280AD8DFE800F00B09090967
:10512C000B090B09110BA0F12303022B23D900202F
:10513C0010BDBDE810400021184608F046BF114CC8
:10514C00A36893F88620212A09D1201DFDF70CFDB8
:10515C00A368002283F8862083F8C220E7E72E2A72
:10516C00E5D193F88730A3F12002062AF0D92E2B33
:10517C00EED02A21E9E7044B1B68002BD7D0BDE801
:10518C00104018478014002068070020114B097943
:10519C000246986890F88630212B11D02E2B0FD018
:1051AC00282B0FD0042B0FD00F2B0FD01D2B0FD073
:1051BC0090F88730232B14BFFE201720FFF7A0BFD9
:1051CC001620FBE72320F9E70E20F7E71220F5E77E
:1051DC001420F3E78014002008B50C4B9B6893F85F
:1051EC000E21FE2A04D040F61B013120FAF7FCFFF9
:1051FC0083F80E0111B9A3F8C41008BD0022A3F85E
:10520C00BE20012283F8C220F7E700BF80140020E3
:10521C000C4A117D91B938B99068B0F85810828F4A
:10522C0091420BD8FCF7BCBE13881B0708D59368BA
:10523C0093F88800073818BF01207047002070478A
:10524C00012070478014002043689B6F13F0300FCF
:10525C002DE9F74304460D4652D1084608F038F8BC
:10526C0030B9E978204603B0BDE8F04308F0F4B952
:10527C002846666808F028F80746284608F020F803
:10528C008046284608F022F88146284608F01AF88D
:10529C00303600904B4642463946304608F033F9DA
:1052AC00184B1A8892070FD5DA68D278142A0BD1CA
:1052BC006268936F43F010039367204608F09AF9E5
:1052CC00002003B0BDE8F083626892F886101D29B7
:1052DC00EED092F81B21002AEAD1626892F81A21CA
:1052EC00002AE5D161688A6F42F020028A679A68C9
:1052FC00114602F59F7231F8300BFEF7A9FBDCE783
:10530C000120DEE78014002010B5154BDB681979FD
:10531C00436893F88620092A09D193F809218A4217
:10532C0005D1002283F8862083F8C22010BD9A6F25
:10533C0012F0080406D022F00802BDE810409A676B
:10534C0008F062B9FF2905D1332283F8862083F84F
:10535C003C42EBE740F204513120FAF745FF00BF25
:10536C008014002010B50B794268172B92F8862018
:10537C0004460CD80D2B0CD9A3F10E01092908D821
:10538C00DFE801F009070707090709071009232BB4
:10539C0026D0002010BD22460121BDE81040184641
:1053AC0008F013BE212A01D02E2AF2D1204608F093
:1053BC0018F9636893F88720222AEAD093F8D92049
:1053CC0022F0010283F8D920626892F8D93023F0D8
:1053DC00080382F8D9301A212046FDF7C5FBD8E71F
:1053EC00282AD6D1024B1B68002BD2D09847D0E785
:1053FC0070070020F7B57F4C0546002840F0AC80C4
:10540C0023881F0727D5A36893F80E21FE2A04D101
:10541C0040F276513120FAF7E7FEFE2283F80E2196
:10542C0093F887201A2A07D183F8C700201D08F0AB
:10543C00EBF8A36883F88750A36893F88620202A9A
:10544C0032D0332A3ED093F88820072A02BF02229A
:10545C00627583F80E212388DE073CD42388580715
:10546C0000F1A980990713D5E368DE780D2E00F0C2
:10547C00AA80112E00F0A980072E00F0A8803046DB
:10548C00FEF792FC0346002800F0A3805A48984788
:10549C002388DA0660D5A36893F887200A2A5BD1A3
:1054AC000B2283F8872057E093F88720A2F1200184
:1054BC00062901D92E2A03D12E2283F88620C2E791
:1054CC002122FAE7012283F83D22002283F886206C
:1054DC0083F8C220B7E7A368276993F88730113B9C
:1054EC000B2B0BD8FB78023BDBB2092B7DD80122AE
:1054FC0002FA03F340F23332134276D03846FDF70A
:10550C00D9FFFE7820B931463B4808F0A5F845E0B4
:10551C00012E01D9162E0FD1A36893F8860008F03E
:10552C0088F848B1A36893F88620202A04D0212A51
:10553C000ED12E2283F88620112E34D026D8072E99
:10554C0033D00D2E33D03046FEF71CFC034621E041
:10555C00162E0CBF20250225237D1B0713D5A3680F
:10556C0093F88730113B0B2B41D9002601A903205E
:10557C000196FBF7E7FE019B2BB11E720C22A16872
:10558C000198FEF7B1F9284603B0F0BD142EDAD11C
:10559C001A4B1B686BB121691748984700283FF4D8
:1055AC005DAF0546D8E7164BF5E7164BF3E7164B00
:1055BC00F1E7F978A8E7A26892F88820062A04BFD8
:1055CC00012262754EE7114B60E7114B5EE7114B00
:1055DC005CE7FF2E06D1A268332182F8861082F890
:1055EC003C0255E740F26A5114E70825B4E7082558
:1055FC00C9E700BF80140020841400207807002025
:10560C00E3E00000715300009951000073E00000CA
:10561C0091E00000155300002DE9F041A44CB4F8C2
:10562C0000800E46A16818F4007F0ABFB1F8B820BC
:10563C000023013201F1780507461ABFA1F8B830F2
:10564C0081F8B731A1F8B820284608F033FD28B10D
:10565C00434601F596722846FEF75AFD238803F45B
:10566C00C06333B1A06890F88A30002B4AD0032B6A
:10567C004ED0A168238891F88A20012A04D11D05F7
:10568C0044BF022281F88A20002F40F0AC805806DB
:10569C005DBFB1F8D021013292B23A46A1F8D021C7
:1056AC0003F00A020A2A0DD1E268D278022A09D143
:1056BC0023F0080330462380FFF79CFE08230643A3
:1056CC00F6B223803046FFF795FEA36893F80E21BF
:1056DC000643FE2AF6B24ED1002E4CD193F8882008
:1056EC00063A012A47D993F81831B3B1A36893F855
:1056FC001921A3F8BC6083F8102101210220FFF7C7
:10570C006BFD38E0012180F88A10FCF757FCB0E7FC
:10571C00022380F88A300121F7E7A06890F88730DF
:10572C00A3F11005EDB20C2D11D8113B0B2B00F28F
:10573C005181DFE813F007014F014F014F010A01BE
:10574C0012014F014F014F014F014F013D01836F7A
:10575C00D90702D531460920D1E79A0740F19A8042
:10576C0031460C20FFF738FDA26892F8C93043F09F
:10577C00010382F8C930A568B5F8B03195F8B48149
:10578C000133A5F8B031B8F1000F00F0E181FBF75F
:10579C00CBFD10B10023A5F8B031A16891F88A8037
:1057AC00B8F1010F40F20A8291F88830072B40F0D3
:1057BC00E781B1F8B830022B40F20082B1F8BA5050
:1057CC000135ADB2B1F880302B44A1F8A83191F875
:1057DC00B531002B00F0F6810123A268B2F88010DD
:1057EC000B44A2F8AC312288A36855065BBFB3F812
:1057FC00BC21B3F8AE1100225218A3F8BC2193F8C7
:10580C0018312BB9A36893F88830063B012B07D8C5
:10581C00A368B3F8BC20B3F8AE110A44A3F8BC20BB
:10582C00A36893F8C20030B1B3F8BE20B3F8AE1140
:10583C000A44A3F8BE2093F9C6100029C1BFB3F8DF
:10584C00C420B3F8AE515219A3F8C42093F8A92080
:10585C005AB9002F40F04B82627D022A40F0008240
:10586C0093F81021062A18BF1622A36893F8A830C3
:10587C002BB9A3680F4883F8A920FEF7A7FAA068F4
:10588C0008F068FCA368002283F8B321BDE8F0415E
:10589C00FDF7F2BA590702D5314613202FE71A0744
:1058AC000AD590F8083180F810313146072026E7E8
:1058BC00801400208414002013F0300F3CD090F89A
:1058CC001B31002B40F01982A36893F81A31E3B115
:1058DC00A06890F88730252B00F58D7100F24622D8
:1058EC0028D090F88630A3F1250CDCF1000343EBB3
:1058FC000C0307F0FAFDA268936F23F0200343F02A
:10590C0010039367002382F81A31A068836FDA06BC
:10591C0040F1F38100F23511FEF74CF8A368B3F8AF
:10592C005220A3F81021B3F85620A3F8122100211D
:10593C001520E4E60123DCE75B0640F1DE81002163
:10594C002420DCE600210B20D9E6FEF7B3FA002870
:10595C003FF411AF00210420D1E690F83832012B2E
:10596C0008D100210520FFF737FCA368002283F83B
:10597C00382200E7A36893F83832022BD8B27FF4B0
:10598C00FAAEA36893F8C85006221DB183F8102113
:10599C000021E8E7B048032107F045FEA36893F81F
:1059AC00D83013F0040F294614BF11200D20DAE76C
:1059BC0000210620A3E693F82421022A02D100211B
:1059CC0017209CE693F82421012A03D193F8253162
:1059DC00002BF4D0A36893F886206AB993F887203B
:1059EC00103A0C2A40F2998193F8B620002A00F064
:1059FC0094810121122082E6092A40F08A8193F8D1
:105A0C00092183F81021012150E7A36893F82A316A
:105A1C009BB1A36893F8C93013F003050DD1012194
:105A2C000C20FFF7D9FBA36893F8C92042F00102C0
:105A3C0083F8C92083F82A519BE7A36893F81A319D
:105A4C0053B3A36893F81B3133BBA06890F887302D
:105A5C00252B00F58D7100F246221BD090F8863074
:105A6C00A3F1250CDCF1000343EB0C0307F03DFD27
:105A7C00A368002283F81A2101211420FFF7ACFB44
:105A8C00A368B3F85220A3F81021B3F85620A3F85A
:105A9C00122170E60123E9E7A36893F82421012A77
:105AAC004CD193F82531002B48D1A16891F887305F
:105ABC00A3F12002062A41D92E2B3FD091F8685031
:105ACC00012D06D0022D04D04FF450710620FAF7A8
:105ADC008BFB91F86900012801D00228F4D1022D2A
:105AEC0091F826210AD0012A14BF002201223AB9CA
:105AFC000A3B042B12D90121162000E6022AF3E7F7
:105B0C00022891F8272117D0012A14BF0022012264
:105B1C00002AEDD050480021FDF726F8A36893F831
:105B2C008620002A7FF427AE93F83C32002B3FF4FA
:105B3C0022AE0121FF20E2E5022AE6E7474B1B6873
:105B4C00002BEBD044489847FE28E7D00121D6E53E
:105B5C00FBF7E4FB08B1A5F8B081FBF7EDFB0028DF
:105B6C003FF41BAE95F8B7310133DBB2022B85F84D
:105B7C00B73182BF0023A5F8B03185F8B7310CE6F8
:105B8C0091F8B6301BB191F886300F2B16D1B1F8C5
:105B9C00BA50B1F8B83001F17800ED1A033D08F0B5
:105BAC0089FA68B1D1F8B030D1F8AC20033B9B1A1C
:105BBC009D42A8BF1D46012D3FF703AE012501E60E
:105BCC002B46F5E7012D7FF607AE91F8873013B120
:105BDC000B2B7FF401AE91F88630002B7FF4FCADDB
:105BEC0091F88830002B7FF4F7ADB8F1020F7FF4F9
:105BFC00F3AD91F8B731002B7FF4EEAD0869B1F835
:105C0C002E8005F0B7FC00283FF4E6ADA26892F8B0
:105C1C000E31FE2B7FF4E0ADB2F8AA31012B7FF6EA
:105C2C00DBADB2F8B011138C9942BFF4D5AD5B1A51
:105C3C009BB2013DADB2B5FBF8F59D4228BF1D46A8
:105C4C0018FB05F3003D03F1010318BF01259BB2BE
:105C5C0082F8B251C1E500BF841400207407002003
:105C6C00012A09D193F88920002A7FF4FEADA0689F
:105C7C000021FCF7A3F905E65EB1F00635D4310737
:105C8C0035D4B20635D4B30735D14FF41961312070
:105C9C001DE738B1B3F8BE00B3F8C020904201D371
:105CAC002222E2E5002905DDB3F8C410B3F8C020C8
:105CBC009142F5D2B3F8BC10B3F8BA2091420BD292
:105CCC00A36893F88A10B3F8B82051B1B3F8BA307E
:105CDC009342CCD80822C8E593F81831002BDFD1B9
:105CEC00EEE7052AC3D93E22BFE51E22BDE53D22C3
:105CFC00BBE52322B9E52A22B7E5A36893F88720F0
:105D0C00222A3FF458AE312A7FF464AE00211120D0
:105D1C00F5E40C2D3FF602AF2DE50C2D7FF62BADE7
:105D2C0093F82B31002B3FF470AE01210E20FFF7BE
:105D3C0053FAA368002283F82B211AE673B5674D3A
:105D4C00002401262E71A8602C802C756C75FF2305
:105D5C0080F8B331AB681888FDF74CF8AB6818883D
:105D6C00FDF774F8AB68B3F8AA21EAB193F80E21E9
:105D7C00FE2A19D193F81831B3B1AB6893F8882087
:105D8C00063AB24210D993F81921A3F8BC4083F813
:105D9C00102102203146FFF71FFAAB68022083F86E
:105DAC00B241FFF72BF904E0AB6893F80E01FE2823
:105DBC00F7D1AC68B4F8AE11B4F8B021E38D013969
:105DCC0089B2B1FBF3F31344A4F8B031B4F8B83092
:105DDC000B44A4F8B83004F1780008F06BF920B14A
:105DEC00D4F8AC300B44C4F8AC30B4F8AA31012B65
:105DFC009CBF0133A4F8AA31002609B184F8B7611D
:105E0C0094F8873084F8B261A3F10A02012A1FD8F2
:105E1C00B4F88030B4F844229B1A190432D404F23A
:105E2C00462104F18E0007F092F8AB6883F8876086
:105E3C00FF2283F8C320A968B1F8AE2101F17800E4
:105E4C0007F0CBF8A0B340F61B113120FAF7CCF9D0
:105E5C00252B17D1B4F84422B4F880309B1A1A04BD
:105E6C0010D484F88760FFF7F5F8AB68014630B9B9
:105E7C0083F8240102B0BDE87040FFF7CDBB83F876
:105E8C002461D8E794F8863003F0FD03252BD2D19A
:105E9C00B4F88030B4F844229B1A1B04CBD40023F2
:105EAC0084F88630FFF7D6F801460028C3D1E1E725
:105EBC000B4B0C49009303C90B4B0C4AFBF708F92D
:105ECC00AB6893F88730113B0B2B04D802B0BDE8BC
:105EDC007040FBF7F5B802B070BD00BF8014002015
:105EEC0025560000841400201D520000454F000070
:105EFC00D0F84C328269934210B5044604D1D0F8E4
:105F0C005012026A914215D02288A4F88A2140F2DC
:105F1C00E242B3FBF2F3A4F88C31B4F85032A4F89B
:105F2C008E31B4F852320949A4F8903104F5C0709E
:105F3C0007F060FA02212046FDF7F4F9002384F8FB
:105F4C008730032384F88A3010BD00BFA9D7000026
:105F5C0008B5FDF73BFE024B024A1A6008BD00BFB4
:105F6C007807002055520000064BD3F8000138B1D9
:105F7C00D3F8040120B1D3F80801B0FA80F040093D
:105F8C00704700BF00F00040034B00221A705A709B
:105F9C0010229A70704700BF9814002070B5064606
:105FAC00022014460D4600F08BF9064B01221A70A4
:105FBC00054B033CC3F81045C3F80865C3F80455FA
:105FCC0070BD00BF9814002000F0004008B50220FE
:105FDC0000F076F9084B01221A70084B0022C3F826
:105FEC000021C3F80421C3F8082103F580334FF4D2
:105FFC000002C3F8042508BD9814002000F00040EE
:10600C000D4A08B513787BB10C4B4FF40001C3F863
:10601C000815FFF7A9FF60B101235370084BD3F8A3
:10602C000034937000231370BDE80840002000F08A
:10603C0047B950701023F4E79814002000F0014089
:10604C0000F000400A4B1A786AB10A4BD3F80021D1
:10605C005AB1D3F8040120B1D3F80801B0FA80F09A
:10606C004009C0B27047587870470220704700BF93
:10607C009814002000F0004008B5074B1A783AB18C
:10608C00FFF772FF30B1054BD3F80004C0B208BD66
:10609C009878FCE71020FAE79814002000F00040F4
:1060AC00024B00221A705A709A7070479B14002091
:1060BC002DE9F04104461C4D01201E46884617462A
:1060CC0000F0FEF804F003002E7140EA0643174E70
:1060DC0043F08073C6F80435C6F8088504F01AFC42
:1060EC0030B9D6F8183523F0FF033B43C6F8183502
:1060FC000F4B104AC3F8082514F0FB0F01BF0E4AD2
:10610C00C3F89825FC3AC3F89C250122022C6A702E
:10611C00EC7007D8054B2A700021C3F80011C3F8A6
:10612C0000121A60BDE8F0819B14002000F00040C2
:10613C0000F001400000020200F10040214A5378B7
:10614C0070B523B940F20A213C20FAF74DF81E4BEA
:10615C00C3F80C15C3F81005D57801249470C5B993
:10616C0012780AB9DA21EFE7184AC3F804514FF450
:10617C000035C2F80455D3F8006116B15C60C2F862
:10618C0008550B7803704B78043343708B7883700D
:10619C0070BD042D4FF0000106D11470C3F804112A
:1061AC00C3F800421C60F3E7127812B94FF4837104
:1061BC00CAE7C3F80411054B4FF00072C3F804256D
:1061CC00E6E700BF9B14002000F0004000F0014007
:1061DC00084B1A784AB10849084AC1F80825002228
:1061EC00C1F89825C1F89C251A7000225A709A7033
:1061FC00704700BF9B14002000F001400000020219
:10620C00194B1B7870B523B940F279213C20F9F772
:10621C00EBFF164CD4F80431BBB90223C4F8043399
:10622C00134B144E1D691A6942F0100205F010054B
:10623C001A61D4F804317BB125B90D4A136923F0E6
:10624C00100313610223C4F80833084BD3F800047D
:10625C00003818BF012070BD4FF40043C6F88031E0
:10626C0008F0F8F8E5E700BF9B14002000F00040B0
:10627C0000ED00E000E100E0014B01229A60704764
:10628C0000F0004008B50B4B4FF40042C3F88020DF
:10629C00BFF34F8FBFF36F8F074B0022C3F800255E
:1062AC00C3F80025FFF794FF044B4FF40002C3F82A
:1062BC00082508BD00E100E000F0004000F00140BE
:1062CC0038B5144C0023C4F80035C4F80035054625
:1062DC00FFF77EFF104B4FF40002012DC3F8082589
:1062EC0003D0022D08D085B938BD0223C4F800357F
:1062FC000A4BC4F81435F7E70321C4F80015074915
:10630C00C4F81415C3F80425EEE784213D20F9F7F1
:10631C006BFF00BF00F0004000F00140A014002013
:10632C00024B00221A809A701A717047B015002027
:10633C0038B5144D95F835200346084622B940F679
:10634C0092013E20F9F750FF6BB9012A2C6B95F89E
:10635C00341005D100F05EFE2044AB6AC01A38BD83
:10636C0007F0A4FFF8E7012B0AD1012A2C6B95F852
:10637C00341002D100F040FEEEE707F0A2FFEBE78D
:10638C000020EAE7B015002008B5094B012883F876
:10639C002000084B06D0022808D040F6E1513E20E0
:1063AC00F9F722FF0322C3F8102508BD0422FAE7EF
:1063BC00B01500200010004008B5144B93F8413084
:1063CC00D90720D59A070ED5114BD3F8002242F0ED
:1063DC000102C3F80022D3F8500500F0F600023891
:1063EC0018BF012008BD5B070DD50A4B0A4AC3F83C
:1063FC00AC25A3F5B833D3F8403123B140F2416159
:10640C003E20F9F7F1FE0120ECE700BFB0150020AB
:10641C000010004000F001400810004007B50B4A86
:10642C0001AB92F9212000F039FE9DF9040000F037
:10643C00DBFD9DF8050000F0A5FE20B140F20A61DD
:10644C003E20F9F7D1FE03B05DF804FBB015002037
:10645C0008B503460F4863B92831C1600E4900F0F6
:10646C0079FE0130012814D940F264713E20F9F70D
:10647C00BBFE012B0AD12931C160074900F070FE27
:10648C000130012805D940F26E71EFE740F27271CC
:10649C00ECE708BDE80400200401020008B50C4B31
:1064AC009B78012B09D100F061FE013001280ED937
:1064BC0040F6E3013E20F9F797FE022B07D100F0DE
:1064CC005BFE0130012802D940F6E901F2E708BD74
:1064DC00B0150020044B03441A7E044BC3F8082566
:1064EC00C3F85405704700BF0401020000100040BF
:1064FC0038B50D460446FFF747FF2846FFF7EAFF7D
:10650C0029462046104DFFF789FF40F20313C5F8CA
:10651C00343540F25B63C5F8383504F027FA90B196
:10652C004FF08053D5F88825D3F82033022C22F471
:10653C00FE420CBFC3F30663C3F3062342EA0323F4
:10654C00014AC2F8883538BD0010004010B50C4621
:10655C00FFF71AFF2046FFF7BDFF124B5A78012AAE
:10656C0003D1D8782146FFF759FF0F4CD4F80032ED
:10657C0043F48873C4F8003240F20313C4F8343582
:10658C0040F25B63C4F8383504F0F0F940B904F01C
:10659C00FDF928B9D4F8683543F4C023C4F868353C
:1065AC0010BD00BFB015002000100040F8B53D4CE8
:1065BC000D4616460746002847D1104694F822107F
:1065CC00FFF796FF22780123A3709A42364B4FEACD
:1065DC0046061E4429D1B6F840304FF47A7203F5C2
:1065EC00FA73B3FBF2F3ED1AA16A304B304A0D4447
:1065FC00C3F8405503F5A073C2F8A835A36B43F458
:10660C000023A3634FF40023C2F8043523789BBB0B
:10661C0094F8413043F0020384F84130FFF7CCFE8C
:10662C00044680BB40F2536123E0B6F846304FF489
:10663C007A7103F5FA73B3FBF1F3ED1A002AD3D197
:10664C001B4B1C4AC3F8AC25CEE701280FD194F89C
:10665C0022101046FFF77AFF0223A3702378012B38
:10666C00C2D0293D002BBFD1114B134AEAE740F6AB
:10667C0014013E20F9F7B8FD012BCFD194F841302D
:10668C0043F00403C8E7094B0122DA64D3F84C3514
:10669C009D4205D929463846FFF7DAFE2046F8BD5B
:1066AC000024FBE7B015002004010200008000402C
:1066BC0000F00140001000400410004010B55822BA
:1066CC000021194804F098FAFFF72AFE04F004F9A7
:1066DC0060B124221548FF2104F08EFA4FF080435C
:1066EC000022C3F8082EC3F8102E10BD04F0FEF8DB
:1066FC000028EED104F004F90028EAD104F020F9C6
:10670C0008B14022E6E704F011F904460028F8D15C
:10671C0006483822FF2104F06FFA4FF08043C3F88B
:10672C00084EC3F8104EE0E7B0150020000E0040F4
:10673C00024B0344187E00F51660704704010200FA
:10674C00014B93F834007047B0150020024B186BC6
:10675C009B6AC01A704700BFB0150020094AD2E9E5
:10676C000A3092F83410C01A074B03EB8103DA6C31
:10677C009B6D801A03F2F3134FF47A72B3FBF2F3AE
:10678C00C01A7047B01500200401020008B50F4A6A
:10679C0092F83410012906D0022914D040F2B2210B
:1067AC003E20F9F721FD40F6B830D2E90A239B1AB6
:1067BC00074A02EB8102D26C9B1A4FF47A72B0FB3F
:1067CC00F2F0184408BD4FF4FA60EEE7B015002063
:1067DC000401020008B5134B012983F8400006D0D0
:1067EC0002291BD04FF441713E20F9F7FDFC002328
:1067FC000D4A43F4801340F0007043F4847340F46A
:10680C004030C2F81435C2F81805D2F8503503F0F0
:10681C00F703032B05D140F21B31E5E74FF08073F2
:10682C00E6E708BDB01500200010004008B504F0E4
:10683C009DF850B1054AD2F8743723F0807323F0D9
:10684C00010343F08073C2F8743708BD0010004098
:10685C003F4B022270B5C3F88020BFF34F8FBFF3BC
:10686C006F8F3C4C0023C4F8FC3F0123C4F8FC3F61
:10687C0004F08CF828B1D4F83C3743F48063C4F8A6
:10688C003C3704F047F858B1D4F83C3723F00043B8
:10689C0023F0FF0343F0004343F09603C4F83C3766
:1068AC0004F064F82B4C38B1D4F8403723F47F4310
:1068BC0043F4B053C4F84037274BC4F8783700F092
:1068CC0071FC38B14FF08053D3F83033591C18BFDA
:1068DC00C4F84C374FF010231E4C1B6E5A1C09D0B9
:1068EC00D4F88C251B0403F47F0322F47F0213439A
:1068FC00C4F88C35194D0123C4F8303585F8203097
:10690C000323C4F8103540F20123C4F85036022694
:10691C00134BC4F80062187C00F04AFC114B124A6D
:10692C00C3F804250023AB862B6385F8413002F0B5
:10693C0095FC074BA8621022C3F88061C4F80423AD
:10694C001E60AB6D03B19847BDE8704000F0F6BB1C
:10695C0000E100E0001000402C000089B015002080
:10696C00E804002000F001400000020C014B83F809
:10697C0021007047B0150020034B020E0002C3F833
:10698C002425C3F81C0570470010004038B5044698
:10699C0000680A4DFFF7F0FF094B6268C3F83C250D
:1069AC00237A85F82230617AA07AFFF713FF607A98
:1069BC00FFF7EAFCE37A85F8213038BDB0150020EA
:1069CC0000100040014B83F822007047B0150020E6
:1069DC00F8B5244E96F84130DA0705460F4604D434
:1069EC004FF4F5613E20F9F7FFFB1F4CD4F8002261
:1069FC0043F0020342F00102C4F8002286F8413051
:106A0C0000BB96F822103846FFF772FD174A012397
:106A1C00B370D3642360154BD3F84C4528462146FC
:106A2C00FFF716FDB06A241ACDB9114901EB4707DF
:106A3C004FF47A71B7F8460000F5FA70B0FBF1F03C
:106A4C002044F8BD0128E6D196F822103846FFF70D
:106A5C007DFD0223B370054BDD646560DBE704F15B
:106A6C002900EEE7B0150020001000400080004027
:106A7C000401020008B5FFF799FD58B9064BC3F89D
:106A8C004005A3F5E04301221A610220BDE808404D
:106A9C00FCF74ABF08BD00BF0080004037B5244B4F
:106AAC002449D3F8044302224FF0FF30C3F8080303
:106ABC00C1F880212049C3F80022002281F841202E
:106ACC001E49C1F8402501F5B8314FF46025C1F8D5
:106ADC000855D3F85015C9B204F01004D1B18DF893
:106AEC000700C3F8102101221A619DF8072012B18A
:106AFC00D3F810213AB19DF807305BB940F6D201BA
:106B0C003E20F9F771FB9DF80720013AD2B28DF8BF
:106B1C000720EAE7FFF7C2FC05490023C1F8103152
:106B2C00FFF7FEFB14B11023C1F8043303B030BDE2
:106B3C000010004000E100E0B01500200080004093
:106B4C0038B51B4D0024C5F84845C5F84445C5F873
:106B5C004045C5F84C45FFF7A1FF00F0F5FA154B81
:106B6C0015499A6B9C6342F0446242F40032C1F8BE
:106B7C000825C3E90B441C76104BC5F84845022286
:106B8C00C5F84445C5F84045C5F84C45C5F84841DD
:106B9C00C5F84441C5F84041C5F84C41C3F88020C4
:106BAC00BFF34F8FBFF36F8FC3F8802138BD00BF89
:106BBC0000800040B015002000F0014000E100E032
:106BCC00014BC3F83C0570470010004010B50FC8CE
:106BDC00014C84E80F0010BD0C16002008B50A4BC0
:106BEC00C3F80405094B93F84120D86342F0010225
:106BFC0083F84120FFF7E0FB20B940F644113E201A
:106C0C00F9F7F2FA08BD00BF00100040B0150020E3
:106C1C0008B5134B9A6A10441A6B824204D340F69F
:106C2C0057113E20F9F7E0FA0E4AD8610121197686
:106C3C005164D2F84415884202D84FF41661F0E73B
:106C4C000021C2F84411C2F844059A6B42F4800248
:106C5C009A63054B4FF48002C3F8042508BD00BFAE
:106C6C00B01500200080004000F0014010B50F4C22
:106C7C00034694F8350094F8341002220128227649
:106C8C004FF0960094F820200CD100F0D1F9084A6E
:106C9C00E0610023C2F84431236BE1690B44C2F874
:106CAC00443510BD00F0DEF9F1E700BFB01500204F
:106CBC0000800040044BC3F86005D3F8002242F07A
:106CCC004002C3F80022704700100040054BD3F877
:106CDC00002222F04002C3F800220022C3F86025F3
:106CEC00704700BF00100040044BD3F8483503F048
:106CFC007F035B4203700120704700BF001000400F
:106D0C0008B50D4B0246D97008460021197082B99E
:106D1C0001225A709A78022A0DD193F82210FFF7AB
:106D2C007DFB064AD2F8003243F48873C2F8003275
:106D3C0001E002225A7008BDB0150020001000407E
:106D4C00024B0022C3F84025704700BF0080004072
:106D5C00044B30B5D3E912451B6DC0E900450B60FF
:106D6C0030BD00BFB01500202DE9F843924D934C77
:106D7C000123EB64A36AD5F84C7594F84090FF1A84
:106D8C0002F0CAFF0026C4E912062765FFF786FB4E
:106D9C008B4BA26BC3F808258A4AA663D2F8003243
:106DAC0023F48E7323F00103C2F80032237E84F89F
:106DBC00416023B1D5F844319B1B18BF0123A17846
:106DCC00012938D1D2F80C31002B0CBF0025082535
:106DDC0015F00B0F7B4B04D1D3F810210AB145F001
:106DEC0010050022C3F80021C3F80C21C3F81021B0
:106DFC00C3F80421C3F8082105F01803102B03D1A4
:106E0C00012908BF45F020056B4B6678D3F848255F
:106E1C002263D3F84435E36294F8203084F834309C
:106E2C0084F83510EEB9FFF77BFA2676EF0761D5BB
:106E3C00E36D98478EE0022911D1624AD2F80C0119
:106E4C00D2F8002400280CBF00250225D20758BF19
:106E5C0045F00405002BBBD045F00105B8E7002533
:106E6C00B6E715F0110F21D12379B6F1010818BF3F
:106E7C004FF00108012B26781CD0022B2FD09BBB86
:106E8C0096214046FFF754FA0146FFF749FA012EC6
:106E9C0007D13B378F422AD8474B26700022C3F8C4
:106EAC004021E2784046FFF7E5FD01E0FFF7F6FDF3
:106EBC000026BBE74448FFF769FD94F8353023B949
:106ECC0040F29F713E20F9F78FF9012B04D1FFF7A7
:106EDC005DFC61690144D8E7FFF740FCF9E73A48EB
:106EEC00FFF754FD6169D0E740F6D921EAE7354B4D
:106EFC001E619BE7A80745D503F038FDE8B903F000
:106F0C0045FDD0B92F4BD3F85034D90115D51A07FC
:106F1C0005D013F0F00F02D013F4706F0DD1294A85
:106F2C00C3F304410129D2F8542406D1012A04D018
:106F3C00C3F34253022B7FF67BAFE36B5B784B457D
:106F4C0088BF45F0040585F00400236E3146C0F37C
:106F5C0080009847A378022B12D1237E83B1022B99
:106F6C00154A1DD1236BE1690B44C2F84435A36B60
:106F7C0043F48003A363124B4FF48002C3F804253F
:106F8C00BDE8F88315F0280F06D085F02001636E5C
:106F9C00C1F340113046DCE7EB06DBD5A36E48E7C6
:106FAC00012B02D040F6B9418CE7E369216B8B428F
:106FBC00DBD840F6BA4185E700800040B0150020D0
:106FCC0000F0014000100040B8150020024B03EB0C
:106FDC008003D86C704700BF04010200014B53F8CA
:106FEC00200070475C010200024BC0B2C3F80C05D4
:106FFC00704700BF00100040054B33F811300238C9
:10700C004FF47A7203F2E733B3FBF2F31844704790
:10701C0074010200054B33F811304FF47A7203F50A
:10702C007A73B3FBF2F31844704700BF740102008B
:10703C0038B51D460A4B33F8111003EB82030535A6
:10704C009C6821444FF47A7301F6B73103FB0014AA
:10705C001046B4FBF3F4FFF7B9FF2C44204438BDC1
:10706C007401020070B5064608461546FFF7B6FFD8
:10707C00094A02EB850293684FF47A7203F6B73330
:10708C0002FB06331C1A2846B4FBF2F4FFF79EFFF2
:10709C000530204470BD00BF740102002DE9F74F8C
:1070AC00244C074698460D46164600F0A3F8237864
:1070BC00BB42814611D16378AB420ED194F90230B8
:1070CC00B3420AD1E378834207D1A388A8F80030F1
:1070DC0094F9060003B0BDE8F08F781EC0B2032807
:1070EC000ED8DFF854C00DF107031CF8000032462F
:1070FC00294600F085F8824638B13D21752002E022
:10710C0040F2B7410620F9F76FF828469DF907B011
:10711C00FFF70EFB534602464146584600F038F83E
:10712C00B8F80030A071A38027706570A67084F841
:10713C000390CDE70005002088010200014B1B687D
:10714C005B6818477C070020014B1B689B6818473D
:10715C007C070020014B1B681B6918477C0700202B
:10716C00014B1B685B6918477C070020014B1B68AF
:10717C009B6918477C070020014B1B68DB6918478B
:10718C007C070020014B1B689B6A18477C0700207A
:10719C0010B4034C2468E468A44610BC604700BFDC
:1071AC007C070020014B1878704700BF301B002073
:1071BC0000220F4938B50446134644FA02F0C007C2
:1071CC00D5B248BF581C02F1010244BFCD54C3B222
:1071DC00042AF2D1064DC3F10402042BD2B24FF0B3
:1071EC00FF0188BF0022E81803F006FD2C7138BDA2
:1071FC003C1B0020014B187D704700BF201600205F
:10720C00042810B511D883B104280CBF10242824ED
:10721C00A1420AD2064C54F8200018B141568A42B9
:10722C00A8BF0A461A70002010BD6FF01500FBE7CE
:10723C002016002030B50346114890F91C209A42C4
:10724C0019DD90F924209A4217DA9A1A846AA05C04
:10725C000C4A15569D420DD00E32002918BF013034
:10726C009442C0B206D129B1013BDBB2012B01D84B
:10727C000130C0B230BD0D20FCE70020FAE700BFA2
:10728C00201600208C01020008B5054B93F91C3028
:10729C00984203DAFFF7CEFF024B1B56184608BD87
:1072AC00201600208C01020010B51C4C94F82C30D8
:1072BC0073B9012384F82C3003F022FB48B1184B2E
:1072CC00A362D823236284F824300823A361237794
:1072DC0010BD03F02BFB0028F1D103F031FB00288B
:1072EC00EDD103F0EFFA38B10E4BA362D823236231
:1072FC0084F824300423E9E703F0EEFA0028F3D1F4
:10730C0003F0F4FA0028EFD103F004FB0028EBD1D2
:10731C004FF4DF71742003F09BF800BF201600209F
:10732C00C70102009A0102004FF080420123536012
:10733C000023C2F80031014A137070474D1600202B
:10734C00014B01221A7070474D1600204FF08043FC
:10735C00D3F8003123B9034B187800F001007047C3
:10736C000120FAE74D16002070B50A4D012604469F
:10737C002E70FFF7EBFF30B94FF080436E706C60EE
:10738C00C3F8046370BD002CFCD0A04700236B60D5
:10739C00F8E700BF50160020024B00221A705A70FA
:1073AC005A6070475016002010B5034C208100F035
:1073BC003BFC608110BD00BF50160020014B98892A
:1073CC00704700BF50160020014B1889704700BF52
:1073DC0050160020014B5889704700BF50160020F2
:1073EC0010B5EFF3108472B6064A937B0133DBB20F
:1073FC009373937B012B01D106F0AEFF04B962B6F7
:10740C0010BD00BF5016002038B5FFF7E9FFFFF79D
:10741C009DFF094C4FF0804540B106F0C7FF01239A
:10742C002B610423E3730023237438BD0323E3731C
:10743C000123C5F80433F6E75016002010B5EFF31E
:10744C00108472B6094A937B23B940F2E3116D2084
:10745C0002F0FEFF937B013BDBB29373937B0BB982
:10746C00FFF762FF04B962B610BD00BF50160020D2
:10747C00024BD87B003818BF0120704750160020F3
:10748C0073B51B4D6B7C63B9E86900F0030006F023
:10749C007DFF30B1EFF3108372B6EA7B1AB103B9FA
:1074AC0062B602B070BD0122EA7303B962B64FF046
:1074BC0080430822C3F808234FF42073ADF806303C
:1074CC00BDF80640A4B2631E9BB2ADF80630002C8A
:1074DC00F6D14FF080460748C6F80C4106F09CFFE9
:1074EC0085F82140FFF790FF0823C6F80433D8E74E
:1074FC0050160020701600202DE9F041384C94F8FD
:10750C002230002B69D04FF08043D3F80071D3F8B0
:10751C00046157B10122C3F8082363782BB1636867
:10752C00002565700BB1984765604EB14FF08043F4
:10753C000022C3F804210222C3F80823FFF7A0FF9E
:10754C004FF080462748D6F80C8194F82150EDB2C4
:10755C0006F066FF20B14FF421716D2002F078FF28
:10756C0047B1E37B032B05D10423E37306F01EFF25
:10757C0001233361B8F1000F16D04FF08043002285
:10758C00C3F80C21E37B042B02D040F2A221E4E7E8
:10759C0003F0E0F9C0B14FF080430022C3F8342C63
:1075AC000223E373FFF74AFF4DB1002384F8213027
:1075BC00E37B022B01D1FFF727FFFFF73FFFBDE86D
:1075CC00F041084806F03BBF03F0A4F90028E2D1D3
:1075DC0003F0B6F90028DED1E2E7BDE8F08100BF88
:1075EC00501600207016002010B5054CE06900F014
:1075FC00030006F0CBFE0028F8D0002010BD00BF21
:10760C0050160020F8B5054650B10278042A07D868
:10761C00437842B9013B1F2B02D88378212B07D921
:10762C006FF0150097E0002BFAD18378002BF7D17F
:10763C00854B0127C3F88070BFF34F8FBFF36F8F5B
:10764C004FF08046C3F88071804C4FF0FF33C6F882
:10765C0008330023C6F80031C6F80431C6F80C31E3
:10766C00A373AB88A38106F07CFE08B12770A773C7
:10767C00D6F80C24D6F80C34D20303D5DF0701D589
:10768C00FFF75EFE4FF4AF60FFF78EFE2B78A97804
:10769C0063740022E261A1742274042B2CD8DFE8FD
:1076AC0003F00503192729000123E36106F060FEAE
:1076BC00002851D006F063FEE36903F003039842FF
:1076CC004AD1AB79EBB9FFF78FFF00281EDA40F2F5
:1076DC001F4113E0FFF784FE4FF08043D3F80C14E6
:1076EC00D3F80C24CE03F9D5D007F7D50223DCE769
:1076FC00574BDAE7574BD8E740F211416D2002F0B7
:10770C00A7FE4FF080430222C3F80423A37C6BB185
:10771C002B785BB9FFF71AFE054603F019F86FF0EA
:10772C000043002D00F08D80C4E905034FF0804329
:10773C00D3F80C24D3F80C34D20303D5DB0701D5D2
:10774C00FFF7FEFD404A01230020E07384F822304D
:10775C00C2F880311360F8BD4FF080430122DA602B
:10776C000022C3F80421E269C3F8182503F0AAF833
:10777C0010B34FF080534FF08042D3F84432C3F330
:10778C004233C2F83C3503F09DF810B34FF0804300
:10779C000122C3F84C254FF0804301229A6002224B
:1077AC00C3F80423AA79002AB0D1D3F80423910793
:1077BC001CD44FF47171A1E703F08EF80028D8D1D6
:1077CC0003F094F80028D4D103F0A4F80028D0D109
:1077DC00D9E703F081F80028D8D103F087F8002806
:1077EC00D4D103F097F80028D0D1D4E71A4A1669FF
:1077FC00116941F010011161D3F8043106F0100643
:10780C000BB906F029FE4FF08047D7F8043133B19D
:10781C00FFF7EAFE002805DA40F2DE316EE706F0EB
:10782C0019FEF2E726B90C4A136923F01003136111
:10783C004FF080430222C3F808230022C3F804212E
:10784C0064E7C4E9053071E700E100E05016002060
:10785C00010002000100030000ED00E010B50D4C2A
:10786C0004F1200006F0DCFD48B9E37B022B01D1CA
:10787C00FFF7CAFDBDE81040074806F0E0BD074A17
:10788C00012384F82130BDE81040C2F80031FFF725
:10789C00A7BD00BF501600207016002000E100E0CC
:1078AC00094B1A7810B504461AB142216F2002F028
:1078BC00CFFD5A7832B901225A70FFF791FD20465C
:1078CC00FFF752FD002010BD7416002038B5084C8F
:1078DC0025781DB158216F2002F0BAFD637823B1D1
:1078EC00FFF75AFD6570FFF7A9FD002038BD00BFFA
:1078FC007416002008B501B3F0B14FF0FF331A46EF
:10790C00E0FB01320E498A4203D990216F2002F02C
:10791C009FFD180D40EA0230C3F30F134FF22441C0
:10792C00B0FBF1F203EB0040064B03FB1200B0FB83
:10793C00F1F040EA0240013008BD0846FCE700BF08
:10794C003F420F00000024F4014B5B68184700BF56
:10795C0074160020014B9B68184700BF741600205A
:10796C00014BDB68184700BF74160020014BDB6924
:10797C00184700BF74160020014B9B69184700BFC5
:10798C0074160020034B1A780AB9FFF717BD188D2F
:10799C00704700BF74160020034B1A780AB9FFF722
:1079AC0013BD188A704700BF74160020034B1A7859
:1079BC000AB9FFF70FBD988D704700BF74160020F1
:1079CC00024B1B780BB9FFF75BBD70477416002098
:1079DC00014B5B69184700BF7416002010B5144C9E
:1079EC002378A3B1236A9847002806DB94F82A3041
:1079FC0023B1012384F82E30002010BDFFF7E8FFDF
:107A0C000028F6DA4FF49F716F2002F021FD094B2C
:107A1C006361094BA361094BE361094B6360094B3B
:107A2C00A360094BE360FFF7EDFD0028E1D0E4E72C
:107A3C0074160020F5750000697800007D74000054
:107A4C00ED73000049740000DFE30000064B10B535
:107A5C001C7824B140F29D116F2002F0F9FCFFF765
:107A6C00A3FC204610BD00BF74160020014B1879F2
:107A7C00704700BFA8160020054B1A79824283BFBD
:107A8C001B6800EB400003EB00100020704700BFA8
:107A9C00A816002043F60952C0F3080302FB03F3B7
:107AAC00400A03F5807302FB00F000EB5320704793
:107ABC0043F6095CC0F3080210B50CFB02F2C0F3EC
:107ACC004E24030E43EA01230CFB04F0090E02F5CD
:107ADC0080724FEA411C00EB52205A01B2EB030EAC
:107AEC004CEAD36C6CEB01044FEA841C4FEA8E1207
:107AFC00B2EB0E024CEA9E6C6CEB040C4FEACC0C15
:107B0C004CEA527CD200D31841EB0C01DA03C903C6
:107B1C00801841EA534141F1000110BD430B48F27A
:107B2C00376C0CFB03F34FEA134C00B5104B43F6C8
:107B3C00095E0EFB1C0000FB03F35B0D0EFB03FE4A
:107B4C0003EB4C230EF5745C0CF1080CB0EB5C2FC2
:107B5C0008D80EF5807EA0EB5E20C0B20B601070D2
:107B6C005DF804FB013300200B6010705DF804FB22
:107B7C006F0C0100F8B5274DA94246D8264E274F69
:107B8C00450F45EAC105A6FB0514C0F34F31A40B04
:107B9C0001EB054107FB1411A6FB0151890B41EACE
:107BAC0004411F4C04FB110448F2376C600B0CFBB6
:107BBC0000F04FEA104C43F6095E1A480EFB1C45C8
:107BCC0005FB00F0400D0EFB00FE00EB4C200EF50B
:107BDC00745C0CF1080CB5EB5C2F12D80EF5807EA2
:107BEC00A5EB5E2E5FFA8EFE069D85F800E00D0675
:107BFC0028184FEA112141F10001186059601460F6
:107C0C00F8BD01304FF0000EEEE796219B2002F0FC
:107C1C001FFC00BFFF7F841E83DE1B43000024F487
:107C2C000080841E6F0C0100420B48F2376303FB8B
:107C3C0002F2120C43F6095C074B0CFB120101FB20
:107C4C000333013B5B0D0CFB03FC5002B1EB5C2FCF
:107C5C0088BF0130184470476F0C01001F2810B505
:107C6C009FBF054B182460431C189DBF19506260C0
:107C7C000120002010BD00BFB016002008B5064B37
:107C8C0093F80023202A03D12D21022002F0E0FBDF
:107C9C0083F8300308BD00BFB016002008B5064BB2
:107CAC0093F80023202A03D13321022002F0D0FBC9
:107CBC0093F82E0308BD00BFB016002010B5094A7A
:107CCC0092F80033202B03D13E21022002F0C0FB9E
:107CDC0018214B43D018BDE81040D35840680321FD
:107CEC00184700BFB01600200C4B0D491B78012B18
:107CFC0014BF4FF4E0224FF4C022C1F8482318BF40
:107D0C000023C1F80823074A99000A440021012BDB
:107D1C0042F8041B00D170470123F8E7F01900204A
:107D2C0000B0004040B1004070B5EFF3108472B663
:107D3C00094A0A4B0025D2F80415D2F804612EB179
:107D4C00596801315960C2F80451F4E75B6804B911
:107D5C0062B6C0E9001370BD00B00040F0190020FD
:107D6C00094BD3F80435C01A20F07F4323F00103EC
:107D7C003BB120F07F40B0F5000F8CBF02200020FB
:107D8C0070470120704700BF00B0004008B5124B8F
:107D9C00D3F8042522F00302C3F80425D3F80825F0
:107DAC0042F00302C3F80825102292FAA2F2B2FAAA
:107DBC0082F2092A04DD094840F2A73102F03EFBA9
:107DCC00C3F810250122DA60054B4FF48072C3F81A
:107DDC0080211A6008BD00BF00800040392B0200D2
:107DEC0000E100E0114B4FF40062C3F88020BFF3B8
:107DFC004F8FBFF36F8FC3F880210D4B01225A6058
:107E0C009A60D3F80425002AFBD10A49C3F8081359
:107E1C004FF4E021C3F84813C3F84021C3F84421C0
:107E2C00C3F84821C3F80421704700BF00E100E00B
:107E3C0000B00040020007000D4B4FF48072C3F8F5
:107E4C008020BFF34F8FBFF36F8FC3F88021094B96
:107E5C0001214FF0FF325960C3F808230022C3F808
:107E6C004025C3F840211961034B1A72704700BFBB
:107E7C0000E100E000800040F01900202448FF23BE
:107E8C0010B54FF0FF32002443724FF0FF33C0E9BE
:107E9C00042304704460FFF7CFFFFFF7A3FF1D4AD4
:107EAC001D4BC2F800424FF40061196080691B49F8
:107EBC0030B901230B60194B0222C3F8042310BD07
:107ECC00174B184CC3F8A845C3F8AC05C3F85C199C
:107EDC004FF40021C3F804150521C2F84015012107
:107EEC001160D2F840110029FBD04FF40021C3F8E7
:107EFC00081501215160D1600021C2F84011C2F86F
:107F0C004015C3F8A815C3F8AC15C3F8AC15D2E7E7
:107F1C00F01900200080004000E100E000B00040BB
:107F2C0000F0014040810040014BD3E9040170474F
:107F3C00F0190020014BD3F80405704700B0004045
:107F4C0013B56846FFF7F0FEDDE90004FFF7A2FD6C
:107F5C00024B0021E4FB030102B010BD0080841E23
:107F6C0070B50F4B0F4D104A104C0026C5F8006130
:107F7C00C3F8A8254FF40022C3F8AC45C3F8042578
:107F8C0006F03CFAD5F800312BB10123C5F800619D
:107F9C006360E360F4E7013041F1000170BD00BFA4
:107FAC0000F0014000B0004000B1004000800040F3
:107FBC00B1F1FF3F08BFB0F1FF3F2DE9F041334C69
:107FCC0005460E461ED1324BD3F80031ABB1314BC6
:107FDC00314AC3F80825FFF787FE00236372FFF7C9
:107FEC002BFFFFF7D3FEFFF7BBFF0223C4E904010D
:107FFC002370FF236370BDE8F08106F0FFF9C51C08
:10800C0041F10006D4E90473B34208BFAF42F2D089
:10801C00204B214AC3F80825FFF766FE1C4A4FF493
:10802C00803125F07F480023C2F808134046C2F87F
:10803C004813C2F84031FFF793FE20B140F20931EA
:10804C006C2002F005FAC2F84085C2F8441323787C
:10805C00012B06D127F07F473846FFF781FE012818
:10806C00FAD000236372FFF7E7FEFFF78FFE094A91
:10807C0001234FF000412370C2F8041504226270F2
:10808C00034AC4E90456C2F84833B4E7F019002097
:10809C0000B0004000F001400000088037B540B14E
:1080AC00041FE4B2022C13D94FF46B716C2002F054
:1080BC00CFF9214B4FF48032C3F80823C3F84005A5
:1080CC00C3F84001D3F840310093009B03B030BD9E
:1080DC001A4D2B7893B16A7882420FD1184A1949FC
:1080EC00C2F80815012B01D1FFF7A6FE00232B7057
:1080FC004FF0FF324FF0FF33C5E90423124A4FF41F
:10810C008033A340C2F80833C2F8483304F5A8738F
:10811C0052F82300FFF724FE012818BF0B4B22B2A4
:10812C004FEA84041CBF00211951084B53F822302C
:10813C000193019BCAE700BF00800040F0190020AA
:10814C0000F001400000088000B0004040B1004049
:10815C0070B52C4B30B1041FE4B2022C2AD940F27A
:10816C0067310BE0D3E90401B1F1FF3F08BFB0F177
:10817C00FF3F06D11B7A23B940F23F316C2002F04D
:10818C0067F912B940F24331F8E71F4B4FF48031D5
:10819C000120C3F80413C3F840255864D3F84415E0
:1081AC0000248A42C3F8444503D82046FFF776FFE3
:1081BC00204670BD197829B15B78834202D140F218
:1081CC006331DBE7114B124E22F07F41A2001344C6
:1081DC004FF48035A5400022C6F808530846C6F86F
:1081EC0048531A60FFF7BCFD48B904F5A874012088
:1081FC0046F82410C6F80453C6F84453D9E7104681
:10820C00D7E700BFF01900200080004040B10040CB
:10821C0000B0004008B5FFF767FD054B4FF0FF328B
:10822C00C3F808230022C3F84025C3F8402108BD39
:10823C000080004008B50122084B10B1C3F844235C
:10824C0008BDC3F84823FFF7F7FD054B4FF0FF318E
:10825C0018704FF0FF30C3E90401F1E700B00040A3
:10826C00F0190020F8B5164D164E00244FF4803747
:10827C00D5F8043307FA04F21A4212D056F8243017
:10828C007BB1002346F8243004F5A87355F823007D
:10829C00FFF766FD28B1201DC5F80823C0B201F018
:1082AC002BFC0134032CE3D1054BD3F8042132B160
:1082BC000022C3F80421044A536801335360F8BD0B
:1082CC0000B0004040B10040F019002010B51C4C2B
:1082DC00637AFF2B2DD0237883B10122022B2272DB
:1082EC0021D1184B4FF40022C3F80825002323702A
:1082FC004FF0FF324FF0FF33C4E90423124BD3F895
:10830C000423D2031BD5D3F84021C2B14FF48032E1
:10831C000020C3F80823C3F84001FF236372BDE8B3
:10832C00104001F0E9BB022360782370FFF7B6FE22
:10833C00E4E7054BD3F804330BB10720EFE710BD8E
:10834C00F019002000F00140008000402DE9F04FB2
:10835C0095B01C460492CDE90201FFF7E5FD182308
:10836C0001910646C049082004EB440213FB0404A7
:10837C00631801EBC202083265581F7BD3F80480E6
:10838C0093F80D9005970FCA0EAC25F07F4A84E840
:10839C000F005046FFF77EFBB44B7C1C9842044404
:1083AC0000F298819C4200F39380002C55DBFFF780
:1083BC00D7FAB9F1010F834608D0AD4FD7E90223A4
:1083CC00B3F1FF3F08BFB2F1FF3F4BD0FFF7EEFA1E
:1083DC00019B0690B3F1FF3F08BFB6F1FF3F03D0FE
:1083EC00B54278EB030378D2029B0322EB1A93423B
:1083FC0069DBBBF1000F00F0F88000230793029BB0
:10840C00B5EB030B039B68EB0307FFF7CFFA0930BF
:10841C00C217834577EB020380F0EB80049B012BA2
:10842C0000F0F180079B002B5AD1019BB3F1FF3F69
:10843C0008BFB6F1FF3F53D0721B63EB0803042A4D
:10844C0073F1000180F23881012A73F100033ADAEA
:10845C00DDF81CB026F07F4A52E004F1F45404F528
:10846C009024A4E70028B1D1FFF7A0FA019B069055
:10847C00B3F1FF3F08BFB6F1FF3F00F0B380B54248
:10848C0078EB0303C0F0AE803B7C002B069B14BF43
:10849C0000221A463346EB1A9A4214DC0123079346
:1084AC00D7E90232B2F1FF3F08BFB3F1FF3FA6D0CC
:1084BC000699EB1A68EB02028B4272F100039ED212
:1084CC00B9F1010F9BD00024204615B0BDE8F08F08
:1084DC0004F1614404F5F70469E73346002285E7AB
:1084EC0028464146FFF764FD4FF0000BB8F1FF3F03
:1084FC0008BFB5F1FF3F00F0F2802E46CDF80480A6
:10850C005046FFF7C7FA5B4B221A9A420ED3001B58
:10851C009842C0F08C80554B9A4200F2C28098422F
:10852C0040F2E780C0F1614202F5F702D317002058
:10853C00FFF70EFE04460028C5D04D4FB9F1010FD0
:10854C00D7E9022375D0BBF1000F40F09780B3F14F
:10855C00FF3F08BFB2F1FF3F00F0B5800120FFF7ED
:10856C0069FE3B7C002B40F0A1806A1E68F1000381
:10857C000620FFF7EDFD002851D0B9694FF080427D
:10858C0000230B60C2F8083500238DF8483008939F
:10859C004FF0FF324FF0FF33CDE90A23DDF814A082
:1085AC008DF84590CDF83C808DF844A00E9508AF21
:1085BC000FCFDFF8C4904E460FC60FCF0FC697E80B
:1085CC000F0086E80F0028464146FFF771FA534624
:1085DC0001331B1841F100012046C9E9043115B0E3
:1085EC00BDE8F08F029BC21C55E7214FCDF81CB0A3
:1085FC0056E7B9F1010B2846414618BF4FF0010B65
:10860C00FFF7D6FC72E7019BB3F1FF3F08BFB6F151
:10861C00FF3F73D026F07F4A4FF0000B70E7BA692A
:10862C004FF080410123C1F808351360ACE742429A
:10863C007CE7B3F1FF3F08BFB2F1FF3F24D1BBF1A0
:10864C00000F8ED0069BF21A019B4FF0050063F1D0
:10865C000003FFF77DFD002846D03B7C002B84D126
:10866C0001233B7481E700BFB0160020FF7F841EFE
:10867C00101A00200040420FB8190020B3F1FF3F40
:10868C0008BFB2F1FF3FDDD0FFF764F94FF0FF32C6
:10869C004FF0FF33C7E90223BBF1000F3FF461AF8A
:1086AC00D0E702F1F45202F590223FE70520FFF7E4
:1086BC00F5FC00233B7458E728464146DDF81CB016
:1086CC00FFF776FC12E7FFF73FF905F097FEC7E9D5
:1086DC00020143E740F22E41702001F0B9FE40F256
:1086EC004371702001F0B4FE40F23121702001F092
:1086FC00AFFE40F60B01702001F0AAFE40F2A7611C
:10870C00702001F0A5FE00BF2DE9F04F8D4F7C7C51
:10871C0004EB44033B4483B05D78202D48D08A4B56
:10872C00E6B26400002B00F08980884BDFF82092C1
:10873C00002B5FD005EB461207EB420A4FEA4618B6
:10874C009AF81C30013BDBB2052B34D8814A12F865
:10875C0003B0BBF1080F2ED0AFF30080EFF3108302
:10876C0072B634443C449AF81D206270A278AA4236
:10877C0004BF2022A27013B9AFF3008062B6A844E4
:10878C0005EB450509EBC50207EB4808506859F89D
:10879C0035300122594688F81C2098477C7C04EB24
:1087AC0044033B44E6B25D78202D4FEA4404C1D12A
:1087BC0003B0BDE8F08F40F27261702001F048FE0A
:1087CC0062B6A84405EB450509EBC50207EB480862
:1087DC00506859F835300122594688F81C209847C2
:1087EC007C7C04EB44033B44E6B25D78202D4FEADD
:1087FC004404DDD005EB461207EB420A4FEA46185B
:10880C009AF81C30013BDBB2052BD4D8514A12F834
:10881C0003B0BBF1080FCED0AFF30080EFF31083A1
:10882C0072B634443C449AF81D206270A27895428A
:10883C0004BF2022A270002BC3D1C1E7434BDFF849
:10884C0014B1DFF80CA14FF02009002B4FD005EB31
:10885C00461207EB42024FEA4618137F013BDBB28C
:10886C00052BA8D81BF803100829A4D0EFF310830C
:10887C0072B634443C44527F6270A278954208BF71
:10888C0084F80290002B52D0A84407EB480805EB63
:10889C0045050AEBC5025AF835305068012288F8B4
:1088AC001C2098477C7C04EB44033B44E6B25D7887
:1088BC00202D4FEA4404CAD17AE762B6A84405EBEE
:1088CC0045050AEBC50207EB480850685AF83530E5
:1088DC00012288F81C2098477C7C04EB44033B4421
:1088EC00E6B25D78202D4FEA44043FF461AF05EB0E
:1088FC00461207EB42024FEA4618137F013BDBB2EC
:10890C00052B3FF658AF1BF8031008293FF453AF63
:10891C00EFF3108372B634443C44527F6270A278F9
:10892C00954208BF84F80290002BC7D1C5E701918E
:10893C00AFF3008062B6A844019905EB450507EB3F
:10894C004808A6E7101A00200000000000000000F4
:10895C00B0160020F80102002DE9F04F85B0DFF8C9
:10896C000C81019301EB41034FF0200C18F80340EC
:10897C0003916445924682F800C073D04B01DFF836
:10898C00F09006469B4610E0727B012A02D0427D95
:10899C00012A57D00BEB040308EB43038AF8004081
:1089AC005B7F202BA4465DD01C4604EB440009EBF6
:1089BC00C000D0E9032387683568716813EB070E94
:1089CC0042F10002754571EB02024FEA4403DBD21F
:1089DC001D46019B83F800C0039B4FEA431B2819DB
:1089EC0009EBC0003768B368D0F808A07268C1689A
:1089FC00DB1942F100029A4571EB020310D3437D5F
:108A0C00012B02D0737B012B03D0012005B0BDE8F4
:108A1C00F08FFEF7CBFFAAEB070701308742F4DAA1
:108A2C00019A254409EBC5051470A97DB27B0BEBAB
:108A3C000403914208EB430310D95C7F202CE4D053
:108A4C006500CCE70293FEF7B1FFED1B01308542C8
:108A5C00A0DA029B9AF800C01D46BAE7002005B0C8
:108A6C00BDE8F08F019B1C70CFE700BF101A0020EF
:108A7C00B01600202DE9F04F83B00C4615461E466B
:108A8C009DF83070FFF7D0F822686368451946F1FD
:108A9C000006954276EB030342D3DFF88C8005E0A9
:108AAC005D4576EB09033BD3C4E900B90DF107032F
:108ABC000DF1060239462046FFF74EFF88BB9DF8A4
:108ACC00073003EB430308EBC303D3E902A01A6995
:108ADC001AF1030B40F1000012EB0B0B627B40F11F
:108AEC000009012ADCD05B7D012BD9D1FEF75EFF9A
:108AFC00ABEB0A0301308342D2DA9DF8073003EB6B
:108B0C00430308EBC303D3E902B9FEF74FFF01306F
:108B1C0010EB0B0B49EBE0795D4576EB0903C3D207
:108B2C00002003B0BDE8F08FB01600202DE9F0470F
:108B3C0015461C4612782F7A95F809C088B0002388
:108B4C00E360C4E90033A7739DF8408084F80DC03E
:108B5C000646A360E2730F46002A3AD1FEF7A8FF3F
:108B6C00D5E9042C3C4BC31841F1000E9A427CEB26
:108B7C000E030AD3013E47F1FF37C4E900674FF4F7
:108B8C007A73A36008B0BDE8F087263041F100018C
:108B9C0082427CEB0103EDD3501E04F10C036CF10B
:108BAC000001009304AA06ABFEF7E4FF049B68687F
:108BBC0002330DF10F0205A91844FEF7AFFFDDE9F2
:108BCC00053207999B1A23F07F43C4E90021A36067
:108BDC00D8E7224804F10C0206A9FEF79FFF204BB0
:108BEC001B78202B24D01F498B69D1E9072108332E
:108BFC0042F1000A13EB01094AF1000A6B68207B71
:108C0C001844023005AA04F10801C4E9009AFEF7E1
:108C1C0085FF2869CDF8008032463B462146FFF798
:108C2C0029FF0028AED1C4E9006708B0BDE8F08781
:108C3C00637B16F1080947F1000A012BDED0FEF721
:108C4C008FFE0028DAD1FEF7B1FE10EB090399462E
:108C5C004AF1000AD2E700BF0040420FFF7F841E9A
:108C6C00B0190020B81900202DE9F04700EB4003A3
:108C7C00344DDFF8D480EC5C06464700FFF75AF918
:108C8C004FF0200C4FEA461E04EB440108EBC101E7
:108C9C000EEB0403D1F808A00A69AAEB000929F02D
:108CAC007F49B9F5000F05EB43030DD812EB0A020F
:108CBC00121A22F07F42B2F5000F05D8BCF1200F3A
:108CCC000AD12046BDE8F0875B7F202BA4461C46CA
:108CDC00DAD1BCF1200FF4D00CEB4613BA1905EB2A
:108CEC00430315F802805B7FAB54710144464FF08F
:108CFC00040E0B1905EB430322469445204683F8DA
:108D0C001CE05C7FF5D1BB192B440A4493F802E0BC
:108D1C00BEF1200F5FFA8EFC18BF8C443E4418BF86
:108D2C0005EB4C0C05EB4202354408BF83F801807F
:108D3C004FF0200318BF8CF81D80A8705377204685
:108D4C00BDE8F087101A0020B01600202DE9F04184
:108D5C0001EB41034A4DEE5C202E82B00C4680465E
:108D6C004FEA410740D1474B0BB1AFF3008005F000
:108D7C0045FBAB7C0191202B0AD0434BD3E906E297
:108D8C0010F1020C41F10003E64572EB030330D302
:108D9C00202E0AD042463346FFF7D8FA00283DD0A1
:108DAC000220AE7402B0BDE8F081D5E90223B3F124
:108DBC00FF3F08BFB2F1FF3F1FD12B7C43BB042008
:108DCC00FFF76CF9FFF726FA0020FFF733FAA969D1
:108DDC004FF080422020A874002301200B60C2F8C1
:108DEC00083502B0BDE8F0810846FFF73DFF86422A
:108DFC00B9D0002002B0BDE8F081FEF7ABFD4FF01A
:108E0C00FF334FF0FF32C5E902232B7C002BD6D069
:108E1C000520FFF743F900232B74D0E73A1906EB32
:108E2C00441305EB430315F802C05B7FAB5461019F
:108E3C006246042013468A1805EB42029E421077C4
:108E4C00527FF7D13A192A443C449678F0B2202E3E
:108E5C0018BF4018194418BF05EB400005EB410141
:108E6C00254418BF80F81DC0AB704FF000004FF0C8
:108E7C00200308BF82F801C04B7702B0BDE8F08137
:108E8C00101A002000000000B819002038B5164A4E
:108E9C00164D4FF0FF304FF0FF310023C2E90201B5
:108EAC00C5E90201202142F22000A970136082F86A
:108EBC002830A9741C4628806B742B7405F11C0295
:108ECC0002F814300134202CFAD1094801F07EFC50
:108EDC00084B094A1C70107001F068FDA861FEF780
:108EEC00CDFF0123EB7438BDB8190020101A0020F7
:108EFC0015870000B0190020E81900202DE9F04F6B
:108F0C0083B005F07BFAA44F06460C46FFF782F9B6
:108F1C004FF0FF334FF0FF32C7E9022397F82830A8
:108F2C00BBB9BB693A6AF9699C48023341F100014B
:108F3C009B1802F5DF62A0FB02024FEA922241F17C
:108F4C0000019B1841F100019E4274EB010380F07B
:108F5C000E814FF0FF304FF0FF31FFF729F8904AA8
:108F6C0092F800B0BBF1200F00F011818D4D202341
:108F7C001370AB746B7C00223A6003EB43025FFA14
:108F8C0083F915F802805B00B8F1200F00930BD029
:108F9C00DFF814A208EB48030AEBC3034FEA4802BC
:108FAC00D97D012900F0B780009BDFF800A203EB0C
:108FBC0009062E444FEA49183478202C04D0484630
:108FCC00FFF752FE8442F7D1BAF1000F01D0AFF394
:108FDC00008005F013FAAB7C202B09D0D7E90623CF
:108FEC0010F1020E41F1000C724573EB0C03E3D34C
:108FFC00202C19D023460122FFF7A8F9002860D0B5
:10900C0008EB0B0305EB4303AC741A7F022A36D032
:10901C00FF23AB71009B4B441D446B78202B40F01D
:10902C008C8003B0BDE8F08FD5E90223B3F1FF3F8C
:10903C0008BFB2F1FF3F07D0FEF78CFC4FF0FF32B8
:10904C004FF0FF33C5E902232B7C002B5DD10420AC
:10905C00FFF724F8FFF7DEF80020FFF7EBF8A9691B
:10906C004FF0804200232020A8740B60C2F8083512
:10907C0008EB0B0305EB43031A7F022AC8D14A4ABB
:10908C000BEB4B0102EBC102527D022A6CD0009A11
:10909C004A442A440621197791782029CBB260D012
:1090AC00434405EB430383F81DB0009B4B442B4416
:1090BC00D84405EB480883F802B0202388F81D300B
:1090CC00A6E708EB040305EB430330785B7F3370B2
:1090DC00024604211346424405EB42029C4211779E
:1090EC00527FF7D1B178B370CAB220291CBF424469
:1090FC0005EB4202434405EB430318BF50774FF096
:10910C00200208BF70705A7756E70520FEF7C6FF9D
:10911C0000232B749BE75B7D012B15D1033644F1A7
:10912C00000402EB08030AEBC303D3E90202B042CA
:10913C00A24128BFC3E9026436E71D4B187803B07F
:10914C00BDE8F04F01F06EBB0192FEF709FC019AED
:10915C000028E3D1FEF72AFC8619019A44F1000499
:10916C00DFE782F801B0A0E701221A7750E70C4B39
:10917C000D4A1B78182101FB03F3D0180721406816
:10918C00D358984740F2B621702001F061F940F2B3
:10919C00C121702001F05CF9B81900209300DC9219
:1091AC00B0190020101A0020B0160020000000009A
:1091BC00E819002038B505460C46FEF709FC0028D6
:1091CC0022DB14494B7C01F11C0C5FFA83FE0CEB87
:1091DC00831C002302E00133202B13D01CF8132036
:1091EC00D8B2002AF7D10C4A03EB4E1E03EB430313
:1091FC0001EB4E0142F8335002EBC30301220A7714
:10920C005C6038BD184638BD40F21731702001F053
:10921C001FF900BF101A0020B01600201F2808D814
:10922C000A494B7C00EB431301EB43031A7F012AE1
:10923C0001D0002070474B7C00EB431301EB430340
:10924C004FF0000C104683F81CC07047101A002019
:10925C00014BD3E904017047B8190020014BD3F836
:10926C0040057047008000400378002B40F0D78009
:10927C002DE9F04F6F4A5368C3F3080389B0814658
:10928C00002B40F0B8806C4E6C4FDFF8B4B106F197
:10929C001C0A27B1002140F25B40AFF30080757CC3
:1092AC00EDB24FF00003B37127B100214FF48C6085
:1092BC00AFF300800AEB851EBEE80F006C1C04F0B7
:1092CC0001080AEB881CACE80F00BEE80F00ACE804
:1092DC000F00BEE80F00ACE80F009EE80F004446FC
:1092EC008CE80F002DB227B1002140F2EB30AFF328
:1092FC00008005EB450504EB44047319725B9B7805
:10930C0032533444A37057B1002140F2EF30AFF325
:10931C00008027B1002140F26540AFF3008005F0DA
:10932C006DF8CDF8008004AB4A4604460D46FFF7B5
:10933C00FDFB27B1002140F26C40AFF30080414BA4
:10934C001B78202B3FD0DBF81830DBF81C20DBF827
:10935C002010083342F100025B1842F10002DDE9F3
:10936C000401984271EB020CCDF8008022D33648F0
:10937C0022462B4604A9FFF77DFB98B1DDE90401D9
:10938C00FEF796FB9DF81C3001331B1841F10001D0
:10939C00C9F81030C9F8141027B1002140F27F40F1
:1093AC00AFF30080B379002B7FF473AF012009B0C9
:1093BC00BDE8F08FCDE9043204A922462B462248A1
:1093CC00FFF758FBDAE79DF81D1014F1080345F17F
:1093DC0000020129C3D0CDE90232FEF7C1FADDE962
:1093EC0002320028BBD1FEF7E1FA029B039AC318A4
:1093FC0042F10002B3E7103B59B2002911DB01F135
:10940C00604101F5614191F8000340090028CED07C
:10941C00094E0A4FDFF828B006F11C0A39E7002084
:10942C00704703F00F03043B1344187E40090028D7
:10943C00EED1BCE700ED00E0101A002000000000A7
:10944C00B8190020B01900200040420F2DE9F04F50
:10945C00AC4A53688FB0C3F3080383460491002BC6
:10946C0040F0628108230393049B1B78012B00F2CC
:10947C003D82A54E26B1002140F24D50AFF3008045
:10948C000023A24C05934FF0010926B1002140F2B4
:10949C005A50AFF30080B9F1000F04D19C4B0BB1C3
:1094AC00AFF3008062B6657CEDB24FF00003A371A0
:1094BC00039B002B40F09880A84626B1002140F277
:1094CC006E50AFF3008004F099FF049A00950AAB3C
:1094DC008246FFF72BFB26B1002140F27650AFF30A
:1094EC0000800BEB481904EB49094FEA481799F82F
:1094FC001C30013B012B75D80A992AF07F4AA1EB4D
:10950C000A0222F07F4323F00103002B40F0BD80C0
:10951C0008EB4802224407EB0B03907804EB43035F
:10952C000421202819774FEA4803C1B200F0968134
:10953C00394404EB410181F81DB0434423445F449A
:10954C0004EB470783F802B020237B7700230593B5
:10955C00012726B1002140F27B50AFF300806D4B08
:10956C000BB1AFF30080EFF31088C14672B6A3794C
:10957C00002B8AD1684B0BEB4B0C03EBCC0C0AABDE
:10958C000FCB0CF1080C8CE80F008FB1039B002B58
:10959C0000F0EA80059B23B1604B1B78202B00F078
:1095AC006081637CDB4303F001036374FF23A371CD
:1095BC00B8F1000F04D1564B0BB1AFF3008062B67B
:1095CC0026B1002140F2B250AFF30080002F4AD1F7
:1095DC0026B1002140F2BE50AFF3008038460FB0E8
:1095EC00BDE8F08F0027B4E74D4B05F1010A0AF0F6
:1095FC00010A03EB851E03EB8A1CBEE80F00ACE8E6
:10960C000F00BEE80F00ACE80F00BEE80F00ACE89E
:10961C000F009EE80F002DB28CE80F00D0460FFA19
:10962C008AF726B1002140F2EB30AFF3008005EB56
:10963C00450507EB47076319625B9B78E2532744A8
:10964C00BB7056B1002140F2EF30AFF3008026B171
:10965C00002140F26450AFF30080A379002B7FF41B
:10966C0014AF554629E7637C03EB43031C44637832
:10967C00202BADD026B1002140F2B950AFF30080C1
:10968C00284B187801F0CEF8A2E722F07F42B2F511
:10969C00000F3FF63DAF0C9B5B18A3EB0A0323F0C6
:1096AC007F43B3F5000F3FF633AF0DF127030DF1F8
:1096BC00260229460AA8FFF74FF9059000285AD12F
:1096CC0008EB480222440423907889F81C304FEAB6
:1096DC0048032028C1B2434418BFC91923445F442E
:1096EC0004EB470718BF04EB410183F802B04FF0BD
:1096FC00200314BF81F81DB082F801B07B770127DD
:10970C0027E700BF00ED00E000000000101A002069
:10971C000000000000000000B0160020B01900206E
:10972C002C1A0020E8190020103B59B20029C0F275
:10973C008D8001F1604101F5614191F800335B09C5
:10974C000393002B7FF490AE704B1B78202B00F012
:10975C00D280049B1B780393002B3FF48AAE40F21B
:10976C004651702000F074FEFF23A371B8F1000F76
:10977C007FF426AF1FE79DF826C09DF827E0F4453F
:10978C0018D1BCF1200F00F09E8007EB0C0304EB0A
:10979C0043035B7F89F81D30BC4404EB4C0C002266
:1097AC008CF81DB05F4404EB4703059F0592032220
:1097BC001A77CEE6BEF1200F00F0A28007EB0E0365
:1097CC0004EB4303BCF1200F597F00F0878007EBBB
:1097DC000C0204EB42024FEA4803507F069051778B
:1097EC004FF0050A3A1804EB420201468E458146B9
:1097FC0082F81CA0507FF5D103EB0802224407919C
:10980C0092F802A0BAF1200F5FFA8AFE63D0BE4430
:10981C0004EB4E0E069A8EF81D2003EB0802224430
:10982C00079982F80290394407EB0B024FF0200E97
:10983C0004EB410104EB4202F44581F81DE0507742
:10984C00AAD14344059A04F803B0ABE703F00F0325
:10985C00043B13441B7E5B09039372E782F801B04F
:10986C006BE629460220FFF771FA00287FF499AEC7
:10987C00637C03EB430020440BEB431204EB4202EA
:10988C0085780421DFB211775A015B00202DE9B2F3
:10989C003B4418BF891823445A4418BF04EB4101B8
:1098AC0004EB420283F802B04FF0200318BF81F89A
:1098BC001DB0059F08BF80F801B05377B8F1000FB9
:1098CC007FF47EAE77E608EB4803E35C89F81D3045
:1098DC004FEA4803B5E7069951709EE708EB48023A
:1098EC004FEA4803A05C0690A15479E740F24A5134
:1098FC00702000F0ADFD40F24351702000F0A8FD47
:10990C0040F2CF11702000F0A3FD00BFB019002071
:10991C002DE9F84F734CDFF8D08105464FF0010A62
:10992C0004F11C0BB8F1000F04D000214FF4BA6005
:10993C00AFF30080BAF1000F04D16C4B0BB1AFF355
:10994C00008062B64FF00003A371B8F1000F04D091
:10995C00002140F2D550AFF30080667C0BEB861EE5
:10996C00BEE80F0006F1010909F001070BEB871C9B
:10997C00ACE80F00BEE80F00ACE80F00BEE80F002B
:10998C00ACE80F009EE80F00B9468CE80F00B8F168
:10999C00000F04D0002140F2EB30AFF3008006EB57
:1099AC00460607EB4707A319A25B9B78E2532744B3
:1099BC00BB70B8F1000F04D0002140F2EF30AFF3D0
:1099CC000080A37903F0FF01002B7CD1B8F1000FCC
:1099DC0003D040F2DF50AFF3008005EB491304EBEA
:1099EC0043034FEA49161A7F032A6AD109EB49024D
:1099FC00A75CBD4271D0202F63D03B4601E0202BE9
:109A0C005FD0F21804EB42021946537F9D42F6D107
:109A1C00202D56D07319314404EB430304EB410160
:109A2C005B7F4B77B8F1000F0CD0002140F25D301A
:109A3C00AFF30080B8F1000F04D0002140F2E450E5
:109A4C00AFF300802E4404EB460601233377B8F1C4
:109A5C00000F04D0002140F2ED50AFF30080244BF6
:109A6C000BB1AFF30080EFF3108A72B6A379002B21
:109A7C007FF458AFBD4203D11E4B1B78202B1AD05C
:109A8C00637CDB4303F001036374FF23A3710124A4
:109A9C00BAF1000F04D1154B0BB1AFF3008062B6D5
:109AAC00B8F1000F04D0002140F20F60AFF300803A
:109ABC002046BDE8F88F49460220FFF747F90028F9
:109ACC00DED10024E4E7B8F1000F3FF433AF0021FE
:109ADC0040F2DB50AFF3008024E7202DF1D05B7F08
:109AEC00A3549FE7101A00200000000000000000A3
:109AFC0000000000B019002070B586B007280DD802
:109B0C00DFE800F0310C0C0C0C1D040E604B4FF018
:109B1C0080419A690123C1F80835136006B070BD05
:109B2C005C4B5D4A1B7803EB430302EBC30052F81A
:109B3C0033304068042106B0BDE870401847544CDF
:109B4C00237C002B49D0D4E90223B3F1FF3F08BF9B
:109B5C00B2F1FF3F00F085800120FEF76BFB002384
:109B6C00237406B070BD4A4CD4E90223B3F1FF3F15
:109B7C0008BFB2F1FF3F56D0464E0120FEF75AFB0C
:109B8C003378202B56D0454D95F82520012A3BD013
:109B9C00FDF7E6FE0346002835D194F89C200132EF
:109BAC00D2B2312A84F89C206CD84FF47A72307877
:109BBC006946CDE90032CDE90233CDE90433FFF734
:109BCC0045FC002859D095F82840012385F8283009
:109BDC00FFF794F985F82840A0E72E4B2E4A1B7806
:109BEC002E4903EB43034FF0FF344FF0FF35C1E92F
:109BFC00024502EBC30152F833304868052106B028
:109C0C00BDE8704018473378234A03EB430302EB5B
:109C1C00C30052F833304068002184F89C1006B021
:109C2C00BDE870401847FDF78FFE04F0E7FBC4E970
:109C3C000201A1E7637C03EB4301DAB2635C202BE6
:109C4C0016D003EB421204EB4202507F6054FF210A
:109C5C00A171124D337002211177002285F8282052
:109C6C0092E7FDF771FE04F0C9FBC4E9020173E74A
:109C7C0040F25221702000F0EBFB4FF4C7617020D2
:109C8C0000F0E6FB40F23461702000F0E1FB00BF15
:109C9C00101A0020B0190020B0160020B8190020AE
:109CAC0010B51B4B1B78202B86B026D0194CD4E951
:109CBC000223B3F1FF3F08BFB2F1FF3F22D1D4E939
:109CCC0004310DF10B02C01841F1000104AB0092FC
:109CDC0003AAFDF74FFF9DF80B20DDE904130F2AB3
:109CEC0094BF00220122521843F100030520C4E95D
:109CFC000223FEF72DFA06B010BD40F2DF71702082
:109D0C0000F0A6FB4FF4FC61702000F0A1FB00BF3B
:109D1C00B0190020B8190020FEF70CB938B5254B46
:109D2C0093F800E0BEF1200F3FD0234D6B7C95F8EB
:109D3C0011C003EB43035FFA8CFCEB5C202B25D0AA
:109D4C001E4C4FEA4C1C05E0634405EB43035B7F60
:109D5C00202B1BD003EB430204EBC202917D81420A
:109D6C00F2D80EEB4E0E04EBCE04D4E902132069AC
:109D7C0040189168D26843F10003C41C43F10003FE
:109D8C00A14272EB030304D2002038BD4FF0FF3028
:109D9C0038BD0B4B081A03381C68FDF77BFE04F129
:109DAC0032038342F0D8001B38BD40F61B017020F3
:109DBC0000F04EFBB0190020101A0020B016002045
:109DCC00B81900202DE9F04F8C4B1D7887B0202D51
:109DDC00019000F00D81DFF82892DFF8288299F8C5
:109DEC00113003EB43030646D8F8000019F8034082
:109DFC00D8F8183003930DF11302D8F820300293E1
:109E0C008B46304405A9FDF789FE7F4BA6F1320243
:109E1C009A426AD8DFF8F4A1059BD8F81C6005EBD0
:109E2C0045050AEBC505A8681B182869D8F8185011
:109E3C001818401B20F07F43B3F5000F55D899F844
:109E4C001120C8F82000202C88F826B0D2B200F0DF
:109E5C00C2805201DC462021934604EB4402401997
:109E6C000AEBC20246F1000ED2E90263864273EBA2
:109E7C000E034FEA440746D3537D012B03D098F8C9
:109E8C002530012B35D005200091FEF707F90099FC
:109E9C0099F811004FF0FF324FF0FF332029C8E939
:109EAC000223C0B240F0958000EB4000202419F84A
:109EBC000030524A99F81110127802EB411209EB5A
:109ECC0042025377D8F80030019A1344C8F8003096
:109EDC00FF2389F80630202C35D04D4B187800F034
:109EEC00A1FC002007B0BDE8F08F012007B0BDE851
:109EFC00F08F0091FDF75AFD751B013085420099DA
:109F0C00C1DA98F826C027440AEBC707BB7D634526
:109F1C000DD90BEB040309EB43035B7F202B16D00D
:109F2C002146D8E90656D8F820001C4695E7DDE90D
:109F3C000231D8F818205B189B1A0220C8F8203080
:109F4C0007B0BDE8F08F002007B0BDE8F08F05200A
:109F5C00FEF7A4F84FF0FF324FF0FF3399F81100E1
:109F6C00C8E90223C0B204EB401309EB43034600DB
:109F7C005A7F00EB4003410119F803A009F80320B4
:109F8C004FF0050C5346CF1809EB47071A4694427D
:109F9C001D4687F81CC07B7FF5D137184F440A4407
:109FAC0097F802E0BEF1200F5FFA8EFC18BF8C44CC
:109FBC00304418BF09EB4C0C09EB420248444FF0FB
:109FCC00200114BF8CF81DA087F801A08570517773
:109FDC006FE70C46C7E70520FEF760F899F811000B
:109FEC004FF0FF324FF0FF33C8E90223C0B25BE7FA
:109FFC0040F64401702000F02BFA00BFB01900208D
:10A00C00101A0020B8190020CE3F420FB0160020C5
:10A01C00E81900202DE9F84F9A4C637C00EB4313B0
:10A02C0004EB43031B7F002B00F02781677CDFF8D8
:10A03C0058820546FFB2B8F1000F04D0002140F65B
:10A04C00A500AFF300807E0105EB471704EB470733
:10A05C00B8F1000F40F0D980771904EB47073B7F2C
:10A06C00012B08D0043B022B40F2C58004F0F2F91E
:10A07C003B7F012BF6D1DFF814A24FF0010BB8F1A6
:10A08C00000F04D0002140F6BC00AFF30080BBF100
:10A09C00000F04D17E4B0BB1AFF3008062B64FF0D2
:10A0AC000003A371B8F1000F04D0002140F6C100E9
:10A0BC00AFF30080667C0AEB861EBEE80F0006F14B
:10A0CC00010909F001070AEB871CACE80F00BEE898
:10A0DC000F00ACE80F00BEE80F00ACE80F009EE8E4
:10A0EC000F00B9468CE80F00B8F1000F04D0002126
:10A0FC0040F2EB30AFF3008006EB460607EB470768
:10A10C00A319A25B9B78E2532744BB70B8F1000FF4
:10A11C0004D0002140F2EF30AFF30080A37903F0BC
:10A12C00FF01002B40F08580B8F1000F03D040F602
:10A13C00CB00AFF3008009EB490323444FEA490BF2
:10A14C005E78B54200F08F80202E2CD04FEA49115A
:10A15C0001E0202E27D08B1904EB430332463746FF
:10A16C005E7FB542F5D1202D1DD00A44294404EB65
:10A17C00410104EB42024B7F5377B8F1000F04D03E
:10A18C00002140F25530AFF300800BEB0903234460
:10A19C009B789E425AD0B8F1000F0CD0002140F2AF
:10A1AC005D30AFF30080B8F1000F04D0002140F611
:10A1BC00CF00AFF30080374B0BB1AFF30080EFF360
:10A1CC0010839B4672B6A279002A7FF458AF84F8AC
:10A1DC001190FF22A27123B92D4B0BB1AFF300806C
:10A1EC0062B6B8F1000F04D0002140F6E100AFF3E5
:10A1FC000080BDE8F88F731904EB43030122DFF8EC
:10A20C008CA01A774FF0010B39E73B7F012B3FF401
:10A21C0032AF043B022B16D9002140F6B100AFF34C
:10A22C00008004F017F9002140F6B500AFF3008070
:10A23C000EE7B8F1000F3FF42AAF002140F6C7003B
:10A24C00AFF300801BE701233B77ECE7B8F1000F7D
:10A25C0004D000214FF45670AFF300800BEB0903D0
:10A26C0023449F7097E7202D9DD005EB491204EBFA
:10A27C0042022027527F5A707FE740F69C017020E3
:10A28C0000F0E6F8101A0020000000002C1A002044
:10A29C00000000000000000070B586B063BB0646ED
:10A2AC0010460D46FDF7F6FB0DF10B03044600932B
:10A2BC0003AA04AB29463046FDF75CFC039A13490C
:10A2CC00A31A8B420BD3121B8A420ED310498B421A
:10A2DC000DD88A4215D9C2F1614303F5F7030A9AE6
:10A2EC00A2F10F00C01A06B070BD5342F7E703F19C
:10A2FC00F45303F59023F2E740F6E701702000F0E9
:10A30C00A7F840F60B01702000F0A2F80040420FB5
:10A31C00FF7F841EBFF34F8F0549064BCA6802F4BA
:10A32C00E0621343CB60BFF34F8F00BFFDE700BF6C
:10A33C0000ED00E00400FA05094B01225A604FF0D1
:10A34C00FF32C3F80823074B4FF48042C3F8802038
:10A35C00BFF34F8FBFF36F8FC3F88021704700BFDF
:10A36C0000E0004000E100E0094B01225A604FF090
:10A37C00FF32C3F80823074B4FF48052C3F88020F8
:10A38C00BFF34F8FBFF36F8FC3F88021704700BFAF
:10A39C0000C0004000E100E0084B0022C3F8FC2F95
:10A3AC000122C3F8FC2F064B0222C3F88020BFF316
:10A3BC004F8FBFF36F8FC3F88021704700100040A0
:10A3CC0000E100E0F8B51B4E337805460C46174605
:10A3DC0063BB00F06BFAFCF767FF17487760002D42
:10A3EC0018BF28463472FFF7D7FFFFF7BDFFFFF702
:10A3FC00A3FFFDF7F3FA0546B0B9FEF747FDFDF7ED
:10A40C00DFFA03F0E8FF002C0CDB04F01F026409F8
:10A41C00A40004F1604404F5614401239340C4F8A2
:10A42C0080312360012333702846F8BD4FF0FF358F
:10A43C00FAE700BFB01A0020FE01020008B572B6A0
:10A44C00024B5B6803B19847FFF764FFB01A00201A
:10A45C001FB572B6134B5D688DB9FFF75BFFB2FB8E
:10A46C00F6F2DCB20133002AF9D104F110036B448B
:10A47C0003F80C2C0A2234B901A8A847EDE70246D0
:10A48C0000230A26EDE7631E04AEDCB256FA83F312
:10A49C00B0FBF2F602FB1600303003F80C0C304621
:10A4AC00E9E700BFB01A0020074B93F90830002BE6
:10A4BC0009DB5A09012103F01F0301FA03F34032AF
:10A4CC00024941F822307047B01A002000E100E048
:10A4DC00014B1878704700BFB01A00202DE9F84FD7
:10A4EC00DFF8C4A0314C324DDFF8C8900746012686
:10A4FC009AF800805FFA88F8FF238AF80030B8F1E8
:10A50C00000F01D08AF80130EFF3108272B60023ED
:10A51C006660C4F80031C4F80431C4F804752660D0
:10A52C003AB962B605E0D4F8043133B92B69DB06CD
:10A53C0020D4D4F80031002BF5D0D4F80431002B02
:10A54C00E2D1B8F1000F13D19AF80130DBB28AF8DE
:10A55C00018003214FF48042C4F80813C4F804812D
:10A56C00C4F80081C9F880218AF80080002BBFD183
:10A57C00BDE8F88F4FF48043C9F88031EFF3108BAE
:10A58C0072B60323C4F80433D4F8003113B9D4F8E9
:10A59C0004311BB1BBF1000FCBD1C2E703F05AFF62
:10A5AC00BBF1000FC5D1BCE7BC1A002000E0004095
:10A5BC0000ED00E000E100E070B51646DA078CB063
:10A5CC001D4686468C4640F1A280C37B8DF8003038
:10A5DC00837B8DF80130437B8DF80230037B8DF843
:10A5EC000330C37A8DF80430837A8DF80530437AC2
:10A5FC008DF80630037A8DF80730C3798DF8083062
:10A60C0083798DF8093043798DF80A3003798DF808
:10A61C000B30C3788DF80C30837842788DF80D3080
:10A62C0003788DF80F308DF80E20CA7B8B7B8DF85C
:10A63C0010208DF811304A7B0B7B8DF812208DF891
:10A64C001330CA7A8B7A8DF814208DF815304A7A2B
:10A65C000B7A8DF816208DF81730CA798B798DF816
:10A66C0018208DF819304A790B798DF81A208DF84D
:10A67C001B30CA788B788DF81C208DF81D304A78E9
:10A68C000B788DF81E208DF81F306C462046FFF796
:10A69C0025FFAB0731D59DF82F009DF82E109DF8A6
:10A6AC002D209DF82C30307071709DF82B009DF88A
:10A6BC002A10B270F3709DF829209DF82830307163
:10A6CC0071719DF827009DF82610B271F3719DF8F9
:10A6DC0025209DF82430307271729DF823009DF86E
:10A6EC002210B272F3729DF821209DF82030307345
:10A6FC007173B273F3730CB070BD0DF1200CBCE828
:10A70C000F0030607160B260F3600CB070BDDEF8A9
:10A71C000410DEF80820DEF80C3000686C46A64603
:10A72C00AEE80F00DCF80000DCF80410DCF80820C0
:10A73C00DCF80C30AEE80F00A8E700BF10B5002421
:10A74C0082B0CDE90044FFF737FF02B010BD00BF67
:10A75C001B4B4FF4805270B5C3F88020BFF34F8F62
:10A76C00BFF36F8F174D184C0021C5F80011C3F8BB
:10A77C0080212669236943F0100323610123C5F866
:10A78C00043306F010062B60D5F80031A3B11EB9C6
:10A79C00236923F0100323610A4B0122D3F8080527
:10A7AC005A60C3F808230022C3F80021044B4FF46D
:10A7BC008052C3F8802170BD03F04CFEE4E700BF6B
:10A7CC0000E100E000C0004000ED00E038B50C49AD
:10A7DC00024605200138C0B2FF2803D14821692068
:10A7EC00FFF736FE01EBC0031D7905F0FF04002DC9
:10A7FC00F0D141F8302001225C719C711A7138BD86
:10A80C00C01A0020042808B503D94F216920FFF78E
:10A81C001FFE034B03EBC0000023037108BD00BFF8
:10A82C00C01A0020042808B503D958216920FFF765
:10A83C000FFE094B03EBC0000379012B01D059210A
:10A84C00F4E7437982790133DBB29A4218BF437142
:10A85C00BDE80840FFF728BEC01A002070B5124CA6
:10A86C0006250026013D15F0FF0500D170BD94F8BA
:10A87C00281004EBC1031A79012A09D158799A7965
:10A88C00904205D05A79D2B29A7154F83130984727
:10A89C0094F828300133DBB2042B94BF84F82830B1
:10A8AC0084F82860DEE700BFC01A00204FF0805209
:10A8BC00034BD2F830111960D2F834215A6070472A
:10A8CC00EC1A0020034B1868A0F10F0358425841B2
:10A8DC00704700BFEC1A0020034B1868A0F10A0364
:10A8EC0058425841704700BFEC1A0020034B1868BF
:10A8FC00A0F10E0358425841704700BFEC1A0020DB
:10A90C00034B1868A0F1100358425841704700BF20
:10A91C00EC1A0020044B1868062803D0431C58423C
:10A92C005841704701207047EC1A0020034B1868FF
:10A93C00A0F10D0358425841704700BFEC1A00209B
:10A94C00034B1868A0F1080358425841704700BFE8
:10A95C00EC1A002008B5FFF7BFFF20B1024B586876
:10A96C00B0FA80F0400908BDEC1A002008B5FFF7DA
:10A97C00D1FF38B1044B5868063810F1080F94BF5A
:10A98C000020012008BD00BFEC1A002008B5FFF71D
:10A99C00C1FF38B1044B5868063810F1080F8CBF52
:10A9AC000020012008BD00BFEC1A002008B5FFF7FD
:10A9BC0089FF70B9FFF790FF58B9FFF797FF40B9BF
:10A9CC00FFF7A8FF044A054B002808BF134618469A
:10A9DC0008BD024BFBE700BF00E701400C0500403F
:10A9EC0008B5FFF797FF08B3EFF3108072B6104A63
:10A9FC001369116941F010011161A2F5406203F075
:10AA0C001003D2F80011D2F804210A4300D040BF41
:10AA1C0020BF00BF00BF00BF00BF23B9044A1369A9
:10AA2C0023F01003136100B962B608BD20BFFCE728
:10AA3C0000ED00E0914270B53BD2B2FA82F33BB12B
:10AA4C00C3F1200420FA04F49940214398409A4021
:10AA5C00160CB1FBF6FC06FB1C1424041FFA82FE38
:10AA6C00030C85B204EB10400CFB0EF4844206D9A7
:10AA7C00201A90428CBF02200120ACEB000C03EB9F
:10AA8C0001410CFB1211B1FBF6F006FB101105EBAA
:10AA9C00014100FB0EFE8E454FEA0C4C06D9AEEB85
:10AAAC00010E96458CBF02220122801A40EA0C004E
:10AABC0070BD73219620FFF7CBFC00BF2DE9F84346
:10AACC001C4652EA040349D0074615460E467CB98B
:10AADC00914208D321463046FFF7ACFF04462A4684
:10AAEC00384604FB1561FFF7A5FF2146BDE8F88346
:10AAFC00B4FA84F9B9F11F0F34DC4FF0010808FAED
:10AB0C0009F2A2FB051320FA08F002FB043226FA24
:10AB1C0008F140EAC670FFF78DFFC9F11F03D8405A
:10AB2C004FF0000118D0431E8C4661EB010105FB70
:10AB3C0001F203FB042280461846A5FB033EFB1AD8
:10AB4C00724466EB02061F46AF4276EB040324BF49
:10AB5C0040466146BDE8F8838446F5E7CA21962055
:10AB6C00FFF776FCE7219620FFF772FC10B5441A2C
:10AB7C0094422BD34AB34B1CC31A022B31D9531E0C
:10AB8C00072B2ED922F003048C4686460C445CF825
:10AB9C00043B4EF8043BA445F9D122F003039A423E
:10ABAC0002F0030400EB030C01EB030E0DD0CA5CA6
:10ABBC00C254012C09D09EF801308CF80130022CC3
:10ABCC0003D09EF802308CF8023010BD002AFCD065
:10ABDC008B18024413F801CD02F801CD8B42F9D148
:10ABEC0010BD4B1E0244014613F8014F01F8014BF6
:10ABFC009142F9D110BD00BF2DE9F04184075FFAF5
:10AC0C0081FE5FD0002A59D0034601E0002A55D0BE
:10AC1C0003F801EB990702F1FF32F7D14EEA0E244B
:10AC2C00032A44EA04443ED9151FAE08172D06F139
:10AC3C000106C3F3800147D99846002940D048F853
:10AC4C00044B771A03EB810C79080CEBC101CCE9AE
:10AC5C0000440CF1080C6145F9D127F0010C08EB0C
:10AC6C008C016745CCEB8C7805EB880517D02F1F32
:10AC7C00032F0C6013D9A5F10807032F4C600ED9D4
:10AC8C00A5F10C07032F8C6009D9A5F11007032F30
:10AC9C00CC6004D9143D032D0C6188BF4C6102F0CB
:10ACAC00030203EB86034AB1013A83F800E005D0B6
:10ACBC00012A83F801E018BF83F802E0BDE8F081B7
:10ACCC001546BEE70346A9E719461546CFE700BF70
:10ACDC00844641EA000313F003037DD1403A51D37B
:10ACEC002DE9F000F0C9F0C0F0C9F0C0F0C9F0C017
:10ACFC00F0C9F0C0403AF5D2F0BC43E0403A41D341
:10AD0C0051F8043B40F8043B51F8043B40F8043B39
:10AD1C0051F8043B40F8043B51F8043B40F8043B29
:10AD2C0051F8043B40F8043B51F8043B40F8043B19
:10AD3C0051F8043B40F8043B51F8043B40F8043B09
:10AD4C0051F8043B40F8043B51F8043B40F8043BF9
:10AD5C0051F8043B40F8043B51F8043B40F8043BE9
:10AD6C0051F8043B40F8043B51F8043B40F8043BD9
:10AD7C0051F8043B40F8043B51F8043B40F8043BC9
:10AD8C00403ABDD2303211D351F8043B40F8043B69
:10AD9C0051F8043B40F8043B51F8043B40F8043BA9
:10ADAC0051F8043B40F8043B103AEDD20C3205D379
:10ADBC0051F8043B40F8043B043AF9D2043208D071
:10ADCC00D2071CBF11F8013B00F8013B01D30B88E3
:10ADDC0003806046704700BF082A13D38B078DD0C1
:10ADEC0010F003038AD0C3F10403D21ADB071CBF93
:10ADFC0011F8013B00F8013B80D331F8023B20F8FD
:10AE0C00023B7BE7043AD9D3013A11F8013B00F835
:10AE1C00013BF9D20B7803704B7843708B788370BD
:10AE2C006046704753B94AB9002908BF00281CBFB7
:10AE3C004FF0FF314FF0FF3000F00CB8ADF1080CC3
:10AE4C006DE904CE03F02AFBDDF804E0DDE9022312
:10AE5C0004B07047704700BF1FB5014601A800F051
:10AE6C0006F801A802F083FA05B05DF804FB0B8824
:10AE7C00C3F30B0383804B88C380002242724B7850
:10AE8C00C3F30113012B02D0022B18BF134604315C
:10AE9C0003720160704710B58B880370437803F020
:10AEAC00F00343708A88C2F3032213434370CA88A9
:10AEBC008270CA8803F0CF03120A4370C2700A7AF8
:10AECC00120102F03002134303F03F0343704A7A3D
:10AEDC0043EA821343700C4609680430814205D062
:10AEEC00E288FB2A28BFFB22FFF7F2FEE088043041
:10AEFC00C0B210BD10B48B880370437803F0F0031C
:10AF0C0043700A468988C1F303210B434370D188EF
:10AF1C008170C17801F0C001C170D488C4F30524DC
:10AF2C00214303F0CF034370C170147A240104F061
:10AF3C003004234303F0BF034370547A43EA841371
:10AF4C0001F03F0103F07F034370C17011680430BE
:10AF5C00814203D0D28810BCFFF7BABE10BC704738
:10AF6C0070B50B78192B05460C461ED82BB3013B3C
:10AF7C00182B22D8DFE813F03A003E002100B10074
:10AF8C00B700BD00C300C900CD00CF00DF00E50055
:10AF9C002400210021004200D300D900E900EF0079
:10AFAC00F500FB00010107010D01822B4FF0FF02A0
:10AFBC0000F0F580832B00F0F68040F2422112E085
:10AFCC000E23B1F803200B7042F283039A4209D18D
:10AFDC000623637066780236324621462846FFF710
:10AFEC0077FE51E03121C720F5F7FEF80C230B70EA
:10AFFC000823EEE71A230B700123EAE72920F5F763
:10B00C003BFB30B13E232370222363702923A370B2
:10B01C00E0E70A20F5F730FB3E2305F1080204F1C6
:10B02C0008012B7090B30A23AB70E378EB70A38804
:10B03C002B71A3881B0A6B71A379AB71E379EB714C
:10B04C00A368AB608B889380D4F80E30C5F80E30B3
:10B05C00638A6B8263696B61238B2B83638BAB7607
:10B06C00638B1B0AEB76A38B2B77A38B1B0A6B775B
:10B07C00E38BAB77E38B1B0AEB7794F8203085F8E6
:10B08C0020301F266E700236304670BD0123AB7027
:10B09C00E378EB70A3882B71A3881B0A6B71A379DF
:10B0AC00AB71E37903F00103EB71A368AB608B88A0
:10B0BC009380638BAB73638B1B0AEB73A38B2B7427
:10B0CC00A38B1B0A6B74E38BAB74E38B1B0AEB74C3
:10B0DC0094F820302B751326D4E73E230B700423F1
:10B0EC004B70142393E73E230B700C234B700423FB
:10B0FC008DE73E230B700A234B70032387E73E2317
:10B10C000B700D234B70052381E70523237004235B
:10B11C005FE70823FAE730230B70032359E73E233C
:10B12C000B700B234B70072371E73E230B70062328
:10B13C004B700C236BE713230B708B789B00013344
:10B14C0047E757230B70022343E73E230B7006237C
:10B15C004B7012235BE73E230B7009234B701323B8
:10B16C0055E73E230B7005234B7020234FE73E23FE
:10B17C000B7009234B70212349E7FF230B700B2322
:10B18C004B70A22343E7FF230B7005234B70A323C3
:10B19C003DE7FF230B700D234B70802337E70A70BC
:10B1AC000D22627033E70A700222FAE708B510B17B
:10B1BC00FFF752FE10B96FF0150008BD0020FCE738
:10B1CC0010B50C4648B141B1F5F7AAF9002820702A
:10B1DC0014BF00206FF0220010BD6FF01500FBE7CC
:10B1EC0008B5F5F727FA002008BD01F011B908B52C
:10B1FC00F5F732FA002008BD01F0DBBB01F0E9BB2A
:10B20C00034602221A709A7089225A716FF06502F5
:10B21C009A715022DA716FF075021A726FF06A022D
:10B22C005A72012200209A726FF063025870D87023
:10B23C001871DA72704701F03BB938B5044602F068
:10B24C00DFFF01281BD1601C02F0E1FFB8B1A3792C
:10B25C0063F03F03A3710020F7F762FEE51D40B1D8
:10B26C00102200212846FFF7C7FC01232370002081
:10B27C0038BD284602F0DEFF0028F1D0F5E70023A8
:10B28C00F4E710B5102204460021FFF7B5FC04F1D9
:10B29C001003102200211846FFF7AEFC02F0E3FF6A
:10B2AC000020F7F73DFE20B1204602F0C3FF00203E
:10B2BC0010BD02F0A5FF0028F6D0F8E710B5044643
:10B2CC00FFF746FAB0F5007F09DA10F5007F08DDCC
:10B2DC00031EB8BF03339B102370002010BD7F23C7
:10B2EC00FAE76FF07E03F7E70120704701F0D3BB5C
:10B2FC000078003818BF012001F0D1B9F7F756BB20
:10B30C008178008801F092BB01F0AEBB37B50546E1
:10B31C000C4600880DF1060101F0C6F92B8823803C
:10B32C00BDF80630638003B030BDF7F747BB01F0C2
:10B33C00CDBB01F056B801F0B0B808B5F5F794F9EB
:10B34C00002008BDF7F722B901F0C7B8F7F7B0BA7B
:10B35C0001F08FB801F0CBBA01F095BA01F0DCBA6C
:10B36C0001F003B801F008B801F014B801F026B8E8
:10B37C0001F0C4B801F0A5B901F086B801F042B8EB
:10B38C0003880B8001F0FABA03880B8001F004BB30
:10B39C0001F0DBB8F7F750B9F7F736B901F003B99C
:10B3AC0001F011B9F7F752B901F04EB901F050B8EC
:10B3BC0001F07ABBF7F7F4B8F7F776B9F8B5941C47
:10B3CC000C446343B3F5004FA8BF4FF0FF330E4658
:10B3DC0010F00301054617469CB203D0B02114208F
:10B3EC00F4F702FFB4F5004F01D9B121F7E71422AD
:10B3FC000430FFF701FCEF746C802E80F8BD70B543
:10B40C000688C58803898E42C5F30E02C3F30E0469
:10B41C0003D2D2211420F4F7E7FE5D40C5F30E03EE
:10B42C000BB92D0409D4A24209D2C37CA41A02334D
:10B43C00E41AA14203DD00238374184604E0183299
:10B44C00012381528374104470BD023101444A437C
:10B45C00B2F5004FA8BF4FF0FF3290B21B3020F076
:10B46C000300B0F5004F34BF00B24FF0FF3070470F
:10B47C0040881B3020F00300B0F5004F34BF00B201
:10B48C004FF0FF3080B2704738B503888B4204D23E
:10B49C004FF485711420F4F7A7FE857C65B1C38841
:10B4AC00C3F30E031833C25A8A4207D3C152811D0B
:10B4BC00F5F70AF900238374284638BD0025FBE70D
:10B4CC000346F0B59C88A5B2C4F30E06DC88AC42EA
:10B4DC0000F1180002D10020D881F0BD5F89DC7C1E
:10B4EC00855B3C4402343444ED1B20440C88ADB2E3
:10B4FC00AC4288BF0D805C89B4FA84F46409147082
:10B50C000A88DA81E9E7F8B58288C38900260446FF
:10B51C000D4692B20E60CBB1C2F30E0241891832C5
:10B52C0087180B44825A9BB29342438104D940F250
:10B53C0057111420F4F758FE04D1011DF5F7C4F887
:10B54C0046812F600023E3810120F8BD1846FCE7FB
:10B55C008288038992B2934210B5014608D0C3F396
:10B56C000E0318330831C45AF5F7AEF8204610BD57
:10B57C000024FBE78388C0889BB2C31A5842584109
:10B58C007047828873B5C48895B2AC42C2F30E0280
:10B59C0002F1180212D04189C689835A314499426A
:10B5AC000EDB0DF10601ADF80650F5F78DF8BDF880
:10B5BC000600001B18BF012002B070BD0020FBE785
:10B5CC000120F9E770B50589C488C4F30E066C40F8
:10B5DC00C5F30E02C4F30E050346183025B9240436
:10B5EC0002D50020188270BDB2421C8806D9DD7CC1
:10B5FC00921B0235521B9442A8BF14469D890DB173
:10B60C00825BA41AA142ECDCDA7C1982023235444A
:10B61C002A441044E7E7F8B5038A002B38D08B4254
:10B62C0036D3C488858900F11803C4F30E041E199F
:10B63C0095B91D55757085891E5B0D44ADB23144AD
:10B64C0085811953D2B1811DF5F73EF80023838112
:10B65C00002303820120F8BD1E5BAE4204D040F2F1
:10B66C0001211420F4F7C0FDC57C878A26440235DD
:10B67C0035445E195F53857DB570DCE7C27C2C4484
:10B68C00023214441A191B5B838293788375DFE7AB
:10B69C000020E0E78388C2889BB29A4206D0428998
:10B6AC0022B9C3F30E0318331844704700207047B7
:10B6BC00C37C088802330B44136070470230704718
:10B6CC0038B58388C2889BB29A4209D043893BB96A
:10B6DC00C5893DB9011DF4F7F7FFC581012038BDBF
:10B6EC000020FCE71846FAE703881380C388C3F3ED
:10B6FC000E03183303440B608089704703680022E3
:10B70C0023B9C0E90132031D0360704759681B68F7
:10B71C000A44F5E7072938B5034604D84FF4EC7111
:10B72C001520F4F761FD0068A8B1D0E900248C4223
:10B73C0012D02AB901F10805AC4204D210460AE035
:10B74C0003461046F1E742501A6845181268641A0D
:10B75C006C6042501D6038BD1A60FCE70023C1E9E3
:10B76C00003203680B600160704730B590B184788B
:10B77C00B1FBF4F304FB131300EB430252898A422E
:10B78C0001D1D8B230BDC27822B900F10A03D0B2CF
:10B79C00844201D8FF20F5E733F8025BA94202F19D
:10B7AC000102F4D1EEE78278038805324B4303EBB8
:10B7BC0042031844704713B50023CDE90033044607
:10B7CC008DF806006846F5F75DF908B102B010BDBA
:10B7DC00BDF804002146F5F731F90028F2D040F20B
:10B7EC0015211720F4F700FD70B50D4609211E46F2
:10B7FC00FFF72BFE3246044609212846FFF725FEAB
:10B80C00002C03DB002801DB204470BD4FF0FF301F
:10B81C00FBE7012303707047F8B50546084600287E
:10B82C0011461E4614BF00240224FF23AB702B19B3
:10B83C001B7D012B04D001342B191B7D012B19D13D
:10B84C0005EB44073B8B3A8C9819904204DD2C4451
:10B85C00002038832075F8BD05EB840432466068FF
:10B86C001844FFF735FA3A8B16443E830023AB702D
:10B87C000120F0E70020EEE7002910B514BF0023EB
:10B88C000223FF218170C1180C7D012C07D10C33D0
:10B89C0020F8132002230B750023837010BD013395
:10B8AC00C1180C7D012CF2D04FF48C710920F4F7E7
:10B8BC009BFC30B50246837803F0FF00F3B9137D8F
:10B8CC00022B19D0537D022B19D10346012089B1CB
:10B8DC00D5180C3300242C7522F8134013180324AC
:10B8EC001C7502EB80035B680B6000F10C0332F8F3
:10B8FC0013308B80012002E00123E8E7002030BDEB
:10B90C0030B58378E3B9837D022B17D0C47D022C2C
:10B91C0016D1032381B105190C3400222A7520F8A5
:10B92C001420C2180324147500EB83020C335268E4
:10B93C0030F813300A608B80012002E00324E9E721
:10B94C00002030BD037D012B01D1008B7047437D5E
:10B95C00012B0CBF408B00207047837D012B01D144
:10B96C00808B7047C37D012B0CBFC08B00207047B0
:10B97C00038B23B9408B003818BF0120704701207E
:10B98C007047838B23B9C08B003818BF01207047D8
:10B99C0001207047027D022A01D1008B7047437D44
:10B9AC00022B01D1408B7047032AF6D0032BF9D020
:10B9BC0000207047827D022A01D1808B7047C37DA5
:10B9CC00022B01D1C08B7047032AF6D0032BF9D080
:10B9DC0000207047F5F7BCB9012808B506D002283D
:10B9EC0006D040F267410620F4F7FEFB002008BDAC
:10B9FC000120FCE7F5F7F8B970B50D460646FBF7E4
:10BA0C00EDFA04463046FBF7E1FA743504F52343AE
:10BA1C0028444FF47A72A133B3FBF2F3184470BD8F
:10BA2C0010B5044690F86900FBF7D8FA00F55F41B1
:10BA3C0041314FF47A70B1FBF0F1204601F587717A
:10BA4C00BDE8104001F0AABD7FB5044618B9A82185
:10BA5C003020F4F7C9FB072900F2E580DFE811F08C
:10BA6C0008003D003D003800E300CF00D700E100A6
:10BA7C0090F8F83113B3B0F8F631B0F88020934257
:10BA8C0016D1B0F8AC21A0F88020D31AA0F8AE31B2
:10BA9C00D4E984232046C4E98623FAF74FF994F8B5
:10BAAC00B331002B6FD004B0BDE8704002F050BB36
:10BABC009A1AA0F8AE21A4F88030E9E7B0F8F43176
:10BACC00B0F880209B1AA0F8AE31B0F8F431F2E750
:10BADC0004B0BDE87040FBF747B902F08DFCD4E927
:10BAEC008623801A61EB0301012871F1000302DA4D
:10BAFC0040F21261ACE76FF0010383424FF0000398
:10BB0C008B4102DA40F21361A2E7A3690BB1B0FBDF
:10BB1C00F3F394F88710B4F8F6210D2935D10132DE
:10BB2C00A4F8F621B4F83232B4F880500133A4F8FA
:10BB3C003232B4F8BA301D44B4F8B830013DED1AC5
:10BB4C00ADB202AEB4F8F6116B1A1B0437D594F8EB
:10BB5C008A300394002B0CBF3E23082384F8A930B1
:10BB6C00304601238DF80830F8F730F9204602F002
:10BB7C00F1FA002384F8E43194F8FB01FDF74EFB55
:10BB8C00202384F8FB3104B070BDB4F880100B4452
:10BB9C009BB2D11A090454BF531C01339BB2A4F8B5
:10BBAC00F63194F8F931002BBCD1B4F8AC31B4F8BF
:10BBBC00F621934204BF0133A4F8F631B2E7002317
:10BBCC0000961A462046F5F76BFE0028DBD00128BC
:10BBDC0012D1B4F8F621B4F8A811BDF8083013440A
:10BBEC00521A12049BB204D5EA1A12F4004F18BF71
:10BBFC000B46A4F8F631A5E740F26A6128E701206C
:10BC0C00FCF73CF804B0BDE87040FFF7F3BE90F8C9
:10BC1C00E431042B01D0CE211AE7002380F8E43163
:10BC2C00B1E7D42114E7D82112E713B5002380F82B
:10BC3C00E431A0F830321A46009319460446F5F761
:10BC4C002FFE20B14FF4FE713020F4F7CDFA012213
:10BC5C0084F8E421C4F8E001C4F8D801A4F8F60192
:10BC6C00A4F8F40184F8F901B4F88020A4F83202A5
:10BC7C00013AA4F8802002B010BD70B5044690F8CB
:10BC8C00183103F0FF01E3B9D0E944526FF00043DF
:10BC9C009A4208BFB5F1FF3F01D1002070BDD0E939
:10BCAC00425601F0F4FFD4E94432E5305B1B62EB01
:10BCBC0006021B1A62F10002002AEEDA2046F9F79E
:10BCCC00E9F80120EAE7F8B5044618B9E02130207C
:10BCDC00F4F78AFA072900F2AA80DFE801F0043EA3
:10BCEC003E3AA82E9EA6F9F7CDF8D4F8FC00CB3836
:10BCFC00FDF7D6FF10B940F25A21E8E7204602F0D2
:10BD0C00A2F80546F0B90146204601F0C0FF00F14B
:10BD1C00E506D4F8FC00B04209D2301A322838BFFC
:10BD2C0032200321FEF74EF8051E18BF0125C4F87A
:10BD3C00FC60204602F0A1F835B12046BDE8F84081
:10BD4C0002F09CB80025F4E7D4E94223C4E93A2375
:10BD5C00F8BDBDE8F840FBF707B801F0A3FF0023DE
:10BD6C0084F8F83084F80131D4F8CC3005460E460E
:10BD7C00EBB150EA01031AD00721A5FB012301FB0B
:10BD8C000633D4E93A10521843EB0003D4E94201CC
:10BD9C0082428B410BD2012304F1F80784F8003165
:10BDAC003846FDF761FA20B94FF4D3618FE70223CF
:10BDBC00F2E72046FFF761FF034694F8C80033B959
:10BDCC003946FDF743FB38B940F29C617FE7FDF73C
:10BDDC0025FA002384F8F030D4E94201D4E9383252
:10BDEC00834272EB0107B3D255EA0607B0D0C01AF2
:10BDFC0061EB020133462A46FEF760FE05FB01F3B8
:10BE0C0000FB0633A5FB00500344D4E93802451966
:10BE1C0043EB0203C4E938539AE790F8C800FDF7E6
:10BE2C00FDF9002384F8F03092E7FD214FE740F252
:10BE3C0001114CE7D0F8CC00704710B5044690F8CF
:10BE4C00F030EBB1FF2380F81831012102F018F823
:10BE5C0094F8F030A3B194F8C800FDF759FD94F8AC
:10BE6C00C800FEF7D7F894F8C800FDF7D7F920B949
:10BE7C004FF4F4713020F4F7B7F9002384F8F03064
:10BE8C00002010BD10B590F8182142B990F8D020C0
:10BE9C0042B1D0E93531994202D9F8F7FBFF0022C3
:10BEAC00104610BD0122FBE708B540F28D2101F0D0
:10BEBC007DFB40F64803984228BF184680B208BD67
:10BECC007FB5044690F8B33103F0FF05002B45D144
:10BEDC0090F8E431032B41D102F08EFAD4E9862399
:10BEEC00801A61EB0301012871F1000336DB6FF05E
:10BEFC000103834275EB010304DA40F2BB5130209D
:10BF0C00F4F772F9A269B4F880300AB1B0FBF2F21E
:10BF1C00013313449BB2A4F8F431B4F8F421B4F80F
:10BF2C00AC319B1A1BB2002B18DD94F8FB01FDF70A
:10BF3C00EFFC98B1FF2384F8F931B4F8BA30B4F8B7
:10BF4C0080501D44B4F8B830013DED1AADB20DF17E
:10BF5C000E06B4F8F431EB1A1B0401D504B070BD15
:10BF6C00B4F8F41100960023012289B22046F5F7AB
:10BF7C0097FC0028F2D0012809D1B4F8F431BDF8AF
:10BF8C000E2012FA83F39BB2A4F8F431E1E740F2ED
:10BF9C000261B4E7F8B5044621B1012930D040F272
:10BFAC00BE712AE0C68C36B1F7F766FDE58CB0FBA6
:10BFBC00F5F606FB15062046D4E9385701F072FE5B
:10BFCC002D1847EB01010023AD1941F1000184F854
:10BFDC00F8300223C4E94251C4E93851A4F80031C5
:10BFEC002046FFF74AFE70B994F8C80004F1F80136
:10BFFC00FDF72CFA38B940F2EF613020F4F7F4F881
:10C00C00002380F8D030FAF79BFDBDE8F840FCF730
:10C01C0075BF90F8F000003818BF0120704713B5B9
:10C02C000023CDE9003301238DF806306846F4F780
:10C03C0029FD08B100200AE0009C2046FFF7E9FF2B
:10C04C000028F3D0204601F030FE0028EED002B0DC
:10C05C0010BD07B50023CDE9003301238DF8063060
:10C06C006846F4F70FFD08B1002004E00098FFF7D4
:10C07C00D0FF0028F4D003B05DF804FB07B5002313
:10C08C0040F6881201A9FBF783F803B05DF804FBB6
:10C09C0010B5044638B1F6F745FD34EA00030CBF81
:10C0AC000120002010BD0120FCE738B5054601F049
:10C0BC00E9FDF0B12846FFF7ACFF08B9002038BD08
:10C0CC002846FFF7B7FE04462846FFF7B6FE05469E
:10C0DC0088B9002CF2D02088F6F77EFE20882946FD
:10C0EC00F4F7ACFC0028E9D041F65B213920F4F7D9
:10C0FC007BF84220E3E70C20E1E72DE9F843B0F8A8
:10C10C005A60B0F85C50804630300F46FFF7CCFEDA
:10C11C000221044600F0AAFE02218146204600F0CE
:10C12C00A5FE4E4528BF4E46B6B21B2E38BF1B2669
:10C13C00FB2E28BFFB26854228BF0546ADB21B2D22
:10C14C0038BF1B25FB2DB8F800303B8028BFFB25E2
:10C15C00B4F5A47F38BF4FF4A47440F648039C4256
:10C16C0028BF1C467E80FD80BC803C81BDE8F883E6
:10C17C002DE9F04186B0054601A9008800F038FE93
:10C18C000446002872D1029A92F84631D91E4B42CD
:10C19C004B418DF80230936F98064ABF9DF80230E0
:10C1AC00234683F0010303F001038DF8033092F86A
:10C1BC00D8309B0603D49DF80330002B5CD0EB8861
:10C1CC001B3B9BB2E02B59D82989A1F5A4739BB2D8
:10C1DC0044F24810834251D86B881B3B9BB2E02B36
:10C1EC004CD8AA88A2F5A4739BB2834246D840F6D9
:10C1FC004807B94244D8BA4242D8029E4FF0FF08D1
:10C20C0086F81B819DF80230A3BB03A93046FFF7CB
:10C21C0074FF6A88BDF81230E888934228BF134631
:10C22C00A6F82031BDF81430AA88BB4228BF3B4683
:10C23C001946BDF80E30834228BF0346A6F81C31C0
:10C24C00BDF810302889BB4228BF3B46834228BF2B
:10C25C0003468A42A6F81E31134628BF0B46A6F8A1
:10C26C00223186F81A81002386F81B31204606B04D
:10C27C00BDE8F0813A24F6E71A24F7E71224F5E733
:10C28C001124F3E710B5F6F741F8044601F0D7FD99
:10C29C0040B9204601F0CFFD80F00100C0B200F0A3
:10C2AC00010010BD0020FAE72DE9FF410746884642
:10C2BC00008802A900F09CFD054618BB039C94F86D
:10C2CC00593103F0FF051BB1B8F1020518BF012568
:10C2DC0094F88730222B94F8D93043EAD3030CBF5F
:10C2EC00C5F10102002203F00103134333D0BE78E1
:10C2FC0016B9F6F717FC0646F87870BBF6F712FC81
:10C30C0026B90925284604B0BDE8F0810028F8D0EC
:10C31C00FF2384F82531E5B994F8243103F0FF05A7
:10C32C00BBB984F8270184F8248184F826613B7911
:10C33C007A798DF8050043EA022301A920468DF88D
:10C34C000460ADF8063000F0B5FD002384F825310B
:10C35C00D8E73A25F9E71A25D4E7002ED8D1D0E74B
:10C36C0008B5F6F7B9FB002008BD10B50446F7F781
:10C37C00AFFF2070002010BD10B5FFF750FE044633
:10C38C0030B9F7F79FFF2046F6F7E8FE204610BDC0
:10C39C000C20FCE710B50446FFF741FE50B920789D
:10C3AC00012809D8611CF7F799FF002814BF002059
:10C3BC00072010BD0C20FCE71220FAE738B5054623
:10C3CC00FFF72DFE044640B92878012803D8691CD4
:10C3DC00F7F7B4FF18B9122038BD0C20FCE7204643
:10C3EC00FAE710B503460E2404706FF00C0110220E
:10C3FC000020DC70592459709A701C715871997115
:10C40C00DA7110BD08B50821F4F77CF8002008BDDE
:10C41C0073B506460C460088694600F0E9FC0546F3
:10C42C00A0B9B3786BB9019B93F87030A3703388C3
:10C43C0094F902002380F6F7E1FFA070284602B0C1
:10C44C0070BD7F20FFF71AFEA070F0E70225F5E71C
:10C45C0010B504466FF07F00FFF710FEF6F7CEFF25
:10C46C0020707F20FFF70AFEF6F7C8FF60700020EF
:10C47C0010BD10B50446F5F749FF01F0D9FCF6F7ED
:10C48C00BDFF2070002010BD08B50A46072300F13F
:10C49C001001FEF753F9002008BD10B50146044603
:10C4AC000020F6F725FD08B92060A080002010BD03
:10C4BC0010B50446F6F70AFB28B900202146F6F71A
:10C4CC00FFFC002010BDFFF7C4FD0028F5D0FFF7DE
:10C4DC00D9FE0028F1D10C20F4E710B50446FFF783
:10C4EC00B8FD28B901202146F6F7EAFC002010BD62
:10C4FC00FFF7C8FE0028F5D10C20F8E7F7B50C467D
:10C50C0005466946008800F073FCA21C034690B9EE
:10C51C00019901F18F0781F8C330386810603879C0
:10C52C0010712888208091F8C36006F0FF00002E5F
:10C53C00F1D103B0F0BD0023C4F802300220137116
:10C54C0023706370F5E7FFF713BE1FB5838844F2C1
:10C55C009022934217D840F64802934228BF1346C4
:10C56C000288ADF804204088ADF80600ADF80A004A
:10C57C000A8001A8ADF80830ADF80C30FFF7F8FDD3
:10C58C0005B05DF804FB1220FAE737B50D46694695
:10C59C0000F02EFC044618B901982946FFF7ADFDB2
:10C5AC00204603B030BD10B503466FF004040020E4
:10C5BC00482108221C7058709970DA701C715871DF
:10C5CC009971DA7110BD37B505460C46008869467D
:10C5DC0000F00EFCF0B9019B014683F86A1093F849
:10C5EC006820012A06D0022A04D04FF4507106208C
:10C5FC00F3F7FAFDA27093F86920012A01D0022A00
:10C60C00F3D1E27093F86A2002F0FF00002AE4D123
:10C61C002B88238003B030BD10B58388022B0446D1
:10C62C0010D8C078FFF734FD08B9112010BDA078E0
:10C63C00FFF72EFD0028F8D020460121BDE8104060
:10C64C00FFF732BE1220F1E713B58378C178027977
:10C65C0003F0010451EA040C03F002031DD052EA6A
:10C66C00030C1AD0002C18BF0021002B18BF00227D
:10C67C008DF80320037842788DF8021043EA0223E8
:10C68C00ADF8003043798279684643EA0223ADF86D
:10C69C000430FFF7C1FF02B010BD1120FBE708B555
:10C6AC00F4F736FE002008BD13B50C46694600F0C1
:10C6BC009FFB20B9019BB3F880300133238002B07B
:10C6CC0010BD07B50088694600F092FB48B99DF88B
:10C6DC000020019B012A07D093F82B2102F0FF01C7
:10C6EC006AB103B05DF804FB93F8E421D2B293F87D
:10C6FC00A81011B912F0FB0FEED10220F1E7FF22C6
:10C70C0083F82B210846ECE72DE9F34105464778E1
:10C71C0000780121F4F77CF9044600285FD001F081
:10C72C0078FBEE78864228BF0646042FB6B23DD081
:10C73C00206BFFF707F9304480B21F2803D9122071
:10C74C0002B0BDE8F081FB1E012B2CD8204601F075
:10C75C0084FB6B78032B2CD107F0FD08B8F1010F8B
:10C76C0039D1204601F079FB002831D1012F08BFC7
:10C77C004FF00208216B42466846F4F77FFA6A686C
:10C78C00206B33460121FFF747F850B36B78023B1F
:10C79C00012B22D8206BFFF7D5F801210246206B24
:10C7AC00FFF76AF819E0002ED0D1C8E7002ECDD0E3
:10C7BC00C5E70028C3D1042BCED12046FFF729FCB6
:10C7CC000028BCD0206BFFF7D3F80028C4D1B6E703
:10C7DC004FF00008CEE7042FD1D10020B0E7422063
:10C7EC00AEE70720ACE72DE9F74380464578C778DC
:10C7FC0000780121F4F70CF90446D0B101F01FFBCD
:10C80C000028206B08BF0027FFF7A7F8C619B6B29F
:10C81C001F2E1FFA87F910D8042D0ED0032D12D01D
:10C82C005FB12046FFF7F5FB58B10C2002E0042263
:10C83C0012E0422003B0BDE8F0831220FAE7072093
:10C84C00F8E7012D0CD1204601F007FB0028EED1B2
:10C85C00012D0CBF06220522216B6846F4F70EFA57
:10C86C00D8F80420206B4B460021FEF7D5FF00289A
:10C87C00E5D0023D012D04D8206B32460021FEF795
:10C88C00FBFF0020D6E713B50446F5F73FFD4FF448
:10C89C004073ADF8003000238DF80230684614F870
:10C8AC00013B8DF803300194FFF79DFF02B010BDE2
:10C8BC0038B5012105460078F4F7AAF80446A0B172
:10C8CC00FFF7A7FB28B92046691C01F0F3F90020FB
:10C8DC0038BD204601F0B3FA08B10C20F8E7204629
:10C8EC0001F0A9FA0028F8D1EDE74220F0E713B5E2
:10C8FC000446F5F70BFD14F8013B8DF803304FF4AB
:10C90C004073ADF80030684600238DF80230019476
:10C91C00FFF7FAFE02B010BD73B50546F5F7F6FC4D
:10C92C002B78044663B100230DF1010101208DF831
:10C93C000030F6F7DDFA18B16846FFF7B9FFA0B979
:10C94C00002620468DF8006001F07DFAB04214BF3D
:10C95C0080233346ADF801302B788DF80360012B22
:10C96C0005D169462046F5F791FD02B070BD1BB9A3
:10C97C002046FFF79AFBF8E71220F6E710B50021E6
:10C98C0004460088F4F744F820B1A11CBDE810401F
:10C99C0001F0EDBB022010BD08B500880021F4F7B2
:10C9AC0037F820B1BDE80840002101F0E0BB0220BF
:10C9BC0008BD37B505460C460088694600F018FAE4
:10C9CC0028B92B882380019BB3F8B430638003B063
:10C9DC0030BD37B503880B80044698B2638813B911
:10C9EC00122003B030BD694600F002FA0028F8D1DD
:10C9FC006488019A42F21071A3B295694B43D18DB0
:10CA0C006943158C05FB01118B42E9D3956991693A
:10CA1C00A942FBD10025013B0B44C2F8AC50B3FB3F
:10CA2C00F1F3A2F8B440C2F8B030DAE710B50C4616
:10CA3C000021F3F7EDFF88B1022C11D804F00103AB
:10CA4C00C4F3400480F8B53180F8B44123B190F8B8
:10CA5C00B2313BB1FFF734FA002010BD0220FCE7E5
:10CA6C001220FAE71846F8E710B504460078FF28BC
:10CA7C000AD00121F3F7CCFF58B16378A27843EACE
:10CA8C000223C384002010BDB4F80100F5F7A4FB09
:10CA9C00F8E74220F7E708B50078003818BF012006
:10CAAC00F5F778FA002008BD10B50446F5F72EFC12
:10CABC006178C1F3400201F0010101F0E4F90020BA
:10CACC0010BD0820F6F71AB801F07BBB1220704796
:10CADC0010B5044604B910BD236898476468F9E79B
:10CAEC0003680BB9016070471A465B6813B18A4240
:10CAFC00FAD170478A4218BF5160704708B50020C0
:10CB0C00FEF759FEF4F748F8F6F75AF9F4F7ACFAD1
:10CB1C0020B140F20B110120F3F766FB08BD08B5FC
:10CB2C00F5F7E4F9F8F73CF820B140F22B110120AD
:10CB3C00F3F75AFBBDE808400120FEF73CBE08B5F0
:10CB4C00FFF7EDFF01F0FBFA20B14FF4A0710120CB
:10CB5C00F3F74AFB08BDFAF715BF0B46122203F890
:10CB6C00032BD0F80920C1F80320427B1A717047BF
:10CB7C0030B585B004460D46F6F722FD80B36FF450
:10CB8C00A8731C4402A92088ADF8000000F030F90D
:10CB9C0018B12F217E20F3F727FB039B93F8642019
:10CBAC008DF80220022193F86520B3F866308DF8D9
:10CBBC0003206846ADF80430FFF776FB08B1452139
:10CBCC00E8E78DF808009DF808308DF80900002082
:10CBDC0063F307009DF8093063F30F2005B030BDF7
:10CBEC0018232B70D4F80930C5F8033004238DF8C2
:10CBFC000830E8E708B5436893F886201AB1882115
:10CC0C007E20F3F7F1FA202283F8862008BD034634
:10CC1C0010F0010005D19A0702D403F0040070470C
:10CC2C00022070472DE9F84F8046104692461E466A
:10CC3C00FFF7EDFF05460846FFF7E9FF45EA000759
:10CC4C00FFB2003FDDF828B08946044618BF012723
:10CC5C00F5F768FF10EA0A0F08BF0025F5F762FF29
:10CC6C0098F8683010EA090F08BF0024AB4208BFDF
:10CC7C0000258BF8005098F86930A34208BF0024B7
:10CC8C0055EA04038BF8014009D1B8F88030013E15
:10CC9C00F61AB6B247F6FD739E4288BF0027384697
:10CCAC00BDE8F88FF8B5446894F88750A5F12003D7
:10CCBC00062B06460F4647D92E2D45D0002D41D1C7
:10CCCC0094F88630252B3FD0084600F014FB28B989
:10CCDC00F9783046BDE8F84000F0BEBC7B7903F033
:10CCEC00070384F861303B7903F0070384F8603064
:10CCFC0094F82531D3B994F82431012B16D094F83B
:10CD0C00693094F86020D91E012998BF04239A42F7
:10CD1C0014D194F86830DA1E012A94F8612098BF77
:10CD2C0004239A420AD1022384F82431222384F862
:10CD3C008730304600F05EFC2846F8BD3046F5F7EB
:10CD4C003BFFF3E70125F7E72025F5E708B5436836
:10CD5C0093F88720222A05D022B140F2E5317E20BB
:10CD6C00F3F742FA232283F8872008BDF6F728B898
:10CD7C00704730B542400C7818785D78444048785C
:10CD8C00684004449D78887868400444DD78C8780D
:10CD9C00684004441D7908795B79497968400444FA
:10CDAC004B402344D3420CBF0120002030BD03462E
:10CDBC0000200139C9B2FF2900D170475A5C82F0BA
:10CDCC0001021044C0B2F4E708B5F6F7B7F808282A
:10CDDC0003D0BDE80840F6F7D5B808BD08B501F09A
:10CDEC00FDF918B1BDE80840F9F746B9082008BDAF
:10CDFC0010B50C460021F3F70BFE606018B101234F
:10CE0C002370002010BD0220FCE7F8B5D0E90476B1
:10CE1C0005460C46FCF728FA20B94FF482712920FC
:10CE2C00F3F7E2F9F4B1D5E90431DA1B61EB06034F
:10CE3C00012A73F100014FF0000115DB6FF00100C6
:10CE4C00904271EB030302DA4FF48771E7E7631E3C
:10CE5C001344B3FBF4F35C43E41946F10006C5E953
:10CE6C0004461C462046F8BD0C46FBE7CB1E012BA6
:10CE7C0010D8032914BF4FF41673962303F5BC7313
:10CE8C0014BF40221022984212D9C01A90FBF2F023
:10CE9C0080B27047022905D13C2809D93C38C0F32F
:10CEAC008F007047702803D97038C0F3CF007047DB
:10CEBC00002070470346086858667047012908B57A
:10CECC00024606D002290CD040F27F112920F3F73C
:10CEDC008BF940F6C41340F2E240002A18BF184602
:10CEEC0008BD40F6C410FBE7C3B293FAA3F3000AE3
:10CEFC0090FAA0F01B0E000E43EA0020704701319F
:10CF0C00F8B5C9B2821D0023012512F8010B884225
:10CF1C0016D312F8066C002405FA04F737421CBF2E
:10CF2C0001F1FF31C9B2E0B269B10134082CF3D17F
:10CF3C000133DBB2052BE8D199214620F3F754F9E4
:10CF4C00091AC9B2F4E700EBC300C0B2F8BD0B6814
:10CF5C0070B5C0F801300B7903F01F034371002347
:10CF6C000446C372451C861D15F8010B00F028FB06
:10CF7C002871E37AB5421844E072F5D170BD70B5F2
:10CF8C0081EA114189B2C57A0446032682EA01007E
:10CF9C00FFF7AAFF013E00EB00100A1816F0FF067F
:10CFAC0090B2F5D141402522B1FBF2F302FB1313F1
:10CFBC00C3F3C4022244D8B2567803F0070301220B
:10CFCC0002FA03F31E4207D169432046C1F307411D
:10CFDC00BDE87040FFF793BF70BDF8B590F82150D5
:10CFEC006B1E242B044656D8002A56D0807D18B1CF
:10CFFC00012846D01F2019E094F8231094F8223011
:10D00C0002FB03132522B3FBF2F102FB1133DBB25B
:10D01C0004EBD30284F82330D17D012603F0070200
:10D02C0006FA02F2114202D084F82430F8BDB3FBA8
:10D03C00F5F205FB12330133024604F11C01D8B2A0
:10D04C0011F8013B834219D311F8067C002306FA30
:10D05C0003FC1CEA070F1CBF00F1FF30C0B2DDB2AD
:10D06C0020B905EBC20284F82420DFE70133082B3A
:10D07C00EDD10132D2B2052AE2D1BBE7C01AC0B25F
:10D08C00F7E72289C96904F11600FFF778FF84F8E5
:10D09C0024000020CAE71220C8E71046C6E70B6838
:10D0AC00C0F803308B88A0F8073070470B68C0F8C5
:10D0BC0009308B88A0F80D3070470378890123F074
:10D0CC00400301F040010B4303707047037803F0F9
:10D0DC007F0343EAC113037070471F2A38B5054616
:10D0EC00144603D9C1212A20F3F77EF809300634FF
:10D0FC00FDF7EEFD6C7038BD1F2A38B50546144699
:10D10C0003D9E3212A20F3F76FF809300634FDF731
:10D11C00DFFD6C7038BD30B5037803F00F03032BC3
:10D12C00024640D0052B1FD1C37F90F8200003434B
:10D13C0092F82100034392F82200034392F8230053
:10D14C0020F01F0018432DD05378222B0CD1B2F8AD
:10D15C001930B2F81740907D41B1B3F5506F05D935
:10D16C0040F607518B420ED900201BE0991F89B263
:10D17C0040F67A45A942F7D8411E0729F4D88342D4
:10D18C00F2D9A342F0D3B2F81B30B3F5FA7FEBD24D
:10D19C00B2F81D000A3880B240F6764398428CBF34
:10D1AC000020012030BD4078A0F10C0358425841BA
:10D1BC00F8E7037801F0030123F003030B4303703A
:10D1CC007047007800F0030070471B2A08B504D99B
:10D1DC0040F263412A20F3F707F84270BDE808409B
:10D1EC000330FDF775BDB0F807007047B0F80900C3
:10D1FC007047B0F80B00704770B5B0F80730B0F856
:10D20C000950B0F805600479B0F80B0091B1B3F592
:10D21C00506F0FD940F60752934218D8B5F5FA7FE4
:10D22C0015D20A3880B240F6764398428CBF002063
:10D23C00012070BD9A1F92B240F67A418A4206D8FC
:10D24C00621E072A03D89C4201D29E42E5E70020C9
:10D25C00EFE743680B60037A0B717047B0F8090075
:10D26C007047007970470B6843604B688360704768
:10D27C0043680B6083684B60704783890B807047F1
:10D28C00D0F80E300B60D0F812304B607047D0F8ED
:10D29C0016007047FFF7E7BFC16070470079704711
:10D2AC000171090A417170478171090AC171704796
:10D2BC000172090A417270478172090AC172704782
:10D2CC0080887047C08870470089704740897047D4
:10D2DC0003891A2B0DD94389B3F5A47F09D383880D
:10D2EC001A2B06D9C088B0F5A47F34BF00200120CA
:10D2FC007047002070470379024613F0070004D0F2
:10D30C00507910F0070018BF012070470079704762
:10D31C0040797047C08870470279437902F0070260
:10D32C0003F00703511E0A40591E0B4013430CBF58
:10D33C0001200020704701717047007970474171DE
:10D34C00704740797047FB2908B504D940F646016F
:10D35C002A20F2F749FF417008BD406890F8B231BD
:10D36C0023B1002380F8B231FEF7AABD704708B58F
:10D37C00017A19B101290DD0002008BD0368C288BB
:10D38C0002218088F6F7CEF80028F6D1F6F7BEFA1F
:10D39C000120F2E70368C288F3E702230B70012334
:10D3AC008B707047F6F734BA10B521B94FF40F7182
:10D3BC001020F2F719FF4A600B72EFF3108472B66B
:10D3CC00031D0B6042681AB1127A012A08BF036070
:10D3DC0003681960016004B962B6BDE81040F6F745
:10D3EC0063BA0222F6F780BA0322F6F77DBA04225A
:10D3FC00F6F77ABA0222F6F7BBBA11230B706FF468
:10D40C009A7318440388A1F80330838FA1F8053070
:10D41C00B0F84030A1F80730C38FA1F80930B0F84C
:10D42C004230A1F80B307047012908B503D10E30FA
:10D43C00C00080B208BD022902D10F308000F8E78D
:10D44C0040F286210620F2F7CFFE30B587B00446B5
:10D45C000D46F6F7BDF890B3A4F59F746946248881
:10D46C002046FFF792F818B1D7212C20F2F7BCFE1A
:10D47C00BDF80630ADF80E30BDF80830ADF8103000
:10D48C00BDF80230ADF8123003A8BDF80430ADF889
:10D49C000C40ADF81430FFF756F808B1E021E4E782
:10D4AC008DF80C009DF80C308DF80D00002063F306
:10D4BC0007009DF80D3063F30F2007B030BD2B46ED
:10D4CC00172203F8032BD4F80920C5F80320D4F84D
:10D4DC000D205A60B4F811201A8104238DF80C30F9
:10D4EC00E0E740687047C08A704710B58A880B899E
:10D4FC00CC884988A0F85010A0F85440A0F85220CD
:10D50C00A0F8563010BD8383BDF8003001834283F0
:10D51C00C383704738B5C38B458C04469D42007A53
:10D52C0028BF1D46FFF780FF6389AB4228BF2B46FF
:10D53C00984238BF184680B238BDF8B50546808F82
:10D54C0016460F46FFF770FF3946044605F13000CA
:10D55C00FFF7E0FF844228BF04463146B5F844008B
:10D56C00FFF762FFB5F846308342A4B228BF0346EA
:10D57C0014FA83F09C30F8BD90F8692090F868108C
:10D58C00FFF7DBBF38B50D461446FFF7F5FF9634B1
:10D59C002044A84294BF281A002038BD38B5044650
:10D5AC000D46FFF7E9FF2844606338BD006801F1C0
:10D5BC009C03984283BF401A9C3840080020704757
:10D5CC0000F05503400800F05500184400F03303F8
:10D5DC00800800F03300184400F00F0303EB101028
:10D5EC0070474368002283F8862083F8C220A3F892
:10D5FC00BE20704743680022A3F8C42093F8C620CD
:10D60C00013283F8C620704708B5426892F8C630DC
:10D61C00013B5BB2002B82F8C63003DA52214A2060
:10D62C00F2F7E2FD08BD436883F80B1183F80A2179
:10D63C007047A0F10A03042B0CD9A0F14303012B72
:10D64C0008D9A0F12003062B04D9A0F12E035842CF
:10D65C0058417047012070474268936F10B513F022
:10D66C00080408D143F00803936782F80811FFF708
:10D67C00C1FF204610BD0120FCE738B50C4605461D
:10D68C00B1F85410FFF70CFEB4F812112846FFF74E
:10D69C000BFEB4F850102846FFF70AFEB4F8101130
:10D6AC002846BDE83840FFF707BE37B530F8025CB6
:10D6BC007DB100238DF804308DF805309DF80430D1
:10D6CC00002063F307009DF8053063F30F2003B0CF
:10D6DC0030BD30F8A04CA1F8034008220A708D70C0
:10D6EC00427A4A7150F88C0CFDF744FF18B9B121FD
:10D6FC006320F2F779FD2046F5F76EFB29462046AC
:10D70C00F3F79CF904238DF804300223D4E710B509
:10D71C00446894F88830063B012B07D90846FFF77C
:10D72C00A0FD062384F8890084F88830002010BD01
:10D73C00426892F88830063B012B84BF072382F89D
:10D74C0088307047F8B5476897F8876004460D46EF
:10D75C0016BB0846FFF782FD6168A7F84402B1F8D2
:10D76C004432B1F88020013B9B1A9BB247F6FD7204
:10D77C00934207D9282381F8A9302046F6F726FBD7
:10D78C003046F8BD01F246212846FFF762FD63687A
:10D79C000A2283F88720F3E70126F1E70B460622DD
:10D7AC0003F8032BD0F80920C1F80320D0F80D2082
:10D7BC005A60427C1A720023CB707047F8B54368EC
:10D7CC0093F8876005460C46002E48D1314620461A
:10D7DC00FFF712FD28B9E1782846BDE8F840FFF7BD
:10D7EC003BBF6A68B4F80D30B2F88010A2F844322E
:10D7FC00C9430B449BB247F6FD718B4207D92823D2
:10D80C0082F8A9302846F6F7E1FA3046F8BD2046F2
:10D81C00FFF7E9FC6F6840F2E2425043C7F84C0254
:10D82C002379C3EB431103EB810303EB83035B000D
:10D83C00A7F84632B4F805305343C7F848322046AF
:10D84C00FFF7D4FCA7F8500220466F68FFF7D1FC15
:10D85C006B68A7F852020D2283F88720D5E70126C2
:10D86C00D3E708B5436893F886201AB126214520E2
:10D87C00F2F7BAFC1D2283F8862008BD2DE9F74388
:10D88C00456895F886301D3B022B06460C462CD875
:10D89C000846FFF71DFD00B32046FFF715FD0746B0
:10D8AC002046FFF70DFD80462046FFF70FFD814611
:10D8BC002046FFF707FD4B4600904246394605F1DE
:10D8CC003000FFF720FE7168284601F23511F6F79B
:10D8DC0071F870680621F4F771FB002085F8C2001E
:10D8EC0085F8860003B0BDE8F0830120FAE74268B2
:10D8FC00936FD90610B5044603D4B0214520F2F736
:10D90C0073FC990601D5B121F8E723F01003936756
:10D91C00FFF77AFE60680621BDE81040F4F74EBBB5
:10D92C0009230B70D0F80930C1F8023070470B4650
:10D93C000A2203F8022BB0F809204A80C27A9A70A6
:10D94C00704738B5436893F88740054634B1113CAD
:10D95C000B2C94BF08240124204638BD93F88C303E
:10D96C00002BF9D0FFF746FE6B68112283F8872055
:10D97C00F2E708B5436893F88720152A04D04FF4D2
:10D98C00BD711F20F2F730FC012283F8C72016224C
:10D99C0083F8872008BD436893F88720122A03BFB9
:10D9AC001322002083F887200220704710B54368AB
:10D9BC0093F88730182B044607D1FFF725FE6368D0
:10D9CC001C2283F88720002010BD0220FCE708B53C
:10D9DC00436893F88720112A04D040F2A3111F202A
:10D9EC00F2F702FC012283F8C720122283F8872069
:10D9FC0008BD08B5436893F88720162A04D040F276
:10DA0C00AB111F20F2F7F0FB182283F8872008BD1A
:10DA1C000B46052203F8032BD0F80920C1F803208C
:10DA2C00D0F80D205A60B0F811201A81C27C9A727D
:10DA3C00704708B5436893F886201AB1C1211C20A1
:10DA4C00F2F7D2FB042283F8862008BD426808B5A1
:10DA5C00936FD90703D4CD211C20F2F7C5FB23F01B
:10DA6C0001039367BDE80840FFF7CEBD0C23A0F57A
:10DA7C0096700B7003884B807047436893F8862030
:10DA8C000F2A01BF002283F8B62083F8C22083F846
:10DA9C0086200020704738B54568AB6F13F004043E
:10DAAC0007D1FFF7A7FDAB6F43F00403AB6720462C
:10DABC0038BD0120FCE74268936F23F004039367A1
:10DACC00FFF7A2BD08B5436893F886201AB1702100
:10DADC004B20F2F789FB0F2283F8862008BD10B586
:10DAEC00D0E90D42A24206D30B8CC98D05334B43B2
:10DAFC00121B934202D3012380F83E3010BD012348
:10DB0C000B7000238B7030F8CA3CA1F80330437AB9
:10DB1C004B714389CB8083890B81704710B5446866
:10DB2C0094F8C9309A070ED494F886301BB174213E
:10DB3C004020F2F759FB012284F8862084F8C22099
:10DB4C00A4F8BE3010BDA36F9B0705D5FFF75CFD95
:10DB5C00A36F23F00203A367002384F82A31F1E7B3
:10DB6C0010B50B794C790A68012843EA042108BFE7
:10DB7C0041F48031104610BD07B5FFF7F1FF0DF1F0
:10DB8C000702F6F749FB03B05DF804FB0B461422C1
:10DB9C0003F8032BD0F80920C1F80320D0F80D208E
:10DBAC005A60704738B50B46102203F8032B0C460D
:10DBBC0000F10902293052F8041B43F8041B82427D
:10DBCC00F9D112781A70A5880123A3710021284677
:10DBDC00F2F71EFF70B1E37863B10088F5F7FCF83B
:10DBEC0000212846F2F72AFF20B140F223212D20F4
:10DBFC00F2F7FAFA38BD0121F6F7D8BEFFF7FBBFF2
:10DC0C0090F87A300BB10120704790F8B22002F0F6
:10DC1C00FF03002AF7D190F8A4201846704737B5B7
:10DC2C0004460D464FF490720021FCF7E5FFFF23EC
:10DC3C0023701323638042F21073E384F2F7F2FF34
:10DC4C000022014620636846F3F718F8206B002287
:10DC5C000121FDF711FE216B68460422F3F70EF843
:10DC6C000022206B1146FDF707FE04F12800A57475
:10DC7C0003B0BDE8304000F03EB9FF23086B0B70D9
:10DC8C00FDF7C7BD0078FF3818BF0120704710B5ED
:10DC9C000446283000F085F961882822F7F72CF922
:10DCAC006D3010BDD0E902017047C07C003818BF40
:10DCBC00012070470B68C0F815308B88A0F819301C
:10DCCC000123C37670472DE9F04F06460D460746F3
:10DCDC000FCE91B006AC0FC40FCE0FC496E8030064
:10DCEC000DF1100884E80300404600F004F995F8A3
:10DCFC0014906E7895F80AA095F800B0B9F1010F60
:10DD0C0006F07F0607D0B9F1020F04D040F256316D
:10DD1C000620F2F769FA697A404600F0F3F82B7D99
:10DD2C002A7F022B08BF697D02F1010206BF013177
:10DD3C00C9B20121D2B2404600F0E6F816F0080351
:10DD4C0064D14046019300F02CF928223146F7F7B4
:10DD5C00D3F840F271212A79019B00F2D720B0FB55
:10DD6C00F1F401FB04F0EC7844EA02246A7944EA09
:10DD7C0002444C43A0420BD9EC79AA7942EA042222
:10DD8C002C7A42EA044201FB02F4A04200D8044679
:10DD9C002A7E0393531E5A425A41A97C386B029136
:10DDAC000192FDF7F7FD386BFDF704FE039B019A1A
:10DDBC000299ADF81A6008948DF828208DF82B1074
:10DDCC008DF82CA08DF818B08DF81C90099306AE28
:10DDDC000FCE3C460FC40FCE0FC496E8030084E868
:10DDEC00030098E80300B862B985EB7A13F0FD0FD5
:10DDFC0014BF0123002387F85730EB68BB652B8ACF
:10DE0C00A7F85C30002011B0BDE8F08F0024234649
:10DE1C00BEE7438813F0040F0CBF1F20002070478F
:10DE2C000023C38543881D2B08BF00214174704714
:10DE3C0090F912007047408800F00100704740884C
:10DE4C00C0F3400070474088C0F3C000704708B56D
:10DE5C00006BFDF796FD012008BD012070470120E5
:10DE6C00704790F8503001624B72D0F85130C1F8C5
:10DE7C000A30B0F85530CB8170477047F6F700BBCD
:10DE8C0080F87010704780F8241080F825207047B7
:10DE9C00C0F34002C0F38003134400F001001844A7
:10DEAC007047022808B507D0042807D0012807D0EE
:10DEBC0039212E20F2F798F9262008BD2720FCE7FF
:10DECC002520FAE78278034612F0010002D0D978B7
:10DEDC00C9070FD5900702D5D978890709D512F053
:10DEEC00040007D0DB7813F0040F14BF00200420CB
:10DEFC007047022070470023C0F8023001234370A2
:10DF0C00037070478170704710B501704270807853
:10DF1C001446FFF7BDFF10FB01F104FB01F2FE2AD2
:10DF2C0003DD5C212E20F2F75FF910BD0023C370D6
:10DF3C0043710371704710B50446FFF7C3FF637953
:10DF4C0062780133DBB29A4263710FD1E378A17826
:10DF5C000343DBB29942E37008BF23794FF0000210
:10DF6C0008BF0133627104BFE2702371BDE8104039
:10DF7C00FFF797BF38B501468078FFF789FF044655
:10DF8C00C8784D78FFF784FF0A790B789B1A13FB3E
:10DF9C0005F34A7913FB04F39B1A00FB1530C0B24E
:10DFAC0038BD08B501468078FFF772FF4B780A78C8
:10DFBC0013FB02F313FB00F0C0B208BD40F2EF20DC
:10DFCC00704740F25A335843704738B553680E388F
:10DFDC0014460D4693F8862009283FD8DFE800F058
:10DFEC00053E3E3E0F3E173E3E26042A05D12046F6
:10DFFC00FFF7F7FA2046F6F74FF8002038BD0F2A46
:10E00C00FBD120460021BDE83840FFF736BD1D2A64
:10E01C00F3D12046FFF7E5FA002DEED0626892F8B6
:10E02C00D83023F0200382F8D830E6E793F8872025
:10E03C00232AE2D1002583F887502046FFF7E4FA23
:10E04C00636893F82431012B03D129462046F4F759
:10E05C008BFD6368002283F82421CEE740F2372140
:10E06C003120F2F7C1F808B5436893F88720162AD7
:10E07C0004D040F20A513120F2F7B6F81A2283F894
:10E08C00872008BD08B5436893F88720312A06D14C
:10E09C00002283F88720BDE80840FFF7B5BA162A9E
:10E0AC0003D11A2283F8872008BD40F21F5131207A
:10E0BC00F2F79AF8037D63B9C37B90F85000A3F193
:10E0CC001002032A05D928B11C2B8CBF002001207B
:10E0DC0070470120704770B5426892F8D83043F011
:10E0EC000403044682F8D83008460D46FFF729F998
:10E0FC0006462846FFF721F922463146BDE8704016
:10E10C00F6F7FEBF38B50C460546D1E90401F2F727
:10E11C002FFD94F8FB0120280BD0FBF77BFF94F824
:10E12C00FB01FBF77BF820B940F682013120F2F7B6
:10E13C005BF828460221BDE83840F2F77FBC00208E
:10E14C00704708B5F5F7E2FCBDE80840F5F7A4BE4A
:10E15C00F3F7C2B80022A0F8862080F88A2090F845
:10E16C00B33113B10221F3F729BF0321FBE738B513
:10E17C000446084694F8383213B10C25284638BDAD
:10E18C0094F88730153B012BF7D894F8603203F0E4
:10E19C00FF05002BF1D191B194F8CE3123B940F6A3
:10E1AC00E5113120F2F720F8052304F1F00204F513
:10E1BC00DF71FCF7C3FA012384F83832DEE702235F
:10E1CC00FAE7F5F717BD08B5F8F778FAF8F75AF843
:10E1DC00F7F7DAFEBDE80840F7F762BF08B5C821CB
:10E1EC00F7F730FF022807D1013911F0FF01F7D101
:10E1FC00EF213B20F1F7F8FF431E5842584108BD70
:10E20C004FF08053D3F8A00000F0010070474FF09E
:10E21C008053D3F8A420D3F8A830511C9BB203D15F
:10E22C004FF6FF718B4203D0026083800120704750
:10E23C00002070474FF0805330B5D3F89050D3F88E
:10E24C009440D3F89810D3F89C2005EA04030B40B3
:10E25C00134001331FBF056044608160C2600CBF76
:10E26C000020012030BD4FF0805330B5D3F88050E2
:10E27C00D3F88440D3F88810D3F88C2005EA040333
:10E28C000B40134001331FBF056044608160C260C6
:10E29C000CBF0020012030BD10B5F8F75FFA044622
:10E2AC00FAF7D6FF201841F1000110BD10B5044655
:10E2BC000846F8F793FE4FF47A73B0FBF3F0201A8C
:10E2CC0010BD10B504460846F8F788FE023C4FF422
:10E2DC007A7300F2E730B0FBF3F0201A10BD08B5EA
:10E2EC00FCF7E4FABDE80840F8F7DEBF801A00F34B
:10E2FC00070038B540B20D4659B21446F8F7C4FFC2
:10E30C000023287020446B7040B238BD002303609A
:10E31C0070477047002070474FF0FF3070474FF048
:10E32C00FF30704770474FF0FF3070470020704748
:10E33C00002070470023037070470022FFF7D6BF00
:10E34C00002070474FF0FF3070474FF0FF307047A0
:10E35C004FF0FF30704770474FF0804301221A6036
:10E36C0070474FF08043D3F8080400F00100704769
:10E37C004FF08043D3F8140400F0010070474FF0C5
:10E38C008043D3F81C0400F0030070474FF0804129
:10E39C000246D1F81804D1F8181410F4803004D0C7
:10E3AC0001F00300831A58425841704708B5FCF736
:10E3BC00D1FA28B14FF080430222C3F8342C08BDA7
:10E3CC00FCF7A8FA0028F5D1FCF7BAFA0028F1D12D
:10E3DC00F5E7F8F7BBBF70B5F9F748FB0024054625
:10E3EC002646E0B2854200D870BDF9F745FB0134F2
:10E3FC00868480F82660F4E7F9F7A2BD07B5684675
:10E40C00F9F792FCDDE900024FF080730021E2FB8A
:10E41C00030103B05DF804FB03460020187070473D
:10E42C00EFF3108272B603780121DBB2017002B9EE
:10E43C0062B6012B0CBF6FF0220000207047EFF387
:10E44C00108372B60022027003B962B600207047C6
:10E45C00FCF704BAFCF7C4BAFCF7C2BA00280CBF2C
:10E46C006FF01500002070470020704707230370E1
:10E47C00002070470020704700207047034611F8B9
:10E48C00012B03F8012B002AF9D17047034613F82E
:10E49C00012B002AFBD1181A013870472DE9F047DF
:10E4AC0086468C460846089E154674461946002B2F
:10E4BC0040F0C2808542B2FA82F245D94AB1C2F12B
:10E4CC00200300FA02FC2EFA03F3954043EA0C0CED
:10E4DC0094404FEA154EA8B2BCFBFEF8230C0EFB81
:10E4EC0018CC08FB00F943EA0C43994528D9EB18E2
:10E4FC0008F1FF3704D2994502D9A8F102072B4441
:10E50C00A3EB0903A4B2B3FBFEFC0EFB1C330CFB08
:10E51C0000F044EA0344A04214D92C190CF1FF3347
:10E52C0004D2A04202D9ACF102032C44241A43EACF
:10E53C0007401EB1D440002334607360BDE8F087FF
:10E54C004746DDE76346F1E792BB431B01214FEAE7
:10E55C00154EAFB2B3FBFEFC200C0EFB1C330CFBB8
:10E56C0007F840EA0343984562D9EB180CF1FF30E9
:10E57C0004D2984502D9ACF102002B44A3EB08035A
:10E58C00A4B2B3FBFEFC0EFB1C330CFB07F744EAF6
:10E59C000344A7424ED92C190CF1FF3304D2A742E5
:10E5AC0002D9ACF102032C44E41B43EA0040C0E75F
:10E5BC00C2F1200320FA03F1954090402EFA03F3A8
:10E5CC0003434FEA154EAFB2B1FBFEFC0EFB1C1021
:10E5DC00190C0CFB07F841EA0041884504FA02F4D7
:10E5EC0022D969180CF1FF3004D2884502D9ACF15C
:10E5FC0002002944A1EB08019BB2B1FBFEFC0EFB0F
:10E60C001C110CFB07F743EA01439F420ED9EB1890
:10E61C000CF1FF3104D29F4202D9ACF102012B4420
:10E62C00DB1B41EA004192E76046E3E76146F7E70E
:10E63C006046A3E76346B7E7834206D916B90021C3
:10E64C0008467BE7C6E900E0F9E7B3FA83F78FB930
:10E65C00834201D3724508D8BEEB020460EB03037E
:10E66C0001209C461EB9002168E73846FAE7C6E946
:10E67C00004CF8E7C7F1200CBB4022FA0CF41C4309
:10E68C002EFA0CF120FA0CF3B84001434FEA14496E
:10E69C000EFA07F5B3FBF9F81FFA84FE09FB1830E4
:10E6AC000B0C08FB0EFA43EA00439A4502FA07F2F8
:10E6BC0040D9E31808F1FF3004D29A4502D9A8F1E9
:10E6CC0002002344A3EB0A0389B2B3FBF9F809FB5C
:10E6DC00183308FB0EFE41EA03418E452CD9611814
:10E6EC0008F1FF3304D28E4502D9A8F1020321446C
:10E6FC0043EA0040A0FB0298A1EB0E014145CE4637
:10E70C00434602D306D14D4504D2B9EB020E68EB59
:10E71C0004030138002EA6D0B5EB0E0261EB030109
:10E72C0001FA0CFC22FA07F34CEA0303F940C6E9A0
:10E73C00003198E74046C5E74346D9E71FB50323A8
:10E74C0040BA02930223ADF800008DF80210CDF808
:10E75C0004D08DF80C3007489DF80C30826843F0DB
:10E76C0002038DF80C3094682423012201A9A047E0
:10E77C0004B010BD1CFC010010B586B000238DF850
:10E78C000830012302220493072300900192039185
:10E79C008DF8143006489DF81430816813438DF8B9
:10E7AC0014308C6824236946A04706B010BD00BF06
:10E7BC001CFC010013B50469836801A95B689847C8
:10E7CC0020B92268019B53401B0123D5124BBFF388
:10E7DC005B8F012253E8001F43E800200028F9D189
:10E7EC00BFF35B8FBFF35B8F0C4B002253E8001F12
:10E7FC0043E800200028F9D1BFF35B8F084B094A8E
:10E80C001A6009480CF066F8084802B0BDE81040E0
:10E81C000CF0ECB902B010BD487700204C7700200A
:10E82C00B42B0020F82B0020C82B0020B82B002084
:10E83C0001480BF0F5BF00BFC82B00202DE9F043B9
:10E84C002A4F2B4E85B007F104082A4C4FF0FF33AA
:10E85C004FF0FF3230460CF017F8BFF35B8F236894
:10E86C00BFF35B8F002BF0D0234DCDF808D02B6875
:10E87C000093A22301930123039338688368002239
:10E88C00D3F80090414602ABC84730460BF0C8FFA6
:10E89C00BFF35B8F194B53E8002F013243E8002183
:10E8AC000029F8D1BFF35B8F2A68A2322A60BFF32C
:10E8BC005B8F1A68BFF35B8F762AC6DDBFF35B8F65
:10E8CC0019680F48BFF35B8F01390DF052FEBFF38F
:10E8DC005B8F002354E8002F44E800310029F9D164
:10E8EC00BFF35B8F07480BF09BFFAEE730090020AE
:10E8FC00C82B002048770020B42B00204C77002038
:10E90C0078080200E02B00204FF0A0430C2210B539
:10E91C000C4CC3F82C270C4B0C4AC3F8142520467E
:10E92C0010F01DFA20780A490AF076FB2078094984
:10E93C000AF07AFB23780120BDE8104098400AF0D9
:10E94C0065BB00BF387B002000600040010B02005B
:10E95C00016100402440004070B579488AB00DF048
:10E96C0008FE00F0AFFA002140F6CD4010F0D5FEC5
:10E97C00744810F089FB002800F0DA80724810F01F
:10E98C0083FB002800F0D480704B186810F07CFBDF
:10E99C00002800F0CD806E4810F076FB002800F0C7
:10E9AC00C7804FF0804301229A671A60D3F8002188
:10E9BC00002AFBD04FF040220024C3F80041D2F8CB
:10E9CC000032644D644E43F00403C2F80032284612
:10E9DC0010F0C5F9287861490AF01EFB31462878F9
:10E9EC000AF022FB2878012505FA00F00AF00EFB4C
:10E9FC00FFF78AFF4FF0A0430422C3F81C27584BA3
:10EA0C00C6F81835574E304610F0A9F930785649EB
:10EA1C000AF002FB554930780AF006FB307805FA0B
:10EA2C0000F00AF0F3FA52482A46214610F0CEFCC8
:10EA3C0050482A46214610F0C9FC4F494F4810F067
:10EA4C0048FD00220023CDE906234D494D4B00948F
:10EA5C004FF44072CDE90344CDE901444A480CF02F
:10EA6C00ABF90DF018FA3A4C2269A668136823F03A
:10EA7C00006313603368454A1B212046984744497C
:10EA8C00444B4B604FF000638B60F36913B12A4623
:10EA9C0020469847A3689C6934B12D484FF0806399
:10EAAC004FF0A0721B21A04745F203030DF1230187
:10EABC0009A8ADF82430FFF75FFE20B99DF82310AC
:10EACC0035480DF056FD48F203130DF1230109A84A
:10EADC00ADF82430FFF750FE20B99DF823102F48D5
:10EAEC000DF047FD4FF4C2630DF1230109A8ADF8F9
:10EAFC002430FFF741FE20B99DF8231028480DF073
:10EB0C0038FD1B4C03214FF48070FFF717FE4FF0BC
:10EB1C00FF324FF0FF3320460BF0B6FE00214FF4CE
:10EB2C008070FFF70BFE1F49002000F0C3F8E9E7E7
:10EB3C001D480DF01EFD6FF012000AB070BD00BF35
:10EB4C0084080200F4FB01001CFC010030090020C9
:10EB5C00B8FB0100377B00200060004004410040FE
:10EB6C0001070200367B0020026100402440004077
:10EB7C00E02B0020C82B00203DE80000B82B002023
:10EB8C00607D002049E80000481B002020000100A7
:10EB9C00A82B0020C1E700009C080200B808020066
:10EBAC00D7080200F82B00208A08020030B5084D67
:10EBBC000FCD89B003AC0FC42B682360002305492B
:10EBCC000093032203A804F029FD09B030BD00BF57
:10EBDC00A0FF0100DC020200044A054B0548012994
:10EBEC0014BF114619460DF0C4BC00BFFF0802004B
:10EBFC00F70802000809020001480DF0BABC00BF7A
:10EC0C001A09020008B505F0B3F8044B04480022B9
:10EC1C001A60BDE808400BF0E9BF00BF7C7700200C
:10EC2C0054770020F8B519461448154F1C46154664
:10EC3C000DF09FFC0023DAB2A24203F1010617D3B8
:10EC4C0010480DF096FC012C10D12B78022B04D11E
:10EC5C000D480DF08EFC0D4B1C702B78032B05D141
:10EC6C000B480DF086FC094B00221A702046F8BDAB
:10EC7C00A95C38460DF07DFC3346DCE73C0902000C
:10EC8C00FB100200330D020055090200397B0020F5
:10EC9C006809020008B541B90EF089FD034B1860F4
:10ECAC000348BDE808400BF0BBBD08BD7C770020D5
:10ECBC00647700202DE9F04F064693B0002088467B
:10ECCC0003F080FE044630B10146654813B0BDE840
:10ECDC00F04F0DF04EBC012201466248624F10F01D
:10ECEC0075FB624807F0A0F96149624810F0F1FB2E
:10ECFC000FCF07AD0FC53B682B605F4900942346CF
:10ED0C00032207A804F08AFC5C4A5D484FF6FF71A9
:10ED1C0007F034FA0746D8B1DFF86891D9F800301B
:10ED2C0033B950484FF0FF324FF0FF330BF0ACFDCE
:10ED3C00A420002110F0F1FCD9F8000070B9524861
:10ED4C000DF017FC0134B442E8DB002EE6D002E0F3
:10ED5C004E480DF00EFC13B0BDE8F08F4C4D0FF08B
:10ED6C00D0FB2B88834221D06423D9F800A02880C3
:10ED7C008DF81900182200210CA88DF81830ADF868
:10ED8C001A3010F027FE06AB0E930CA90423504644
:10ED9C000D97ADF83C3007F0B7FC014610B13D487B
:10EDAC000DF0E7FB29883C480DF0E3FB3B4B1B784F
:10EDBC0033B1D9F8003002935BB939480DF0D9FB67
:10EDCC00334B1A88F62ABDD83648F7210DF0D1FB03
:10EDDC00B8E7354A2A48DFF8D4B04FF6FF7107F090
:10EDEC00CDF9CBF8000008B93148E7E72B88033B95
:10EDFC009BB203930025039B18F805202D48C5F101
:10EE0C000401994228BF194608EB05031FFA81FA41
:10EE1C0005930DF0AEFBDBF80030049318220021B3
:10EE2C000CA810F0D7FD049B0D930CA9059B029820
:10EE3C000E93ADF83CA007F067FC014610B11E48DC
:10EE4C000DF097FB1D48AA440DF093FB1FFA8AF5B1
:10EE5C002120002110F061FC032DCCD91848ADE71E
:10EE6C007C09020064770020A0FF01004809002003
:10EE7C00B9EB000054770020DC0202002A0B0200E0
:10EE8C00280202007C770020C20902009C090200C3
:10EE9C00207B0020010A0200240A0200397B00209A
:10EEAC003D0A0200CE0A02004C0B020050770020F3
:10EEBC00530A0200730A0200AB0A0200330D02006F
:10EECC00BD0A020070B50721364888B00AF0C0FAB6
:10EEDC00354B9842014608D00C33984205D0334844
:10EEEC0008B0BDE870400DF044BB314C2D48228871
:10EEFC00ADF810204FF48073ADF80C30A3788DF87A
:10EF0C001230002604AB03AA03218DF80E600AF020
:10EF1C0011FA254B9842054605D0014625480DF0BF
:10EF2C0028FB08B070BD043494E8070005AB83E8F7
:10EF3C00070003228DF8192019461F4832460AF0A3
:10EF4C00CBFDA842014604D01C4B984201D01C4872
:10EF5C00E5E7002101231B4C00911A4616480FF0DF
:10EF6C00B7FF20460FF0FBFE0F4B9842014601D035
:10EF7C001548D4E703210B480AF0C6FA1349024698
:10EF8C0020780FF0E2FE032106480AF0ABFA237852
:10EF9C00012098400AF03AF807480AF0C1FD0C48E5
:10EFAC000321BCE7980900200000AD0B6E0B02009A
:10EFBC00B4FF0100840B0200F40202000500AD0B4B
:10EFCC009C0B0200DD0B0020B10B020040A10140A4
:10EFDC00C50B02002DE9F04F91B08407009302F0AD
:10EFEC0004030293C2F3C20303F10103DDF868804A
:10EFFC00039205460E46059340F0BA81041D30B1CC
:10F00C00072909D86FF01B0011B0BDE8F08F01F093
:10F01C0007063444C6F10806009B4FF00009591E40
:10F02C004FF0040A4FF0FF330193CDF810904F4688
:10F03C00CB4653460DB1009A22600598002800F388
:10F04C00E8809848009A824203D397488242C0F0E5
:10F05C00E080039AA4EB050E92074FEA9E0000F1A4
:10F06C0003810F2F00F2B180002D00F0058107F114
:10F07C0040020DEB020C019A0CF8200C0CF8102C31
:10F08C00049801300490E7E07A285DD84B280ED81C
:10F09C00472859D829282DD8252852D054D820288B
:10F0AC007AD02338D0F1000B4BEB000B74E04C38CA
:10F0BC002E2849D8DFE800F07048484848484848AE
:10F0CC00484848484B484848484848484859484B9D
:10F0DC004B595959704B6D487048184B1848488219
:10F0EC007F4B48484B487F0000204FF0000B4FF0FF
:10F0FC00040A38E02A38C0B2012202FA00F010EA01
:10F10C000E0F49D110F0625C2FD110EA020B43D0E4
:10F11C006046013C5444B4FBFAF40AFB04F4002DA1
:10F12C0061D0A3EB050CA444B4453FF66BAF0028AB
:10F13C0068D1042B47D158F8043B236004340423D2
:10F14C002AE0019A013A01924FF0000B24E011F8E9
:10F15C00010C6C2834D111F8023C00206C2B834636
:10F16C00C5D14FF0080A5346D3E708F1070828F039
:10F17C0007080734F8E802AB24F0070435B1069809
:10F18C002044B0423FF63EAFC4E900AB08344FF028
:10F19C00000B4FF0080A534611F8010F002878D0E5
:10F1AC00BBF1000F7FF470AF2528F5D1019B013323
:10F1BC0001934FF0010B4FF0040AECE7584694E72B
:10F1CC0000208346A5E7082B02D06FF015001BE743
:10F1DC0008F1070828F00708F8E80223C4E900231F
:10F1EC0008340823D8E768B9042B02D108F10408C5
:10F1FC00A4E7082BE9D108F1070828F0070808F163
:10F20C000808EDE7059A013A059258F8042B00928C
:10F21C0010E7039A900720D5A4EB050E4FEA9E0049
:10F22C004FF0010CBEF5007FCFD20F2FCDD8F5B12A
:10F23C0007F140020DEB020EC0B2019A0EF8200C41
:10F24C000EF8102CBCF1000F3FF41AAF60F07F00E9
:10F25C000EF8200C09F101090137C5F1080204343C
:10F26C0006924FF6DA7E97E74FF0000CDAE7BCF126
:10F27C00000F01D00136EFE7029802360028EBD1DF
:10F28C000098CDE90631FFF701F9DDE906310644B6
:10F29C00E2E7631BB3F5806F97D23DB9A6F1080482
:10F2AC00E018B1E6FCFA01007C2B0200029A2860FF
:10F2BC009B082B709DF81030C2B1EB7085F8029052
:10F2CC00B9F1000F05D008A80022C5F1010C974236
:10F2DC000ED1C5F101030DF120084FF0000A019386
:10F2EC000DF1300B574512D1601B8DE66B70E5E7C5
:10F2FC0010F8013B190608D50CEB040EB64503F0CB
:10F30C007F033FF67FAE04F8013B0132DFE7B9F132
:10F31C00000F03D098F90020002A17DB029BD3B111
:10F32C001AF80B2004F8012B0022019B1819104429
:10F33C00B0423FF667AE98F8000004F8010B009954
:10F34C000392204610F038FB039A14440AF1010A88
:10F35C0008F10108C6E798F8002055F82230009310
:10F36C00029B45F822300098FFF790F8421CDCE72E
:10F37C006FF00D0048E600BF2DE9F04F97B000AFDD
:10F38C0090F802A0D7F880B03B62CBF3C0030446E0
:10F39C00FA62BB61894641B9457800780AEB800076
:10F3AC0020444D4517D8A0EB0409E378FB61BAF172
:10F3BC00000F02D01BF0010F16D1FB6953BBFB6A87
:10F3CC001BB13A6A4946204698474D4628465C3759
:10F3DC00BD46BDE8F08F461C3046FFF757F80130AC
:10F3EC00304409F10109DCE7237862687A62FA6A31
:10F3FC009900796104EB8301002A40F000814D46AD
:10F40C000E4601EB0A094FF000084E454CD101EBBA
:10F41C000A0610E01BF0020FD1D023789A007A6113
:10F42C0062687A62FA6A04EB8301002A77D14D464E
:10F43C0001EB0A0690461BF0050F0CBF02230123BB
:10F44C00FB62FB6906EB430A0BF00203BB625645F9
:10F45C00BCD016F8021B16F8013C54F82390994BBB
:10F46C00994502D3984B994536D3BB69002B40D0B4
:10F47C00786A0DF055F800283BD0E9468AB06A4608
:10F48C00924B53617B6AC2E906314FF400731384CB
:10F49C008F4B42F8103F8F4800234FF4125100F06D
:10F4AC0023FD023DCD46D2E716F8013BF96254F834
:10F4BC002300FEF7EBFFD7F88430F96A01304BB12B
:10F4CC00D7F8883098453EBFD7F8843023F8180019
:10F4DC0008F10108054498E7BB6923B1786A0DF07F
:10F4EC001FF80028C9D11BF0010F05D1FB6AED1ADA
:10F4FC00ADE7BB6A002BAAD04846FEF7C7FFD7F88A
:10F50C00843053B1D7F8883098453FBFD7F8842062
:10F51C00431C22F8183008F10108054497E7BAF1AA
:10F52C00000F72D01BF0040672D0D046002607F1F3
:10F53C00480052463B61B96210F03EFAB96A3B6929
:10F54C0001EB0A02BA62FA69F9695200FA60BA6A06
:10F55C0002EB41023A610BF00202BA603A69B96AF5
:10F56C008A4257D162787A621BF0020F32440CBF88
:10F57C004FEA580100211BF0010FD2B240F09F80DE
:10F58C001BF0040F14BF40460020BB616270A070DA
:10F59C00E1703A6A7969FB6A20469847051EFFF6C6
:10F5AC0015AFBB6923707B6A6370FB69E3704146DE
:10F5BC003A6AFB6A84F802A007F148009847B0F158
:10F5CC000008C0F2BB807B693A6AA9EB0A01C91A30
:10F5DC00FB68C91AD7E90A0398470028C0F2B08023
:10F5EC00A84408EB00054FF0000B07F1380AB345AF
:10F5FC0072D300213A6AFB6A08469847E6E65646FB
:10F60C004FF0000807F1380093E75646D04697E7CD
:10F61C00B04695E7BA6A12F8021BBA6212F8015C9E
:10F62C00284A54F82500904202D3274A90421ED310
:10F63C00BA6932B1786A7B600CF072FF7B68002883
:10F64C008CD1BA6802BB08F1280207F1300C08F122
:10F65C000100944407F1580252FA80F008F10208B4
:10F66C000CF8101C5FFA88F800F8105C76E7BA69A1
:10F67C003AB1786A7B600CF053FF7B6800287FF40A
:10F68C006DAF1BF0010F09D006F1280207F1300015
:10F69C00711C161806F8205CCEB25FE71BF0040F45
:10F6AC003FF45CAF08F1280207F1300008F10101CA
:10F6BC0002EB000808F8105C5FFA81F84EE70020B6
:10F6CC0063E700BFFCFA01007C2B0200F20B020086
:10F6DC0004000001FCFE01001BF80A3087F83730EB
:10F6EC0054F82390D7F884302BB3D7F888309B4547
:10F6FC0021D2D7F8843033F81B803A6AFB6A012197
:10F70C0007F13700984700281ADB0544B8F1000FC1
:10F71C0006D14846FEF7BAFE00F101081FFA88F838
:10F72C003A6AFB6A414648469847002808DB05447C
:10F73C000BF1010B5BE74FF00008DEE7454645E6B1
:10F74C00054643E6014B1860704700BFA009002036
:10F75C0080B505460E46174698460BF0C5FD034688
:10F76C0010F0BCF9DFF81890044649F80030424616
:10F77C0030463946A84754F8090001F041FA00BF59
:10F78C00080000002DE9F047058B04462807904639
:10F79C0011D4022905F0070540F0CC8020460DF06D
:10F7AC0063F978B10138218B042811D8DFE800F017
:10F7BC00C2106D85950001290CBF45F0100545F070
:10F7CC002005258388F31188BFF36F8FBDE8F08780
:10F7DC0001F0070AAA4500F0A5800027B9463E466D
:10F7EC00A368002B00F0BC8041F00801218388F352
:10F7FC001188BFF36F8FA168002900F0BA800D68E3
:10F80C00002900F0B680D1F80480334652462046D9
:10F81C00C047002D76D02B6829461D46F0E701F035
:10F82C0007035A1F012A1BD8002221F00701062BBF
:10F83C00276889B2C4E9002209D13B4603E0628BF8
:10F84C00013262831B68002BF9D141F00201218344
:10F85C0020460DF009F900287AD041F0200176E01D
:10F86C00042B0AD121F0070189B2218320460DF027
:10F87C00FBF810B141F020012183218B01F0070A24
:10F88C00AA454FD00027B946AAE7236921F0070102
:10F89C0041F00601062DD3F8009021832DD1B9F14A
:10F8AC00000F3FD041F00801218388F31188BFF38A
:10F8BC006F8F3A492046C84729E021F00701236998
:10F8CC0041F0040189B2042DD3F804902183E6D0D1
:10F8DC0000273E464FF0040A82E721F00701236916
:10F8EC0041F0050189B2052DD3F808902183D6D0BB
:10F8FC0000273E464FF0050A72E700273E464FF0C0
:10F90C00060A6DE72B4687E7B9F1000FD1D1EFF36B
:10F91C001188402383F31288BFF36F8F238B23F05E
:10F92C0008032383258BEA062ED525F010032383A9
:10F93C0005F007056669218B002EBFF670AF00231A
:10F94C002768C4E9003321F0070141F0010121834C
:10F95C00218B01F0070AAA454FF000097FF440AF54
:10F96C00002F9CD041F00801218388F31188BFF34C
:10F97C006F8F002FC8D03D6839463346524620461B
:10F98C000DF09EF82F46F4E7AB067FF51BAF25F084
:10F99C002003238305F0070500E700BFF9CA010027
:10F9AC002DE9F047DFF85880044607464FF001096F
:10F9BC0014B93846BDE8F08794FAA4F5B5FA85F584
:10F9CC0009FA05F32E0108EB05156FEA030A24EA80
:10F9DC0003042B7B002BEBD058F806301B694BB97A
:10F9EC004644042273682846196807EA0A0700F09F
:10F9FC0067FADDE7284698470028D9D1F0E700BF21
:10FA0C0074FF010030B51049104889B000220FF086
:10FA1C0044FF0F4D0F4900220023CDE9062300249B
:10FA2C000E23CDE90334CDE901440B4B00944FF484
:10FA3C00407228460BF0C0F9084928460FF0BBFD70
:10FA4C00204609B030BD00BF6DFA000050200020E8
:10FA5C00C81B00206080002071FD0000A60C020075
:10FA6C0001480AF0DDBE00BF9C0C00202DE9F047D8
:10FA7C0080461F480F460DF0F2F80646002830D09D
:10FA8C0000252846BDE8F087237B6BB12368DB6833
:10FA9C000BB12046984723681B69D3B963680422CD
:10FAAC001968204600F00CFA013610344C45EBD3A3
:10FABC00B8F1000FE5D0002DE2D02846FFF770FF1B
:10FACC000546002FF7D000214FF4A4700FF025FE4F
:10FADC00F1E7204698470028E0D00AFA06F31D43C8
:10FAEC00E2E7044CDFF8109005464FF0010ADDE721
:10FAFC009077002074FF010094FF0100014B53F834
:10FB0C00200070471003020008B5034608462BB1CD
:10FB1C00044A136000F07EFC002008BD6FF0150055
:10FB2C00FBE700BFA409002010B5044C237813B9DF
:10FB3C0003480AF075FE0123237010BD3A7B0020A8
:10FB4C009C0C002010B504460B480DF088F85CB1F5
:10FB5C00BFF35B8F094B53E8001F013943E80012D8
:10FB6C00002AF8D1BFF35B8F05480FF0A2FE0548C1
:10FB7C00BDE810400AF054BE887700208C77002036
:10FB8C00502000209C0C00200020064BBFF35B8F04
:10FB9C00014653E8000F43E80012002AF9D1BFF3E5
:10FBAC005B8F70478877002070B5FFF7EDFF084C2E
:10FBBC00084E0546B44200D370BD63685B792BB127
:10FBCC0023685B6813B12946204698471034F1E747
:10FBDC0074FF010094FF010010B5044C0449204649
:10FBEC000CF0DBFD034B1C6010BD00BFF00B0020C4
:10FBFC00FC02020080770020084A094808B500235F
:10FC0C001370084A1360084A4FF400411360FFF761
:10FC1C007BFFBDE80840FFF7DFBF00BF3B7B002048
:10FC2C0067CC0100887700208C77002001460022E9
:10FC3C00014800230CF0D2BDF00B002001480CF061
:10FC4C006BBE00BFF00B0020024B014618680CF095
:10FC5C00B7BE00BF8077002001480CF0ECBE00BF9F
:10FC6C00F00B002070B5284B187800284BD0FFF70C
:10FC7C00E5FF054690B1BFF35B8F244B53E8001FA3
:10FC8C00013943E80012002AF8D1BFF35B8F204CF6
:10FC9C00204EB4422DD32846FFF7D6FF1E4B1F4CE7
:10FCAC001B68002B19DD0FF0B1FD4FF47A72A0FB2D
:10FCBC00020302FB0131C30BD4E9002043EA4143A8
:10FCCC009B1A4FEAD13140F2E93261EB00019342C9
:10FCDC0071F1000101D3FFF767FFD4E9003213F58E
:10FCEC007A7342F10002C4E90032BDE87040FFF7BC
:10FCFC00B3BF63685B7923B1236829461B68204630
:10FD0C0098471034C5E770BD3A7B00208C770020F3
:10FD1C0074FF010094FF0100887700204820002028
:10FD2C0070B50D4D297861B90120FFF79FFE0B4C82
:10FD3C000B4EB44206D3FFF795FF0028FBD10123ED
:10FD4C002B7070BD63685B791BB1236820469B6880
:10FD5C0098471034EDE700BF3B7B002074FF010097
:10FD6C0094FF010000212DE9F0470846FFF77EFEC5
:10FD7C00044658B340F267684FF000090FF0AEFE2E
:10FD8C001B4B1C4A1B58136033B11B4B1B68092BB4
:10FD9C0002DD1A480AF044FD194FDFF860A0002577
:10FDAC0044B12046FFF7FCFD044618B94FF0FF386C
:10FDBC004FF0FF39FFF756FF064628B9B5B9424652
:10FDCC004B4650460AF060FD3546E9E74FF0FF38E8
:10FDDC004FF0FF39D2E72B689B691BB1002211460B
:10FDEC00284698471035BD42F5D3E8E7054DFAE7AC
:10FDFC0008000000847700208C7700209C0C0020E9
:10FE0C0094FF010074FF010013B518480CF027FF94
:10FE1C00174B1B7873B1EFF31184402383F31288D3
:10FE2C00BFF36F8FFFF71EFF84F31188BFF36F8F43
:10FE3C0002B010BD0F4B1B68002BF9D050B900223B
:10FE4C000023CDE900230C484FF4004200230BF0B3
:10FE5C0017FDEDE70928EBD107480FF02AFD0748FD
:10FE6C0002B0BDE810400AF0DBBC00BF8C7700206C
:10FE7C003B7B002084770020502000209C0C00202D
:10FE8C0010B5064B1B68044698472146A0600448F1
:10FE9C000CF023FDBDE81040FFF7B6BFA40900200D
:10FEAC00F00B0020044A054B9B1AB1EBD30F34BF67
:10FEBC0052F83100002070479CFE010074FF0100D5
:10FECC00084BC31A10B41B114468013323714368E7
:10FEDC009A7143681960436801225A7110BCFFF78C
:10FEEC0023BE00BF74FF01002DE9F04F8FB004AFAB
:10FEFC00C1F34A28B8600D4691467B600C0DB8F1F1
:10FF0C00000F63D0002607F114034FF0040B4FF0E1
:10FF1C000A0AC7F80C80C7E907667E620193CDF820
:10FF2C0008B0CDF800A007F11C03F968324648462A
:10FF3C00FFF722FAB0F5006F03461CD36C468AB06B
:10FF4C00D9F8041004AB2648C3E9050140F2FF714F
:10FF5C00D9611A464FF400711984224B42F8103FB4
:10FF6C00214833464FF41251FFF7BEFFA5462C37FC
:10FF7C00BD46BDE8F08FC0F30A0804F11700184421
:10FF8C0020F0070080083B60FFF750FE68F3532514
:10FF9C00044690B13B68154AC7E9083600F11001D8
:10FFAC0007F11403F961CDE900A3CDF808B0F968A5
:10FFBC0007F11C034846FFF7DFF968F353257B680C
:10FFCC00B9682A4620460CF080FED0E704F11700F1
:10FFDC0020F007008008FFF729FE0446EDE700BF7C
:10FFEC00BB0C0200040000011CFF0100ABCC0100A3
:04FFFC002DE9F04FAC
:020000021000EC
:1000000087B0DDE91279DDE9105A04460391934681
:100010009846BFB1CDF800903B46524610210020D3
:10002000CDF81490FEF7DCFFB0F5006F06460AD35A
:10003000184A194840F2FF73022107B0BDE8F04F9B
:100040000CF0A2BE3E4605F11700304420F0070038
:1000500004F007048008FFF7EFFD0BF0070BE40046
:1000600044EA8B1444EA462444EA0554054640B168
:100070003FB1CDF800903B46524631461030FEF776
:10008000AFFF039943462246284607B0BDE8F04F2C
:100090000CF021BEFA0C02001CFF0100406820B1E8
:1000A000034BC01A40F3CF0070474FF0FF3070474A
:1000B0009CFE01000EB403B503AB014653F8042BBC
:1000C0000448019301F000F802B05DF804EB03B0BE
:1000D000704700BFEBCD0100CA0605D48B064CBFAC
:1000E00002490349FFF7E6BF704700BF330D020026
:1000F000320D02002DE9F04F89B09B46149B069308
:100100009DF84CA0159B0593169B179E04930446DF
:100110000D469046BAF1000F00F09D8006F4807302
:1001200007930CF0C0FD06F00209024600283ED0FD
:1001300091492046FFF7BEFF0746B9F1000F08D0EE
:1001400016F0440F35D18D492A462046FFF7B2FFFD
:10015000074406F0010353B1894B8A4953F82A201A
:10016000894B2046002A08BF1A46FFF7A3FF06F472
:100170008073002B49D006F00803002B63D1B8F13F
:10018000000F66D0814942462046FFF793FF05469F
:10019000069B3D44002B6DD1049B002B73D1F307CC
:1001A00000F1E48031462046FFF796FFD8E007468D
:1001B000C3E7774B18680028CAD0764B4FF47A799A
:1001C0001B68B5FBF3F54FF46163B5FBF0F100FB81
:1001D000115509FB05F54FF03C0CB1FBF3F203FBA5
:1001E0001211B5FBF0FEB1FBFCF300FB1E550CFB3E
:1001F000131109FB05F50091B5FBF0F56649CDE952
:1002000001E52046FFF756FFA2E706F00803EBB131
:10021000624B634953F82A202046FFF74BFF0546FF
:10022000B8F1000F05D0594942462046FFF742FF7A
:100230000544BBF1000FABD05A495A462046FFF7A0
:1002400039FF0544A4E74FF0000BE1E706F008058D
:10025000E6E745469CE7BBF1010F069B06D1002B64
:1002600064D1049B002B7BD000250CE0002BF8D040
:100270004D485CE04D48069B4D4922460CF025F95F
:10028000049B002B68D0DFF82C81DFF82C91049FB1
:100290003146102F204628BF1027FFF71DFF4FF0D3
:1002A000000B5D4545DC059B49461A782046FFF763
:1002B00001FF4FF0010B1BF0070F03D14146204611
:1002C000FFF7F8FE5F453BD9059B494613F80B2025
:1002D0002046FFF7EFFE0BF1010BBBF1100FEAD147
:1002E000364920464FF0000BFFF7E4FE5A46059BC7
:1002F0009A5CA2F120015F2928BF2E2230492046B6
:10030000FFF7D8FE0BF1010BBBF1100F1DD01BF056
:10031000070F03D141462046FFF7CCFE5F455A4602
:10032000E5D841462046FFF7C5FEEBE71F48554696
:10033000A1E741462046FFF7BDFE0BF1010BB0E7F8
:1003400020492046FFF7B6FEC5E7059B3B440593D1
:10035000049BDB1B04939AD1BAF1000F7FF41FAF0B
:10036000204609B0BDE8F04F0CF032BD064A054901
:100370002046FFF79FFE15E73A0D02003E0D0200F2
:100380002003020066170200350D0200630D020013
:100390009877002094770020470D02003403020074
:1003A000670D02006D0D020021CE0100EBCD0100B2
:1003B000C91001007A0D0200720D02007C0D0200CE
:1003C0007E0D0200780D020073B542F20F738B426E
:1003D00028BF0B4605680F4A0446052168460BF006
:1003E000D7FA63680C495B6806460B2228460CF076
:1003F000E1FC63683246694628465B680CF0DAFC2B
:10040000636806495B681B2228460CF0D3FC02B0E7
:1004100070BD00BF002A02009D0D0200810D020088
:10042000074A00210123904206D8064A01B9012358
:100430001360054B1860704740085B000121F2E72C
:1004400040420F009477002098770020014B012252
:100450001A7070473C7B0020014B002019607047E8
:10046000B07700200148FFF7AFBF00BF6403020070
:1004700010B5064B18680C46FFF746FB21460346AD
:10048000BDE8104002480F22184700BFB077002097
:1004900064030200F8B5094D094B0A4ED5E900473F
:1004A00001221A700CB92C60F8BD214630463A463C
:1004B00000F01EF8241A0644F4E700BFA4770020D9
:1004C0003D7B00203E7B002010B9074B1870704721
:1004D000064B1B781BB141F288300EF0D6BDA4202C
:1004E00000210FF020B900BF3C7B00203D7B0020A5
:1004F0002DE9F047DFF878901E4F80460E46042421
:1005000099F80050A5B90EF0B3FD32468246414637
:10051000284609F02FFE054650460EF0B1FDE5B124
:1005200001233B7099F8003073B93046BDE8F0877D
:1005300032464146002009F01DFE0546EFE7204601
:10054000FFF7C2FF651E2C46002009F057FE002869
:10055000EBD03B78002BF2D1E7E73B78002BE4D0DF
:10056000013C2046FFF7B0FF3B78002BC8D1DCE709
:100570003D7B00203C7B0020F8B5074F0D4604462C
:100580004618B44201D12846F8BD14F8011BBB68D7
:100590000148DB699847F4E7F4FB0100014B036075
:1005A00000207047A803020008B504480BF0E7FFDD
:1005B000BDE8084002480BF0E2BF00BFF30D0200A7
:1005C000280E02002DE9F047064600AF0C46002930
:1005D00036D0E9468AB0D1E90012A3686D462148B9
:1005E000A8464FF0050AC5E90501C5E9072348F803
:1005F00010AF1D48424600234FF42151FFF77AFC0B
:10060000CD46D4E903126369AD461848C5F810A079
:10061000C5E90501C5E907231348002342464FF405
:100620002151FFF767FCCD46E369114A0E480121CD
:100630000CF0AAFBA3690F4A0B4801210CF0A4FBA4
:10064000012E07D1EFF305830B4A0748103B3146D3
:100650000CF09AFB2146304609F000FEBD46BDE88D
:10066000F08700BF560E020054FF0100850E020005
:10067000B40E0200C30E0200F10E020030BFFFF7FD
:10068000FDBF00BF2DE9F0410B4EDFF8308006EBD7
:100690000807CC1B05463246094920460FF092F95F
:1006A000A01942460021083C0FF09AF96C6707F147
:1006B0000800BDE8F08100BF000000000400000059
:1006C00094FF0100074A936893F90E10002907DB95
:1006D000526993421FBF044A536843F080535360EA
:1006E000704700BFE87A002000ED00E070B52A4CAA
:1006F00006460D4629482A490CF019FCA36ADB0678
:1007000047D5264827490CF012FC1120A36A1C0784
:1007100004D5224824490CF00AFC12201E4CA36A7E
:10072000990712D521491D480CF001FC636BA26AA0
:10073000120609D51E4A194801210CF025FB1EB1ED
:10074000A36A23F08003A3621320134CA36ADE077D
:1007500004D5124817490CF0EAFB1420A36A9C0642
:1007600004D50E4814490CF0E2FB15200A4B9A6A96
:10077000D10658BF9A6A9A6A920642BF5A6A22F410
:1007800000525A629A6A42F0FF029A6200232B706A
:1007900070BD1020BAE700BF00ED00E054FF01007B
:1007A000040F02001A0F02004D0F0200600F02003A
:1007B000780F02008E0F0200AD0F020010B5204C22
:1007C000204921480CF0B3FBA36A990136D51E4895
:1007D0001E490CF0ACFB1E20A36ADA0104D51A48AE
:1007E0001B490CF0A4FB1F20154CA36A1B0304D566
:1007F000154818490CF09BFB2120A36A590304D526
:10080000114815490CF093FB22200D4CA36A9A0362
:1008100004D50D4811490CF08AFB2320A36ADB03A1
:1008200004D509480E490CF082FB2420044A936A3F
:100830006FEA03436FEA1343936210BD1D20CBE7B9
:1008400000ED00E0DC0F020054FF0100F40F020095
:1008500007100200211002003F1002006410020085
:100860007E10020070B5294C06460D4628482949DD
:100870000CF05DFBA36AD9043CD5254826490CF051
:1008800056FB1720A36A1A0504D5214823490CF00A
:100890004EFB18201D4CA36A9B0512D51C4820490D
:1008A0000CF045FBA36BA26A100409D51D4A184839
:1008B00001210CF069FA1EB1A36A23F40043A3627C
:1008C0001920124CA36A590504D5114816490CF099
:1008D0002EFB1A20A36ADA050ED50D4813490CF039
:1008E00026FB1B20094A936A43F47F43936200234B
:1008F0002B7070BD1620C5E7A36A9B04F2D504488F
:100900000B490CF014FB1C20ECE700BF00ED00E0ED
:1009100054FF0100A9100200BF1002004D0F020099
:10092000D0100200E9100200FE10020019110200AE
:10093000AD0F02002DE9F041654B8AB0D3F8048079
:1009400000AF0446C8F30805002686F31188BFF3FC
:100950006F8F02F07F43B3F17F4F07D102F00C039A
:10096000082B12D15B495C480CF0E1FA00263446B2
:100970000023FB71EB1E092B00F28980DFE803F0F6
:100980000A7F827B87878787878510074CBF0C4645
:100990000126EDE7514950484D4D0CF0C8FA0023AF
:1009A000FB71EB6A9A0705D54D494B480CF0BFFA2D
:1009B000002331E0EB6A002B01DA4A49F5E7EB6AE4
:1009C0005B00F5D5484944480CF0B1FA6B69A2695F
:1009D00043F480736B61BFF34F8FBFF36F8F6B690D
:1009E00032F8022C23F480736B61BFF34F8FBFF397
:1009F0006F8F4DF602739A4207D0AB6ADBB26BB3CE
:100A0000F91D0120FFF772FE37E02368374A3248AC
:100A100001210CF0B9F92368FA79DAB907F1080570
:100A200004F1200C206861682A4603C2083464453A
:100A30001546F7D17A6A002E45D0C2F3080121B9D4
:100A40006FEA52226FEA42227A6207F108011846E1
:100A5000FFF7B8FD2837BD46BDE8F081AB6A13F457
:100A60007F4F04D0F91D0120FFF7FCFE05E0AB6AC3
:100A7000B3F5803F9CD3FFF7A1FE0346CCE7F91DF9
:100A80000020BFE7F91D0020EEE719498DE7194A5C
:100A9000194B18F4F87FE8468AB018BF13466A4627
:100AA0001649C2E905134FF400731384103D144B2B
:100AB000D56142F8103F084800234FF41151FFF769
:100AC00019FAC54674E722F4FF7222F00102BBE76F
:100AD00000ED00E05F11020054FF01008A110200E6
:100AE000A1110200C2110200D0110200EF11020098
:100AF0000B12020046110200311102002F120200F7
:100B000004000001044B5A6942F010025A615A690C
:100B100022F008025A61704700ED00E0EFF3088010
:100B2000EFF3098101B57246FFF704FF01BD00BF75
:100B3000002080F31488BFF36F8F0F4880F308887C
:100B400008F0EAF800200D490860BFF34F8F00F06D
:100B50002BF8402080F3118809484FF400614018B9
:100B600080F30988EFF314800221084380F314888E
:100B7000BFF36F8F00F0E8F85099002094ED00E08B
:100B8000108C00200749D1F890200023C2F30722DF
:100B90001846934200DB7047C1F89830C1F8A000B6
:100BA0000133F6E700ED00E008B572B6002383F3E9
:100BB0001388FFF7E7FF144B4FF0FF32C3F8802094
:100BC000C3F88420C3F88820C3F88C20C3F8902091
:100BD000C3F89420C3F89820C3F89C20C3F8802160
:100BE000C3F88421C3F88821C3F88C21C3F890216D
:100BF000C3F89421C3F89821C3F89C2162B6BFF3CF
:100C00004F8FBFF36F8F08BD00E100E0084B9B687A
:100C100083420BD1EFF3058343B1064B5A6842F090
:100C200080525A605A6A22F400425A620AF068BB43
:100C3000E87A002000ED00E012498A684FF03000A9
:100C40001044EFF3098C80E8F01F402080F31288F5
:100C5000BFF36F8F0C4F4FF000664A698A603E60A9
:100C60004FF0740414192068084C2060906F002322
:100C7000936780F3118802F1300090E8F01F8CF345
:100C800009887047E87A002004ED00E0E077002052
:100C90001EF0040F0CBFEFF30880EFF309808169A9
:100CA00011F8021C0229FFD001B572460CF034F98C
:100CB00001BD00BF40B2002807DB044A41090123FF
:100CC00000F01F00834042F82130704700E100E04F
:100CD00040B200280CDB4309064900F01F00203316
:100CE0000122824041F82320BFF34F8FBFF36F8F63
:100CF000704700BF00E100E0054B420900F01F0013
:100D000053F82220012303FA00F01040704700BF7F
:100D100000E100E040B2D30754BF023100210028B7
:100D2000ACBF00F16040074A4FEA4113ACBF00F589
:100D3000614000F00F00DBB2B4BF135480F8003301
:100D4000704700BF14ED00E00B4A08B50B4B22F0D2
:100D50007F029A60BFF34F8FBFF36F8FD3F8882065
:100D600022F47002C3F8882009F064FB0AF0E8FB63
:100D700000F044F809F09EFB0000000000ED00E0E8
:100D800042F8203C009B42F81C3C0A49019B42F877
:100D9000183C029B42F8143C21F001014FF0807393
:100DA00042F8043C42F8081C0023203A026583679D
:100DB000704700BF5DF7000000B5094B9860094B14
:100DC0001546426F1A600E462C4686F309880020AD
:100DD000054B98472046002100220023034C204762
:100DE000E87A0020E07700203FCF01005DF70000A7
:100DF000014B10221A61704700ED00E00448002307
:100E00004021C2180133272B82F80013F9D1704713
:100E100000E100E008B5EFF30583064A103B02EB62
:100E2000C30152F8330049688847BDE80840FFF71E
:100E300049BC00BF44FC0100024B034A03480121A6
:100E400000F07AB80000012000000020A803020092
:100E500008B503461048D0F89020C2F30722013AA3
:100E6000934207D90D480E4A01210BF08DFF6FF018
:100E7000150008BDC0F898300A6822F01F021A4316
:100E800042F01002C0F89C208A6842F00102C0F8CB
:100E9000A0201846EDE700BF00ED00E03CFF010098
:100EA00046120200F0B50E4685B01F4604460025E6
:100EB000B5420DDA606810B397B1431E18420AD0EC
:100EC000104A11482B4601210BF05EFF6FF015020E
:100ED000104605B0F0BD1F28F2D921680B42EFD1B2
:100EE000236801930CF04EF8A36801A90343D0B224
:100EF0000393FFF7ADFF10F1160FE7D0421C013549
:100F00000C34D5E76C1202003CFF0100044B0522B3
:100F1000C3F89420BFF34F8FBFF36F8F704700BFAC
:100F200000ED00E0BFF35F8F024B0022C3F8942076
:100F3000704700BF00ED00E010B5034C012322789C
:100F4000FFF7B0FF207010BD4F7B00202DE9F0436C
:100F500057485849D0F890300D68C3F307239D4295
:100F600085B000F2A180FFF7DDFF496800229542BD
:100F700001F10C011AD1504C504F25706846FFF713
:100F80000DFBDFF83C81DFF83C9106460025AE42C0
:100F90001FD1237846490020D1F89020C2F30722C0
:100FA00093427BDBFFF7B2FF00204CE0C0F89820B3
:100FB00051F80C3C23F01F03134343F01003C0F817
:100FC0009C3051F8043C43F00103C0F8A0300132DA
:100FD000CDE7009800EB05114FEA051CCB683B40BC
:100FE000B3F5000F44D00AD8B3F5001F2ED0B3F5E7
:100FF000800F34D0B3F5801F10D00135C7E7B3F1AF
:10100000807F3ED0B3F1007FF7D150F80C30886874
:101010004A680BF0B7FF40F4802009E050F80C302C
:1010200088684A680BF0AEFF40F0885040F43020EA
:10103000039001A92078CDE90123FFF709FF0028DB
:1010400028DA6FF0150005B0BDE8F08350F80C30D9
:1010500088684A680BF096FF40EA0800E8E750F815
:101060000C3088684A680BF08DFF40EA0900DFE722
:1010700050F80C3088684A680BF084FF40F08270AA
:10108000D6E750F80C3088684A680BF07BFF40F0D8
:101090008870CDE7237801332370AEE7C1F898302C
:1010A000C1F8A000013377E74FF0FF30CBE700BF76
:1010B00000ED00E0B40302004F7B00200000F0FFD1
:1010C0000000081100000207F0B587B007460E4681
:1010D00014460021102268461D460EF081FC0223B2
:1010E0008DF802302A46054B019321466846CDE92A
:1010F00004760AF079FC07B0F0BD00BFA5CF01006F
:1011000008B5024B1B689847002008BDE477002013
:10111000034B044A1860937843F0020393707047BE
:10112000E4770020B009002008B50649064821F000
:101130000701C1F1005202F580320BF06EF9002078
:1011400008BD00BFDBB60020E877002070B541691C
:10115000867A0B4D044659B1437ADB0706D42C231B
:1011600003FB06535B6A1B689B6898470023636117
:101170002C20214606FB0050BDE870400EF01EB941
:10118000E40C0020024B2C2202FB0030704700BF11
:10119000E40C0020827A064B2C2101FB02339A6A70
:1011A0001B7F1B33801A23F00303B0FBF3F070475F
:1011B000E40C002038B5074B827A2C2404FB023360
:1011C0005B6AD3E901240C601568FFF7E3FF04FBB9
:1011D000005038BDE40C00202DE9F04385B00546F1
:1011E0006846039190461C460EF018FBDDE9006747
:1011F000EFF31189402383F31288BFF36F8F6B8B5A
:10120000002B41D02A8B9A4225D900220023284660
:1012100009F0DAFA0446F0B189F31188BFF36F8F51
:10122000039B002B41D032463B4668460EF01AFB2A
:10123000A27A264B2C2101FB023320465B6A1B68F5
:1012400003A91D68DDE90023A847606170BB204643
:10125000FFF77CFF24E0698B4B1E6B8389F31188B9
:10126000BFF36F8F2B7F2A8BAC6A1B3323F00303F2
:10127000521A02FB0344154B154AEB1A9B105343B9
:10128000A3722B7FE372CBE789F31188BFF36F8FD3
:1012900023464246284609F097FA04460028BFD163
:1012A0000024204605B0BDE8F083636101230025DA
:1012B0002381039B6382E27A6560294604F118006A
:1012C0000EF08EFB63692582E360EAE7E40C002000
:1012D000A38B2EBA70B50C4C2C2500B970BD037AC7
:1012E0004668013BDBB20372002BF7D1C360436059
:1012F000837A05FB03431B6A13B198473046ECE73A
:10130000FFF724FFFAE700BFE40C0020044A0123A2
:10131000C2F840354FF080420020C2F8783570475F
:1013200000E0014020B1034B800143F00103184766
:10133000704700BF2002020008B504480DF0AAFE65
:1013400000280CBF6FF01200002008BDCCFB01008C
:101350000E4B402970B528BF40210D4C46181D4644
:10136000B04203F1020304D1002305F8113007480D
:1013700070BD02781209A25C03F8022C10F8012B50
:1013800002F00F02A25C03F8012CE9E76E7B00205B
:101390001813020030B503788BB0044607AD032B59
:1013A00021D8DFE803F0021A1C1E12492846FDF777
:1013B0006BF8059563780493A3780393E37802931D
:1013C0002379019363790093A3790B4A0B481E217B
:1013D0000AF0DEFA09480BB030BD0949E6E70949D1
:1013E000E4E70949E2E7094A0A2128460AF0D0FA67
:1013F000DFE700BFD3120200F5120200507B00208D
:10140000DA120200E1120200EB1202007B2302005A
:101410000378012B30B513D0022B27D07BB9194BA1
:101420000A4603F1100453F8045B42F8045BA3423C
:10143000F9D11B78137043884B731B0A8B7330BD33
:10144000104B0A4603F1100453F8045B42F8045BA6
:10145000A342F9D11B78137043684B73C3F307227F
:101460001B0CCB731B0A8A730B74E8E700F11003A3
:1014700050F8042B41F8042B9842F9D103780B70F3
:10148000DDE700BF2913020008B50BF0AAFE09F042
:1014900037FE044B1B680BB10A209847BDE8084093
:1014A00009F042BEF477002038B5054605480BF038
:1014B0008AFD044620B101210C300BF0D9FD2576C0
:1014C000204638BDC00D002010B5044609F018FEB6
:1014D000024B1C60BDE8104009F026BEF4770020E6
:1014E0000F2810B50ED80D280ED90B480BF06BFD48
:1014F000044628B101210C300BF0BAFD02232376FB
:10150000204610BD1328F0D009B10448EEE7BDE82D
:1015100010400220FFF7C8BFEC0D00203C0D00205A
:10152000C368034A1B78034802210BF0CABE00BF00
:1015300049130200CCFE010070B5C6683378B6F8D6
:10154000014083B90F21204602F022FDF3780546C1
:1015500050B90A4A118831B96FEA04506FEA105045
:101560001080074A137070BD4372012102F030FCF5
:101570002846BDE8704002F001BC00BF227B00207D
:10158000EF7B002070B5C3681D78BDB9B3F801606A
:101590000F21304602F0FCFC044638B93346084AB5
:1015A0000848BDE8704001210BF08BBE294602F0CF
:1015B0000FFC2046BDE8704002F0E0BB70BD00BFEC
:1015C00071130200CCFE010010B5C368B3F80140EE
:1015D0000121204602F0DCFC38B92346054A0648C2
:1015E000BDE8104001210BF06CBEBDE8104002F0D8
:1015F000C5BB00BF97130200CCFE010010B5C36845
:101600001C880121204602F0C3FC38B92346054A54
:101610000548BDE8104001210BF053BEBDE8104065
:1016200002F0ACBB97130200CCFE010010B5012103
:101630000C300BF04FFDBDE810400378024A034820
:1016400001210BF03EBE00BFBB130200CCFE010027
:10165000014610B508480BF0BAFC084908480DF0DF
:101660005AFF031E06DABDE81040064A064801216B
:101670000BF027BE10BD00BF0C090020D0090020D0
:1016800088200020DD130200CCFE010010B5084CBC
:101690000146062294F86F0002F030FF38B994F842
:1016A0006F000449BDE81040052202F027BF10BDBD
:1016B000C0070020B9120200024A034801210BF0C2
:1016C000FEBD00BFFA130200CCFE0100B0B50B4610
:1016D0000D8A00AF04462946D868FFF739FE8AB064
:1016E0006A46094BC2E9053440F202439384074B32
:1016F000C2E907504FF4325142F8103F04480BF052
:10170000F1FDBD46B0BD00BF14140200050000018C
:10171000CCFE010070B5C568B5F801600121304606
:1017200002F036FC044638B933460D4A0D48BDE890
:10173000704001210BF0C5BD2B783BB9D5F80330C3
:10174000C0F89530D5F80730C0F89930201D4FF417
:1017500080310BF0B8FD2046BDE8704002F00EBBB2
:1017600097130200CCFE0100B0B53C2800AF044640
:101770001AD101F019FE6FF0800110300BF0B5FDA9
:101780000020FFF783FF054630B9124A12480121B5
:101790000BF095FDBD46B0BD4472002102F018FB70
:1017A000284602F0EBFAF5E76D468AB06A460B4B25
:1017B000C2E905300A4BD36140F201331384094B6F
:1017C00042F8103F04484FF412510BF08BFDAD4628
:1017D000E0E700BF36140200CCFE010057140200FF
:1017E000340D02000400000137B502EBC3030446C8
:1017F00008469A4202D16FF05E0010E0114611F8DF
:10180000085BA54211D1038A5178994209D9084849
:10181000084A009401210BF0C1FA6FF0150003B0E3
:1018200030BD536898470020F9E70A46E1E700BF5A
:10183000CCFE01007314020073B53D480BF0DCFBD5
:101840000446002872D0017E022948D008296AD1B6
:10185000038A032B05D8374A374801210BF031FDA5
:1018600013E004210C300BF035FCFF23428806887E
:101870006376238AC6F30B009A42A08309D02E48D0
:10188000009201212D4A0BF089FA2046FFF722FD34
:1018900012E00F2102F07CFB054610B9A38B284A09
:1018A000DAE702F0B5FB320B60762146284602F0FB
:1018B00031F9284602F062FA224BD3F84C31002B62
:1018C00034D0214921480DF026FE031E2EDA204A8D
:1018D0001948012102B0BDE870400BF0F2BC038A48
:1018E000012B01D81B4AB7E70C300BF0F3FB054680
:1018F00000780BF0D2FC10F002060DD1164A174901
:10190000174840F6CE330AF047FE86F31188BFF33E
:101910006F8F0323184602DF124A287804232146DA
:101920000BF0EFFCB1E7104A0B4695E702B070BD33
:101930000C09002095140200CCFE0100B614020030
:10194000DA140200C0070020D009002088200020FF
:10195000DD130200FC140200181502004C150200F1
:101960007A150200700402009715020010B50121DB
:1019700004460C300BF0AEFB2146034A0078BDE86C
:10198000104007230BF0BDBC90040200F8B5012104
:1019900000AF04460C300BF09DFB0678114A002383
:1019A00021463046FFF720FF5F3018D1258AE068D6
:1019B0002946FFF7CDFC6C468AB06A460A4BC2E95D
:1019C000053640F202439384084BC2E907504FF4B6
:1019D000325142F8103F06480BF084FCA546BD4644
:1019E000F8BD00BFC8040200AB15020005000001ED
:1019F000CCFE01002DE9F74FDFF82CA1BFF35B8F80
:101A000080468946174600235AE8004F4AE80032CC
:101A1000002AF9D1BFF35B8F264644B9434A4448B4
:101A20004346012103B0BDE8F04F0BF04ABC20460D
:101A3000FFF7B0FB3F4D4FF00C0B0BFB0050438802
:101A400043451FD02046FFF7A5FB0BFB0050438802
:101A5000394A00933648434601210BF09FF9BFF302
:101A60005B8F5AE8003F4AE80062002AF9D1BFF3D1
:101A70005B8F002B54D01E46304603B0BDE8F04FBC
:101A8000FFF728BCA7420FD020460BF097FA04F1CD
:101A90000C0802230121404623760BF0E9FA3A8A2A
:101AA000F96840460BF0F5FA2046FFF773FB0C2768
:101AB00007FB00504368ABB1B9F1000F12D12046CB
:101AC000FFF768FB07FB005001214268D2E90003E1
:101AD000127A03F01F07B9405B09DAB100EB83000B
:101AE0000BF0F1FB2046FFF755FB0C2707FB0050DE
:101AF0008368002BC0D02046FFF74CFB784305F8E5
:101B000000902046FFF746FB07FB0055A86808F049
:101B10008DFEB1E7C94300EB83000BF0E6FBE1E784
:101B200003B0BDE8F08F00BF08090020DD150200FA
:101B3000CCFE0100F8770020051602002DE9F84FD1
:101B4000D0F80C80018A98F80040012303EB84034D
:101B50008B4200AF5FD96D468AB06A463048C2E911
:101B600007310523C2E905044FF4215142F8103F23
:101B70002C480BF0B7FBAD46BD46BDE8F88F2A4AAE
:101B800028484B4601210BF09CFB013598F80030AA
:101B90009D42F1DA08EB85030F21B3F80190B3F809
:101BA0000360484602F0F4F904460028E7D000F14B
:101BB000C0095EB1204601F04DFF08F037FE6369B1
:101BC00043B918485A4601210BF079FB204602F030
:101BD000D5F8DAE7A1691A6862618B4208BFA26191
:101BE000C3F800A0226A9AB9C4E90733BFF35B8F38
:101BF00059E8003F013B49E80032002AF8D1BFF321
:101C00005B8F00212046013E01F030FFB6B2D0E7E5
:101C100013602362EAE70025DFF810B0AA46B5E7B3
:101C200038160200CCFE0100621602007E16020089
:101C300073B5C568B5F801600121304602F0A8F916
:101C4000044640B93D4A3E483346012102B0BDE852
:101C500070400BF036BB2B781A2B00F1040619D11B
:101C6000C378012B4ED14FF4804130460BF02BFB53
:101C700042040FD4D4F8883000936946D4F89030E9
:101C80000193204602F018FF204602B0BDE87040E4
:101C900002F074B82B78ABBBB5F80320A4F886200B
:101CA00093B2B5F80520A4F88C20B5F80720A4F865
:101CB0008E209A1F92B240F67A418A4204D9214A74
:101CC0001F4802210BF0FDFAB4F88C30B3F5FA7F0F
:101CD00004D31D4A1A4802210BF0F3FAB4F88E30EF
:101CE000A3F10A0292B240F676418A4204D9174A19
:101CF000134802210BF0E5FA6FF4805130460BF0E7
:101D0000F4FA17E0BFF35B8F6368BFF35B8FDB040C
:101D1000F2D52B78202BEFD194F89430002BEBD018
:101D2000013B84F894304FF42032002304F140004A
:101D300008F0D0FF204602F0DFFAA5E79713020073
:101D4000CCFE010095160200BD160200E41602004A
:101D5000094BBFF35B8F1A68BFF35B8F02F0090278
:101D6000BFF35B8F53E8001F43E800200028F9D140
:101D7000BFF35B8F704700BF9408002010B5C1E926
:101D800000239DF808300B720C46FFF703FA034B53
:101D90000C2202FB00335C6010BD00BFF87700200E
:101DA0002DE9F0474FF0FF3206464FF0FF33184859
:101DB00088460BF008F9044638B300F10C070121FE
:101DC00038460BF055F9012323762046FFF7E2F958
:101DD000104D4FF00C0909FB00504FF0000A4680EF
:101DE0002046FFF7D7F909FB0050C0F808A02046AD
:101DF000FFF7D0F909FB005503213846C5F804A0C8
:101E00000BF041F9068080F802802046BDE8F0879B
:101E1000940D0020F877002070B50C4D06460FCDCC
:101E200090B001AC0FC40FCD0FC40FCD0FC495E817
:101E300007000E2E84E807009BBF10AB03EB86065D
:101E4000034856F83C0C10B070BD00BFC4FF010041
:101E500010170200034B0146D3F86C0182689268A8
:101E6000104700BFC00700202DE9F843044600F1E9
:101E70000C0630460BF03EF9B4F81080B8F1010FB3
:101E800005460AD81A4A1B48434601210BF019FAA5
:101E90002046BDE8F843FFF71DBA304602210BF09B
:101EA00019F9074600780BF0F8F910F00109064619
:101EB0000DD1114A1149124840F6EE730AF06CFB3D
:101EC00089F31188BFF36F8F0323184602DF0523C0
:101ED0000C4A387821460BF014FAB307D8D5636959
:101EE000A4F8108013FA85F5E560BDE8F88300BF1B
:101EF000FC140200CCFE01001815020018170200A5
:101F00007A1502004804020038B50C4609F0F8F8CA
:101F1000237E022B05D0082B14D12046FFF798FB17
:101F20000BE0E36818780BF0B8F9C207054602D554
:101F30002046FFF799FFAB07EFD4002409F0F4F82F
:101F4000204638BD054A064801210BF0BAF9204663
:101F5000FFF7C0F96FF01504F0E700BF311702007A
:101F6000CCFE01002DE9F84F3D4C3E483E4D00AF00
:101F700004210BF0A8F9E2793C4B2046012A88BFE6
:101F80001D466E46FFF706FA8AB06A46384BD061A6
:101F9000C2E90535374B1362374B42F8103F3748DB
:101FA000DFF8DC80DFF8D4904FF423510BF09AF97E
:101FB000B546344EA3460125E3799D420BF1070B4C
:101FC00038DB94F870502846FFF726FF6E468CB039
:101FD000B4F87210B4F876306A46DFF8ACC05362D9
:101FE000C2E90751294B4FF40075C2E905C01585B8
:101FF0004FF4535142F8103F20480BF073F9B546A7
:1020000094F871603046FFF707FF8AB0B4F8743077
:102010006A461F499584C2E907631E4BC2E9051051
:1020200042F8103F15484FF433510BF05BF9BD46B1
:10203000BDE8F88F5846FFF7ADF9EA468AB06A4620
:1020400040F20133C2E90565D06113844FF41351A6
:1020500042F8108F48460BF045F90135D546ABE7FD
:10206000C007002094080020340D0200451702002C
:10207000491702000002010304000002CCFE010027
:102080000400000158170200691702000600000151
:10209000A717020005000001004870471F0B02004F
:1020A000014808F0A9BD00BFC009002038B50546A9
:1020B0000C4619B9FFF774FE0446D8B140F6354313
:1020C0009D420FD12046FFF7C5FE054640B10346AD
:1020D0000A4A0B4801210BF0F4F82046FFF7FAF802
:1020E000284638BD074821460DF05DF90025FFF769
:1020F000D7FFF5E76FF06805F2E700BFCE170200E3
:10210000CCFE01001409002073B5C368D9789A7811
:102110001E8842EA0122ADF8002059791A7942EA74
:102120000122ADF80220D9799A7942EA0122ADF86C
:1021300004201A7A5B7AB4B242EA032301212046D2
:10214000ADF8063001F024FF054658B91C481D4A79
:10215000012123460BF0B5F8022120460BF009F9C6
:1021600002B070BD694602F011F938B91E2120464F
:102170000BF0FFF8284601F001FEF1E70E2142F2D4
:102180002000FFF70DFE04460028F3D00E210C308E
:102190000AF079FF00230680C0F80A30BDF800304D
:1021A0004380BDF802308380BDF80430C380BDF8A1
:1021B00006300381214642F22000FFF777FFD9E77E
:1021C000CCFE01009713020038B502460B462B4D9A
:1021D000D5F8541109B9002038BD05F5987008F0FC
:1021E00059FB0028F7D10022002305F5AA7008F05A
:1021F000EBFA044668B9224A2249234840F6DD3307
:102200000AF0CAF984F31188BFF36F8F03231846CD
:1022100002DFD5F848315BB11C4A1D4801210BF0A3
:102220004EF8D5F84801FFF755F80023C5F84831B6
:1022300020460AF0F7FEC5F848012046FFF70AFEDF
:102240000346C8B1134A124801210BF03AF812486C
:1022500008F0ECFA2046FEF79DFF104B0C2202FB23
:102260000033588818B122461F21FFF7C3FB2046D0
:10227000FFF730F8FFF714FF0120ADE7C00700209B
:10228000181502003D1302007A150200F017020033
:10229000CCFE0100CE170200F0080020F8770020E5
:1022A0002DE9F04F87B0054600AF16460C4631B910
:1022B000FFF776FD044648B96FF0680092E0887A2F
:1022C000FEF760FF534B834240F09E8001220021C5
:1022D00038460DF081F82046FEF75CFFDFF838A1A4
:1022E0000C2303FB00A0876020460AF09BFE0146FA
:1022F0004A480DF058F8FFF7D3FE0DF0F5FB484BB8
:102300001A58484B9A4220D1DFF81CB143480DF0CF
:102310005FF8002181464FF4A020FFF755FF80466B
:1023200088B9424A42484FF4D87359460AF034F902
:10233000404829460AF030F988F31188BFF36F8FBF
:102340000323184602DF4C45E0D14FF4A0220023BE
:10235000384608F09FFA804698B14FF4DB73334A51
:10236000354933480AF018F93448424629460AF0FC
:1023700013F9002383F31188BFF36F8F03231846EB
:1023800002DF2046FEF706FF0C2358431AF80080B0
:10239000B8F1000F30D06E468AB06A46284BC2F8BA
:1023A0001C80C2E90535274B136240F20243938437
:1023B000254B42F8103F25484FF432510AF092FF66
:1023C0002046B546A8F10908FEF784FFB8F1090FC9
:1023D0000FD8DFE808F01C0E0E0B050E0E0E0E19BE
:1023E0006FF00B001C37BD46BDE8F08F6FF00C009E
:1023F000F8E76FF00400F5E716B134600020F1E76C
:102400002046FEF767FFF9E76FF01500EAE76FF087
:102410006E00E7E7940D0020F877002014090020F3
:1024200008000000682A00200B180200181502009E
:102430007A15020013180200331802003C1802003B
:1024400081180200340D020005000001CCFE0100DD
:10245000F7B5144B93F99B30002B05460C461DDA5B
:1024600014B9204603B0F0BD082C01AA4FF00001BA
:1024700042F21800264628BF0826FFF711FF002861
:10248000F0D1019FF9683246013128460DF09AFAE1
:102490003846FEF71FFF3544A41BE1E76FF08500C7
:1024A000E0E700BFC007002073B506460D4601AA4D
:1024B000002142F22F00FFF7F3FE044638B1154A1F
:1024C000154801210AF0FBFE204602B070BD0198BC
:1024D000C368B3F801203280B3F803302B80FEF7D5
:1024E000F9FE3388A3F11B02E02A04D90B4A0A48FB
:1024F00002210AF0E6FE2B88A3F5A47292B244F200
:1025000048118A42E0D9064A034802210AF0D9FE5E
:10251000DAE700BFA0180200CCFE0100C0180200DC
:10252000E5180200F0B5002283B0114600AF40F676
:102530000340FFF7B5FE044600285BD1FFF708FC17
:1025400021463A1D41F20300FFF7AAFE0446002887
:1025500050D17A68BE4DD168D1F80100D1F805108C
:1025600005F1780303C31046FEF7B4FE21463A1D79
:1025700041F20100FFF794FE044600283AD1786842
:10258000C3685A7885F870205A88A5F872201A799D
:1025900085F87120B3F80720A5F87420B3F805304A
:1025A000A5F87630FEF796FE21463A1D41F202006C
:1025B000FFF776FE0446E8B9D7F804C0DCF80C2033
:1025C00005F18006531C413218685968344603C42B
:1025D000083393422646F7D16046FEF77BFE95F816
:1025E0007C305E060AD49B4A9B4801210AF067FEB4
:1025F0006FF0120420460C37BD46F0BD3A1D002195
:1026000042F20300FFF74CFE04460028F2D17B683B
:10261000924EDA68D2F80100D2F8051003C61846C7
:10262000FEF758FE21463A1D42F20200FFF738FE3F
:1026300004460028DED17C68E368B3F8012091B23B
:1026400049B1D97839B1A5F80421DA78114606F1F3
:1026500028000CF0C1FE2046FEF73CFE95F87C6099
:102660001F2316F02006A5F8203118D1022140F6CC
:102670006D40FFF795FB0446002800F0A68002217C
:102680000C300AF000FD01230370467021463246EB
:1026900040F66D40FFF704FE04460028AAD195F8E5
:1026A0009C301C0712D53A1D002142F21C00FFF796
:1026B000F7FD044600289DD17868C368D3F801204F
:1026C000D3F80530C5E93823FEF704FE95F8D83075
:1026D000980620D5B91C3846FFF7E6FE04460028C8
:1026E00088D1042142F22400FFF75AFB0646002855
:1026F0006BD004210C300AF0C6FC3B8803807B8839
:1027000043802246314642F22400FFF7C9FD0446C9
:1027100000287FF46FAF082142F20100FFF740FB71
:102720000446002851D008210C300AF0ACFC95F882
:10273000D82012F0020F14BF2F230F23910695F813
:10274000D92048BF43F0400312F0090F18BF43F4EB
:10275000006300220370C3F3072343708270C270CA
:10276000027142718271C271214642F20100FFF78B
:1027700097FD044600287FF43DAF95F87C30B5F80E
:1027800004119A0624D4C9B93A1D41F20500FFF795
:1027900087FD044600287FF42DAFB5F804317C682E
:1027A0004BB9E368B3F80120A5F804219A882C48B6
:1027B00011460CF011FE2046FEF78CFD082140F674
:1027C0000140FFF7EDFA044660B96FF0680411E7C5
:1027D0000029F3D1234A204801210AF070FD6FF04F
:1027E000040407E708210C300AF04DFC10230370A5
:1027F000882300224370022620238270C670027153
:1028000042718271C371214640F60140FFF748FDD5
:10281000044600287FF4EEAE01463A1D4FF6014013
:10282000FFF73EFD10B3104A0B4802210AF047FDA6
:1028300000F0AAFC044600287FF4DCAE01F042FF61
:10284000044600287FF4D6AEFFF78CFBD2E600BF2B
:10285000C007002008190200CCFE010098080020E3
:10286000C80800202C1902004F1902007B68DC68A0
:10287000B4F80130032B96BF434A444952F8231061
:102880006E468AB06A464248D3614FF4007313849F
:10289000404BC2E9050142F8103F3F484FF4135145
:1028A0000AF020FDB4F80120B4F80330022AB5463E
:1028B00049D1052B47D8394A52F823106E468AB0C1
:1028C0006A463748D3614FF400731384314BC2E931
:1028D000050142F8103F4FF413512F480AF002FD52
:1028E000637994F806C0D4F80900032BB54698BF65
:1028F0002C4AB4F8076094BF52F8231023496C4661
:102900008CB06A46DFF8A0E0C2E9073C4FF40073E0
:102910009385264BC2E905E1C2E909604FF4735182
:1029200042F8103F1C480AF0DDFCA5467868FEF727
:10293000D1FC3A1D00214FF60240FFF7B1FC0446DE
:1029400018B11B4A70E71149B8E77868C368B3F853
:102950000130A5F8C130FEF7BDFC95F8C1305B072A
:102960007FF566AF3A1D21464FF60340FFF798FC0E
:1029700008B1104A58E77868C3685B7885F8C030BA
:10298000FEF7A8FC54E700BF38040200101702004D
:102990007319020004000001CCFE010020040200B3
:1029A0008C19020010040200A419020007000001A3
:1029B000D1190200FA19020010B5FFF7B3FD034B5D
:1029C0001B6813B1BDE81040184710BD10780020F7
:1029D00073B52A4D0646D5F86C010CF05BFB48B97F
:1029E000274A284801210AF06AFC6FF012042046A9
:1029F00002B070BD6FF0020105F1D4000AF075FC61
:102A000001210AF060FC10EA010434D11E4B1E6063
:102A10000A4605F598700CF0DFFC05F5AA700CF07D
:102A2000B6FC1A480CF0A2FD1949184800946FF042
:102A300007034FF4806208F0E5F8164913480CF0DC
:102A4000C0FDD5F86C01144983681B68984704469B
:102A500030B10346114A0B4801210AF032FCC6E7A7
:102A600026B902B0BDE87040FFF75CBD05F1C400B7
:102A700008F0C2F8BBE76FF07704B8E7C0070020A2
:102A8000231A0200CCFE01001078002088200020CC
:102A9000608300203B1A0200091F0100441A020053
:102AA0002DE9F04F85B0634BB0F80190198849F4D7
:102AB000704291424FF0000602BF1E805E4B1E78AE
:102AC000C378012B08BF5D4B00F1040800AF054639
:102AD00040460CBF93F86F4000240AF07EFB41464D
:102AE00068B307F108000AF06DFBD5F81130C7F89C
:102AF0000130B5F81530A7F805304FF0010AEB7832
:102B0000012B31D04046FEF745FC6C4688B06A4642
:102B10004B4BC2E905304FF400739383494B4A484D
:102B200042F8103F4FF4E2510AF0DCFB1321A546B6
:102B300048460AF039FC1437BD46BDE8F08F204600
:102B40000AF0CDFC03460068B8609A889B796868F3
:102B5000BA81BB73B8F8042098F8063095F804A041
:102B60003860BA80BB71CAE707F10800FEF78EFD36
:102B7000EB78012B04460AD100F016FC6FF08001BF
:102B8000834610300AF0B1FB58460AF0B7FD002C1E
:102B9000B8D02346B5F8012023F8702BB868BA7B6B
:102BA000B98920679A719980B5F81730A4F88630F2
:102BB000B5F81930A4F88C30B5F81B30A4F88E3075
:102BC000EB78E3700022012B627222D187F800A01B
:102BD000BA88BB793868A4F87B2084F87D30C4F8C3
:102BE000770000F0E1FB237A144AC3EBC303991882
:102BF000D358C4F87E308B88A4F882308B7984F85F
:102C00008430D2E9381303F03F03194301D000F0B8
:102C10008BFD0721204601F0DBF826B16672012109
:102C2000204601F0D5F8204601F034FA204601F0A4
:102C3000A5F880E7227B0020EF7B0020C007002062
:102C4000601A020003000001CCFE010000B5C36859
:102C5000187889B020B109B05DF804EBFEF784BDA7
:102C6000B3F80120ADF80120DA788DF800008DF876
:102C70000320B3F80B20ADF81720B3F80D20ADF802
:102C80001920B3F80F20ADF81B205A7C8DF81D20B9
:102C9000586801901A899B7A8DF80A30094BADF873
:102CA000082068461A689B88CDF80B20ADF80F30D5
:102CB000CDF81120ADF81530FFF7F2FE09B05DF840
:102CC00004FB00BFCD12020038B5042104460C30CD
:102CD0000AF000FA034640885D7818B11978224658
:102CE000FEF788FE35B1044807F0A0FDBDE8384086
:102CF000FFF7D6B938BD00BFF0080020B0B50321FA
:102D0000044600AF0C300AF0E5F9E3680578B0F846
:102D10000100197840F63543984215D16C468AB0C7
:102D20006A460F4B0F48C2E905310F4BD36140F2A1
:102D3000013313840D4B42F8103F4FF412510AF047
:102D4000D1FAA546BD46B0BD10B12246FEF752FEEF
:102D5000002DF7D0064807F069FDFFF7A1F9F1E76C
:102D60007C1A0200CCFE0100340D020004000001B8
:102D7000F0080020F8B50A4DEF7906460024E3B2CA
:102D80009F4202D86FF0010007E0294630460AF062
:102D90009CFB0735631C08B12046F8BD1C46EEE7D6
:102DA000C007002070B5194E0622314605460CF0CA
:102DB0001FFE30B3062142F20500FEF7F1FF044684
:102DC00008B3062229460C300AF063F92146002296
:102DD00042F20500FFF764FA044648B110F10D0F06
:102DE00004D10B4A0B4802210AF077FB204670BD44
:102DF00033462A6843F86929AA88B280012283F8F9
:102E000068200024F2E76FF06804EFE7290800204B
:102E1000BB1B0200D4FE010037B504460D4689B144
:102E2000184928460AF051FB60B9174A2968C4EBD3
:102E3000C404A3181151AA889A80AA799A71002013
:102E400003B030BD68460AF0AFF90028F8D16846F3
:102E5000FFF790FF0028F5DA0B4A00989DF806105E
:102E6000C4EBC404A3181051BDF8040098809971F4
:102E7000002DE4D012592A609A88AA809B79AB7100
:102E8000DDE700BFC0120200C007002070B5044695
:102E9000B1B9C0B120490AF018FBA0B92046FFF72C
:102EA00069FF002831DA2378012B04D1A37903F0DC
:102EB000C003C02B07D0194A194801210AF00DFBA5
:102EC0006FF0150070BD174DEB79012B20D0BFF3CB
:102ED0005B8FD5F8D430BFF35B8FDB0707D4002CB2
:102EE000EED00D4920460AF0F0FA0028E8D1EE793C
:102EF0002146731C3046EB71FFF78EFF08B9304650
:102F0000E0E7EB79013BEB71DCE76FF07700D9E7A5
:102F10006FF00B00D6E700BFC0120200CA1B020010
:102F2000D4FE0100C00700202DE9F341044640B95A
:102F30001A4A1B4802210AF0D0FA002002B0BDE86C
:102F4000F08101AA002141F20900FFF7A9F9054625
:102F500008B1144AEDE7019E1349D6F80C8008F138
:102F60000107062238460CF043FD28B10F4906221E
:102F700038460CF03DFD18B93046FEF7ABF9DCE7FA
:102F8000D8F80130C4F80130BB88A4F805303046C9
:102F90002570FEF79FF90120D0E700BFF81B020063
:102FA000D4FE0100111C0200CD120200C712020063
:102FB00007B56846FFF7B8FF044BD87118B16946EA
:102FC0000020FFF729FF03B05DF804FBC0070020D5
:102FD000F0B5304DEC7989B0002C53D195F8C26032
:102FE00016F0010610D12C4A2C4802210AF075FA7D
:102FF000EC71162600240127EB79E0B298422CD31D
:10300000002B3FD000203BE06A4621464FF60940A6
:10301000FFF746F908B1224AE6E7DDF800C0DCF820
:103020000C104B7823B96046FEF754F91D4ADBE7D4
:103030008B1C02AA01F1120418685968174603C7CD
:103040000833A3423A46F7D1186838609B88BB80A2
:103050006046FEF73FF93446CAE708AB06FB00338B
:10306000694653F8182C33F8143CCDF80120ADF81C
:1030700005308DF80070FFF7CFFE01340028BBD07B
:1030800009B0F0BD0021084609B0BDE8F040FFF7E7
:10309000FDBE00BFC00700202F1C0200D4FE0100AF
:1030A0005B1C02007B1C02002DE9F0410D46174617
:1030B0001C46064650B14BB10A03037811D56D0783
:1030C00008D52E4A2E4801210AF007FA6FF01500A4
:1030D000BDE8F0810AF010FA0028F9D1012323702D
:1030E000F6E7E9072ED527480FB1AA0608D4C3EBA7
:1030F000C302825C012A13D002B922700020E7E7E4
:1031000090F8D820510635D5C3EBC302825C012A62
:1031100006D002B92270237843F002032370EDE752
:103120004FF00108072111FB0381014430460AF0EA
:10313000DBF90028CCD184F80080002FDED0AB066C
:10314000DCD5E8E76A0712D50E49C3EBC3028E5CF3
:10315000012E09D1072212FB036319440AF0C4F9B6
:103160000028B5D12670EAE7002EE8D1FAE70AF088
:10317000C3F9B3E76FF08500AAE700BFA41C020003
:10318000D4FE0100C007002038B5104DEB7913B113
:103190000024204638BDFFF70BFF044628B10C4A37
:1031A0000C4801210AF099F9F3E7EB79002BEFD1F4
:1031B000FFF70EFF04460028F1D1681CFFF7F2FD6F
:1031C00004460028E5D0044AEAE700BFC007002013
:1031D000C31C0200D4FE0100E21C02002DE9F74FDF
:1031E0000C46202100909246FEF7DAFD05460028A5
:1031F00055D020210C3009F046FF202200218146C5
:103200000CF0EEFB09F1010B04EBCA0A0026D4F81E
:1032100000800023626893420CD30834A245F6D1A3
:10322000009889F800600022294603B0BDE8F04FFD
:10323000FFF736B898F8012098F800C0B01C811844
:103240001F2915D9BCF1090FC0F11F0201D1002AB5
:103250000CDC144A1448012109F08DFD2846FEF7C4
:1032600039F86FF0150003B0BDE8F08F4FF0080C8F
:10327000D7B2791C0BF80610711CC9B25BFA80F04A
:103280000BF801C0D8F80410019302370CF09AFB38
:10329000019B3744FEB2013308F10808BAE76FF02A
:1032A0006800E0E7051D02009CFE010008B5044926
:1032B000072209300CF09CFB003818BF012008BD24
:1032C000C0120200F8B5154B067883F86F6004460B
:1032D0000D46FFF7EBFF70B91149304601F092F847
:1032E000044610B96FF00B00F8BD052100F070FD29
:1032F0002C600020F8E704F109073946304601F058
:10330000C5F840B92078394601F07CF80446002819
:10331000E8D00621EAE76FF01500E5E7C0070020D6
:10332000B9120200F8B545686905064635D4046946
:1033300014B115F0010330D0194F3078FB79834276
:103340002BD9C0EBC0001749072238440CF050FBC2
:10335000A8B115F0010306D197F87020082A02D809
:10336000B2689F2A19D915F0300F09D0ACB1EA061E
:103370000AD405F46035B5F5603018BF0120F8BDFA
:10338000EB0601D4002CF4D1D6E902239A4204D8EA
:103390001F2A02D9B3F5804FEBD90020EFE700BF19
:1033A000C0070020C012020000487047D807002064
:1033B0002DE9F04FD1F810908DB09A460023B9EB6B
:1033C000030605469348059218BF012607930AF0A5
:1033D000BDF80C46410740F112812046FFF7A2FFDD
:1033E00028B96FF0150B58460DB0BDE8F08F204698
:1033F0000AF099F880460028F3D005F11007384606
:103400000AF0A4F80206C0F3C01300F1FB80CDE976
:103410000933CDF82B30A3686068ADF82030E3683D
:10342000ADF822300AF083F86FF480718DF82D002A
:1034300078480AF091F8784A23782B7082F86F3038
:1034400061680DF1250332462846FFF72DFE8346BD
:103450000028C8D105F10902B9F1000F18D021697F
:103460000868C5F80900888890808979917120469C
:103470000AF00FF962680646D0071BD4920503D400
:10348000169B0BB9022E5CD102238DF8243023E069
:10349000624B1968C5F8091099889B7991809371DE
:1034A00020460AF0F6F86268D1070646E6D58DF8A0
:1034B000249011E012F0100F0CBF012204228DF8AD
:1034C000242022691168CDF826109188ADF82A10C1
:1034D00092798DF82C20D8460F2142F20600FEF793
:1034E0005FFC8346002800F090800F2208A90C3072
:1034F00009F0CFFD0022594642F20600FEF7D0FE49
:10350000002840F08580B9F1000F20D06368DB0708
:103510002BD4012128460AF0CCF88346002866D037
:103520003F4A4048012109F026FC079C002C3FF44B
:103530005AAF2046002100F04BFC204600F01EFC54
:1035400051E70323DDF858808DF82430C4E7179B3A
:103550000093CDE90186169B0599524628460AF04C
:1035600021F883460028D1D03DE707A92846FFF778
:10357000A9FE83460028CCD010F10C0F7FF433AFA6
:10358000B9F1000F7FF42FAF626890073FF52BAFC2
:10359000636883F00203C3F3400B0BF001020E21BA
:1035A000384609F0E8FF731E5A425A41082138464E
:1035B00009F0E1FFB11E4A424A413846092109F0AB
:1035C000DAFF62680A2102F00102384609F0D3FFEF
:1035D00042460B21384609F0CEFF62680D21C2F346
:1035E0008002384609F0C7FF4FF0000BFBE6079852
:1035F00008B100F0C3FBB9F1000FCED1C8E76FF0FE
:103600000A0BF0E66FF0770BEDE66FF0680BEAE679
:103610008346E8E694080020C0070020C01202009C
:103620001E1D02009CFE010073B51546069A0C464D
:10363000CDE900322B460A4601461148FFF7B8FE95
:1036400021460646002340F201109D4202D1304639
:1036500002B070BD0A88824204D14A6812B1127861
:10366000D20702D401330831EFE7064906480BF0D0
:1036700083FF4FF470220023034807F05FFBE6E767
:10368000D807002005370100F007002010B51948C1
:103690000AF034F818486FF4804109F05DFF1648CD
:1036A00009F054FF03461A06C0F3C01021D5124892
:1036B00009F04CFF430513D50E48FFF7F7FD0F49FE
:1036C0000346087E93B90E49052200F017FF044611
:1036D00030B10021417200F07BFB204600F04EFB30
:1036E000BDE810400348002109F0E3BF0622213164
:1036F000EBE710BDD8070020E8070020C007002036
:10370000B912020010B5FFF7C1FF034630B1044AF9
:103710000448BDE81040022109F036BB10BD00BFCF
:10372000391D02009CFE010073B53548344C09F088
:103730000DFF10F4804F38D0204609F007FF030634
:1037400033D4204609F002FF46052ED501A9A4F185
:103750001000FFF7B7FD40BBA4F11000FFF7A6FD76
:103760000246204609F0F2FEC0F38031204609F0FF
:10377000EDFE81F0010145054FEA4101204848BFB7
:1037800041F0010109F0E2FE800448BF41F004016C
:103790001C480DF10303FFF787FC054638B11A4AB0
:1037A00003460121194809F0EFFA02B070BD15482F
:1037B000012109F07EFF019E28B9304602B0BDE824
:1037C000704000F0DBBA2946304600F001FB6FF490
:1037D00080410B4809F0C0FE0546304600F0CEFAA5
:1037E0006B04E2D5BFF35B8F54E8003F43F48043A2
:1037F00044E80032002AF7D1BFF35B8FD5E700BF62
:10380000E8070020D8070020581D02009CFE010098
:1038100070B50C4B1C68054644B154F8143C143C7C
:1038200013B1697A284698476469F5E7064C074E54
:10383000B44200D370BD236813B1697A2846984713
:103840001834F5E7487800206CFE010084FE010082
:1038500010B50446FDF79EFC044901EB001120461B
:1038600009F0FCFCBDE81040FEF71ABC14780020FB
:1038700070B5D1E9015600220446C1E9012206488B
:103880000BF091FD3DB1314620462B466FF06D02A5
:10389000BDE87040184770BDCC0C002070B5002208
:1038A00005460E46094800230021FDF795FC044615
:1038B00058B1FDF76FFC064B324603EB0013294667
:1038C0002046BDE8704009F0A4BC70BD680D002022
:1038D0001478002030B5044685B00430BFF35B8F08
:1038E00050E8003F43F4806240E800210029F7D10E
:1038F000BFF35B8F5D0547D409F013FF10F4803FE1
:10390000224D30D095F8D930D90710D502230021A7
:103910001A460091204609F0A2FD034620B11C4A38
:103920001C48012109F003FFA37A072B2CD195F83D
:10393000D8309B0628D509F0F2FC28B30DF10E0112
:1039400003A8FEF7B1FDF8B9BDF80E20BDF80C10C4
:10395000204609F066FD0346B0B10F4A0D4801212B
:1039600009F0E5FE10E095F8D8301A07CAD52046D0
:1039700009F03DFD034620B1084A0648012109F03F
:10398000D6FEA37A072BBDD005B030BDC0070020FE
:10399000B61D0200B4FE0100CD1D0200951D0200FF
:1039A00070B505460F480022002306F073FFB8B932
:1039B0000D4B1C6834B154F80C3C143C03B19847CF
:1039C0006469F7E7094C0A4EB44204D32846BDE8BF
:1039D000704007F011B9A36803B198471834F3E7B2
:1039E00070BD00BFB40C0020487800206CFE0100C0
:1039F00084FE01002DE9F843DFF854800446402797
:103A00000025EFF3118387F31288BFF36F8FE1690D
:103A100029B983F31188BFF36F8FBDE8F883206A5B
:103A20000A68E261814208BF226283F31188BFF312
:103A30006F8FD1E901694046C1E901550BF0B3FC34
:103A40001EB1002249462046B047FEF729FBD8E7C1
:103A5000CC0C00200448B0F80431002B00F5847031
:103A600008BF0020704700BFC007002030B50446E3
:103A70000CF03AF80D460C490C4A095891428BB0AB
:103A800005D120460BB0BDE83040FFF7B3BF24346A
:103A9000214610460BF03FFD1DB1694620460BF054
:103AA0004AFD0BB030BD00BF08000000682A0020AE
:103AB00038B5002204468A4202D10024204638BD8F
:103AC00004F1C8030120BFF35B8F53E8005F002DB2
:103AD00004D143E8000CBCF1000FF6D1BFF35B8FBB
:103AE00002D0D0340244E6E7002CE6D0C822002100
:103AF00020460BF075FF04F1400004490BF03CFD3B
:103B0000034904F124000BF0EAFCD7E7A9450100C2
:103B10006DD70100F7B50D46012116460446FFF7A3
:103B2000A5FF0021284609F0FCFB012E1BD0022E28
:103B300045D123693BB13648364A012109F01BF9CA
:103B4000204609F031FE284609F06CFA206122690E
:103B5000138A012B3AD8208809F0E5FB0121284679
:103B600009F0DFFB0CE0206940B92B4A28483146B8
:103B700009F001F9204609F017FE01E02F8A2FB95C
:103B8000284603B0BDE8F040FDF7A4BB0C3009F0B7
:103B9000B5FA87420CD9214A1D48314609F0EBF8A5
:103BA00021690022204600F05BFF00232361E7E744
:103BB00020692A8AE9680C3009F06BFAC7E7184ACD
:103BC00013483346012109F0B2FDD3E7D2681688C5
:103BD0000436B6B2B342BED32846FDF77BFB21695B
:103BE0000B8A9E420BD20F4A09480096012109F028
:103BF000D5F8204603B0BDE8F04009F0D5BD00235C
:103C000001222046236103B0BDE8F04000F028BF48
:103C1000B4FE0100E91D0200061E0200241E02007F
:103C20004B1E0200691E020038B50122044600F155
:103C3000BC03BFF35B8F53E8005F43E8002100291A
:103C4000F9D1BFF35B8F7DB909F0B7FD07F058FAE2
:103C5000094BC4F8B850D3F8281104F1B80239B9A7
:103C6000C3E9492207F060FABDE83840FEF718BA08
:103C70000A60C3F82821F5E7C007002070B53C4B67
:103C80005A8B32B13B4DD5F8244134B9002420463B
:103C900070BD1B68002BF5D1F8E754F8B83903B1B3
:103CA000B83B3549002601E01C461346B5F804210F
:103CB000002A5AD0D5F810214AB904F1B806002BD1
:103CC000E4D0D3F8B820002AEED0B83AECE70A687E
:103CD000002AF2D0D4F8A420002AEED0D4F8A820EC
:103CE000002AEAD0D4F8AC20002AE6D0A37A072B29
:103CF0000DD12046904750B104F1C00009F011FDEC
:103D0000022804DC2046BDE8704009F056BDD4F816
:103D1000B83004F1B80206BBD5F82811C5F8243133
:103D20008A4201D1C5F828310022C4F8B82004F134
:103D3000BC03BFF35B8F53E8001F43E8002000285B
:103D4000F9D1BFF35B8F2046D4F8AC3098470028F8
:103D50009DD02046FFF768FF99E73360D5F82831FA
:103D60009A4208BFC5F82861DEE79368FFDE00BF0E
:103D7000680D0020C0070020CC0C002037B5C830EB
:103D800010F8C65C10F8C54CBFF35B8F50E8003FDD
:103D90005A1E40E800210029F8D1BFF35B8F01A82B
:103DA000019309F0BEFC01280BD1074806F03EFD47
:103DB000064806F021FF012D03D1012C01D1FFF7A8
:103DC000B3FC03B030BD00BFB40C0020F0090020EC
:103DD000F8B5867A8E4200AF04460D461AD1082EF9
:103DE00096BF614B614B53F826306C4688B06A46EB
:103DF0005F49C2E905134FF4007393835D4B42F8AA
:103E0000103F5D4800234FF4E451FCF773F8A546DA
:103E1000BD46F8BD817226B98378082B01D009F020
:103E2000CCFCA37A082B00F29C8001A252F823F06C
:103E30008B3E0100093F0100113E0100113E0100CF
:103E4000113E0100113E0100113E0100553E0100EE
:103E5000113E0100A378042BDAD04848002107F076
:103E60004FFD0023C4E90D33E378012BD0D1A378B3
:103E7000012B04BF032384F894304FF42032002335
:103E800004F1400006F026FFC2E7A378042B03D11B
:103E90002046FFF773FFBBE7082EB9D801A353F8FC
:103EA00026F000BFFB3E0100C93E0100ED3E0100CF
:103EB000913E0100913E0100913E0100ED3E010066
:103EC000FB3E0100FB3E010004F1400528460BF0DB
:103ED0005FFB01212046FFF7C9FD204609F064FC85
:103EE00000220023284606F029FF91E7637A002B81
:103EF000CED02046FFF78CFCCAE7214A2B461E484D
:103F0000022109F014FC83E7637A3E2B0FD16D4642
:103F100088B06A461B4BC2E90534032342F8103FC0
:103F2000154800234FF4C451FBF7E4FFAD46164D8E
:103F300005F58476616911B9FEF7B2F868E7A26900
:103F40000B686361914208BFA3612046FFF790FCB4
:103F5000B5F80431002B14BF3046002006F066FC93
:103F6000E8E70A4A2B46CAE7D8040200841E02008A
:103F70008E1E020003000001B4FE0100000A0020B2
:103F80009F1E0200B61E0200C0070020DD1E0200B8
:103F900070B5024605460E460A48012109F028FC84
:103FA000044610B90024204670BD83781E42FAD121
:103FB000054A06482B46022109F0B9FB2046FFF7C7
:103FC000DDFEEFE728210020F91E0200B4FE01000B
:103FD000F8B5074609480D46164609F0EEFB0446BB
:103FE00050B183781F4203D1BDE8F840FFF7C6BE49
:103FF0003146A8472046F7E7F8BD00BF282100203A
:10400000024900220120FFF7E3BF00BF61D7010092
:10401000034BC01A034B00115843C0B2704700BF96
:1040200028210020C54EECC470B51C46144305463B
:104030000E460BD00BF058FD104908581049884225
:1040400006D1104A1048022108F095FE00221346BE
:104050000E49002D14BF2846084608F0B4FF044658
:1040600030B90B4A0848022108F085FE204670BD91
:10407000711D0C3008F0FCFFF8E700BF08000000DD
:10408000682A0020101F0200B4FE0100E40C00208A
:10409000391F020010B50446054806F0ADFD204664
:1040A00000F066FB2046BDE81040FFF7B1BB00BF43
:1040B000E00900202DE9F04F87B000AF0025FD603A
:1040C0007D61FFF7DBFD0446F8B1837A072B26D02C
:1040D0006E4688B06A46814BC2E90530032342F838
:1040E000103F7F482B464FF4C451FBF703FFB54602
:1040F0004FF0FF31D4F8A43007F110022046984762
:10410000014630B92046FFF739FE1C37BD46BDE8F1
:10411000F08F7B69FA68204609F00BFBE8E7DFF8CF
:10412000C481D0F8A430B8F8041107F11002984700
:1041300006460028E6D0B8F804213B699A4208D325
:104140000146D4F8A85007F1140307F10C022046E9
:10415000A8477B697B60338AD7E903BA002B00F05C
:10416000BA80304609F090F88146E8B16FF0040358
:104170006D4688B06A465C49D461C2E905130423E0
:1041800042F8103F564800234FF40151FBF7B2FEAE
:10419000314620467B69FA68AD4609F0CAFA132118
:1041A000204609F047FBADE7B8F804314F48002B33
:1041B00008BF00200022002306F06CFB10B16FF056
:1041C0000B03D5E74A480022002306F0FDFA054616
:1041D0000028F4D07B68C0F804B08360B8F804B15C
:1041E000338ADA4598BF1FFA8AFB5B4545D93046CA
:1041F00008F018FF5946FFF751FBB8F8042194F86E
:10420000C430924594BF02334FF0010984F8C49042
:10421000834698BFDBB204F1C00ABFF35B8F5AE854
:10422000002F01324AE800210029F8D1BFF35B8F4B
:1042300000222A60A2691ABBC4E90555A278012AA6
:1042400021D104210BF10C007B6008F033FF7B6867
:10425000228803F0FD0342EA03330380BBF81030E9
:10426000043B438004238BF818305846FDF7F2FDD9
:10427000814650B9FDF714FF44E759463046BAE786
:104280001560A561DAE76FF01509BFF35B8F5AE897
:10429000003F013B4AE80032002AF8D1BFF35B8FB0
:1042A000294604F1140009F064FA4B46114A0C48FF
:1042B000012109F03CFA5846FDF70CF82046294642
:1042C000FFF7D6FAB8F804310848002B08BF0020E1
:1042D00006F0ACFA4AE76FF0790349E7621F020083
:1042E000B4FE0100C0070020791F0200C8080020AA
:1042F000CC0C0020CE170200F8B5031D044618466A
:1043000009F00FFA820419D5B4F88620B4F88810A1
:10431000914213D8B4F88A1091420FD3D4E92312F2
:1043200091420BD1BFF35B8F53E8001F21F4005182
:1043300043E80012002AF7D1BFF35B8F104B1D68D2
:104340006DB155F8046C143D3EB1B4F88E30B4F83C
:104350008C20B4F886102046B0476D69F0E7094D0F
:10436000094FBD4200D3F8BD2E693EB1B4F88E307E
:10437000B4F88C20B4F886102046B0471835F0E722
:10438000487800206CFE010084FE01002DE9F04118
:10439000074608460D4608F0C7FF064618B900262E
:1043A0003046BDE8F081144B1C6884B154F8083CD9
:1043B000143C0BB96469F8E7294638469847002849
:1043C000EDD0284608F0B0FF0028F3D1E7E70B4C0A
:1043D000DFF82C804445E3D2E3680BB91834F9E7E1
:1043E0002946384698470028D9D0284608F09CFF2F
:1043F0000028F3D1D3E700BF487800206CFE01000D
:1044000084FE010038B505460C460E480121FFF731
:104410004FFBB0B1057223680367A388A0F874301E
:10442000A37980F8763001238370074BC0F8A4305D
:10443000064BC0F8A830064BC0F8AC30054BC0F8AE
:10444000883038BD28210020A54801000FD7010081
:1044500003D701001800280070B505460A480E462B
:1044600009F0ABF9044620B18378012B04D0FFF7A3
:1044700085FC0024204670BD3246294609F0FAF931
:104480000028F7D12046F2E728210020B0B500AF80
:104490000D46FFF7E1FF044608B32846FCF77AFF14
:1044A000A37A082B96BF0F4A0F4B52F823306D4664
:1044B0008AB06A460D49C2E907030D4B53620D4BA2
:1044C000C2E9051442F8103F0B4800234FF4425153
:1044D000FBF710FD2046AD46FFF750FC0120BD461E
:1044E000B0BD00BFD8040200841E02009C1F020061
:1044F0000103020405000002B4FE0100F8B5054600
:104500000E480E46174609F058F9044620B1837844
:10451000012B03D0FFF732FC00240DE036B1324608
:10452000294609F0A7F908B92046F3E7A37ABB4268
:10453000FAD1237AAB42F7D12046F8BD28210020DA
:1045400038B5044608460D4608F0EEFE38B3154B64
:1045500093F8D830990707D4E37873B129462046F9
:10456000BDE8384000F0A8BA94F895309A07F3D522
:10457000201D09F0D6F84304EED42946204609F060
:104580009BF958B92B88A4F888306B88A4F88A3036
:10459000AB88A4F89030EB88A4F8923038BD6FF067
:1045A0001500FBE7C0070020F7B510F8363C0446BD
:1045B000A0F140060BBB304609F030FA3A4B1D68BB
:1045C0004DB155F8103C143D1BB114F8371C304662
:1045D00098476D69F4E7354D354FBD4205D33046F8
:1045E00003B0BDE8F040FFF7C9BB6B681BB114F81E
:1045F000371C304698471835EFE710F83E3C012B42
:1046000031D1BFF35B8FA0F13C0555E8003F23F4A7
:10461000005245E800210029F7D1BFF35B8F9904D0
:1046200029D5A36C00936946236D01933046FFF7AB
:1046300087FF0346C8B9BFF35B8F55E8003F23F4FB
:10464000805345E80032002AF7D1BFF35B8FBFF3F8
:104650005B8F55E8003F43F4006345E80032002AD1
:10466000F7D1BFF35B8F03B0F0BD124A12480221AD
:1046700009F05DF8EBE7114A4FF42813694630461C
:10468000CDE90023FFF75CFF034650B9BFF35B8F12
:1046900055E8003F43F4805345E80032002AD4D067
:1046A000F6E7074AE2E700BF487800206CFE010009
:1046B00084FE0100D51F0200B4FE0100180028008E
:1046C000FA1F020010B50C480AF061FE0B490A48B7
:1046D0000AF069FE0A4908480AF065FE09490648D9
:1046E0000AF061FE09F08BFD09F05BFF044608B992
:1046F00009F0F9F9204610BDCC0C002024780020E8
:10470000307800203C78002008B50346034A04486E
:10471000012108F039FB002008BD00BFAD200200D8
:10472000DCFE010080B500AF88B06A46074BC2E9E5
:104730000530032342F8103F054800234FF4C251CF
:10474000FBF7D8FB6FF00B00BD4680BDD520020003
:10475000DCFE0100044B1A680AB1FFF7E3BF03480F
:1047600058600B6010467047507800201C0502000E
:10477000F7B5274D274F04460026BD4201D303B0AD
:10478000F0BD6B6801A92046984700283BDB019BE0
:104790002A889A829A8403F11002A868BFF35B8F7B
:1047A00052E8001F42E8006CBCF1000FF8D1BFF3E3
:1047B0005B8FC3E913669E649E60A16B03F10802E0
:1047C00019BBC4E90D221C60D86003F130000AF067
:1047D000DEFD019843681B6803B19847019BBFF356
:1047E0005B8F103353E8001F41F0010143E80012D2
:1047F000002AF7D1BFF35B8F01984368DB6913B1DF
:1048000000F1100198470C35B7E70A60A263DAE7B8
:1048100048FE01006CFE010030B5044652EA030078
:1048200008D00BF061F9064D2D580648854204BFAB
:104830000022134620460431BDE83040FFF7F4BBA8
:1048400008000000682A002073B5054618462B684A
:104850000BB39B7A072B1ED1002A0E7A14BF0223BA
:1048600001239E4209DD0D4A0D480096012108F002
:1048700095FA6FF0150002B070BDCB7A072BF8D90E
:10488000C8618A6105F130000AF08DFD284609F003
:104890003DF80020EFE76FF07F00ECE7FC2002001E
:1048A000DCFE01002DE9F047D0F8B04000AF0E4625
:1048B00091464CB1483C236B6BB104F1300A504631
:1048C0000AF086FD054658B9FDF7EAFB00252846A3
:1048D000BD46BDE8F087204609F038F8A46CE8E74B
:1048E00008F0D2FC80B16C4688B06A46294BC2E918
:1048F0000535032342F8103F274800234FF4C251E7
:10490000FBF7F8FAA546E1E7236DB3B9A38CB5F838
:104910001080403B9BB23F2B03D8238D984528BF86
:104920009846042105F10C0008F0C4FBA0F80080B3
:10493000A38C438008F104032365236D2A8AB342C4
:104940000ED8934215D0A38C403B9BB23F2B1ED96F
:10495000204608F0FBFF236B13B1204608F0D6FF7A
:10496000236DC9F800309E4234BF9E1B0026266589
:10497000ADE700220023504605F026FFA38CA3F1EB
:1049800040023F2AE4D8054AAA61EB61E0E7002231
:104990001346F9E71C210200DCFE010097DA010052
:1049A00073B50D460646042105F10C0008F092FB94
:1049B0002B8A42889A42044607D01B480092012164
:1049C0001A4A08F0EBF902B070BD43783BB9184AB7
:1049D0001548012102B0BDE8704008F0CCB9037859
:1049E000012BF0D0132B03D1012AECD8114AEFE7A9
:1049F000114A0D48022108F0C7F961783568022292
:104A0000012009F023F804460028DCD002210C30F4
:104A100008F039FB0023037043702146284602B09A
:104A2000BDE8704009F044B8DCFE0100342102000A
:104A300055210200762102009221020008B50B8A5E
:104A4000032B06D8044A0548012108F094F90020F8
:104A500008BDFFF7A5FFFAE7BA210200DCFE01005E
:104A600038B50B8A032B05460C4609D80F4A104867
:104A7000012108F080F92046BDE83840FCF72ABC47
:104A8000042104F10C0008F025FB4188284609F0B8
:104A900020F830B9074A06480B46022108F074F99D
:104AA000E9E7436821465B699847E4E7D8210200BB
:104AB000DCFE0100F521020070B5124B0C4619789E
:104AC0000131C9B2012938BF01210546082212204F
:104AD000197008F0BBFF064688B108210C3008F0B9
:104AE000D2FA2288028062884280A2888280E2888C
:104AF000C28031462846BDE8704008F0D9BF6FF04B
:104B00000B0070BDF07B002023281FD81A2804D882
:104B1000431E182B0ED906207047A0F11B03082B4B
:104B20001ED8DFE803F0051D1B231D19251D0500F8
:104B3000032070470F4A012383401A40C2B90E4A2E
:104B40001A40002A14BF01200620704700F07F039E
:104B5000522B05D100207047012070470520704777
:104B600010F0400F0CBF0620002070470420704753
:104B700002207047AAAA8A0254554501011F014824
:104B80000AF037BB500C002010B500F15403044666
:104B9000BFF35B8F53E8001F41F0010143E80012AF
:104BA000002AF7D1BFF35B8F201F09F05BF804F1F7
:104BB000740004490AF0E0FC2068BDE8104001F0F0
:104BC000A9BE00BFF55B01002DE9FF4105460E4679
:104BD0004FF000084FF42053006817688DF80880E4
:104BE00002A91446ADF80A3008F090FAA0B142F6D6
:104BF000010328688DF80C8003A9ADF80E3008F089
:104C000085FA48B123691BB15A88B24200D25E804E
:104C1000012004B0BDE8F0816168286808F076FAE8
:104C200010B100232361F3E7E368A0681A786AB142
:104C3000B7F81AC0798D038A8C4594BFC3EB0C0377
:104C4000C3EB0103934201DA0020E2E704210C30B8
:104C500008F019FA2061068023695E80074B0093F3
:104C60000194A26800232946384609F03EF800283E
:104C7000EADB2069003818BF0120CAE7CBDC01005D
:104C80002DE9F04182B000AF044688463E4800223C
:104C90000023394605F0A2FC0546B0B16D4688B048
:104CA0006A463A4BC2E90534032342F8103F3848BC
:104CB00000234FF4C251FBF71DF9AD466FF00B0610
:104CC00030460837BD46BDE8F0810AF00DFF314B94
:104CD0003E681A58304B29461A60301D28220AF0C7
:104CE0007FFE34603C682D487D60C4E90155C4E90D
:104CF000095500220023391D05F070FC064688B1D5
:104D000023686C4688B06A462549C2E90513032327
:104D100042F8103F1E482B464FF4C451FBF7EAF807
:104D2000A546CBE77B680146B02218460AF058FE3C
:104D30001C4A826060300AF02AFB7B68BFF35B8FFD
:104D4000583353E8002F43E800610029F9D1BFF33D
:104D50005B8F7B681C60636A7D681BB904F10C0083
:104D60000AF015FB626AC5F8A820A26A05F1A8033B
:104D7000636202B9A3627B6817225A855A8304339F
:104D8000C8F800309CE700BF340C0020312202003C
:104D9000A4FE010008000000EC780020500C002068
:104DA00056220200100A00202DE9F7431768054635
:104DB0008846006851687E68144608F0A7F9814665
:104DC000002842D130469522294609F0A2FB06462A
:104DD000207540B1E3681B780BB184F81490002073
:104DE00003B0BDE8F083A06808F020F902210C3080
:104DF00008F049F9164B2061A0F800800093019457
:104E0000A26833462946384608F06FFF002807DAC3
:104E100010F1FF0F26BF4042C0B20E202075DEE722
:104E20002369002BDBD0A06808F068FE7B8B7A8DAD
:104E30009A4294BFC0EB0200C0EB0300E3681B780A
:104E4000984294BF00200120CAE70120C8E700BFB4
:104E50000DDB010073B50D46438D418B8B4202F192
:104E6000010228BF0B469A42064609D91F48009204
:104E700002211F4A07F092FF0024204602B070BDB5
:104E80002846FFF741FE022810D004280ED00AF071
:104E90002BFE184B1958184B994217D0174B1B680B
:104EA0005A1A18BF4FF0FF32134602E04FF4702237
:104EB000002313480021FFF7AFFC044640B9114A14
:104EC0000A482B46012107F05FFFD5E70022EBE7F8
:104ED000FCF760F90C4B182202FB0033012104F1AE
:104EE0000C009E6008F0CFF80570C6E7A4FE010034
:104EF0007B22020008000000682A0020EC780020D5
:104F0000100D0020AD200200A47800202DE9F04F04
:104F100091B0166880460F46002542F601030068EE
:104F2000D6F804908DF82C500BA91446ADF82E300D
:104F300008F0ECF8002870D04FF42053D8F80000A7
:104F40008DF82C500BA9ADF82E3008F0DFF838B1F1
:104F5000A3681BB15A88BA4200D25F8001200EE0DC
:104F60006168084608F0CAFD728D738B9A4294BF3F
:104F7000C0EB0200C0EB0300032803D8002011B0EF
:104F8000BDE8F08F084608F051F80546606808F063
:104F9000B5FD728B738D05F10C0B9A4294BFC0EB7B
:104FA000020AC0EB030A584608F0A8F8824537D237
:104FB000606808F0A3FD728D738B9A4294BFC0EBBA
:104FC0000200C0EB030070B96368987AFCF7DAF866
:104FD0000022002307F0F7FF05460028CED0014647
:104FE000606808F034F800230093D8F804601023B8
:104FF00002AA41464846B047061E0EDB227CE06806
:10500000B2422BD001460BA808F0AEF860B9237C61
:10501000144A1548022107F0B7FE0023A3609DE75C
:10502000584608F06BF8CEE7F2B202A906A808F0DD
:105030009BF810B90D4A3346EBE706A90BA808F018
:1050400065F80028E9D100236374042105F10C0000
:1050500008F019F8A0600780A3687EE702A90AF0AB
:10506000C7FCEEE7A0220200A4FE0100BF2202005E
:105070002DE9F84F074608460C46FCF78BF8DFF899
:10508000BC80E1681823434308EB03020646D2F8CC
:1050900008A0BFF35B8FB86DBFF35B8FC00709D467
:1050A000274A2848012108F043FD6FF015052846DE
:1050B000BDE8F88FE06800781071002248F80320FE
:1050C0000B78D22B0FD13B682146186809F066FA9D
:1050D000054640B11C4A1B48012108F029FD204625
:1050E000FCF7F8F8E3E704F10C0008F003F81823E4
:1050F00003FB0683B4F810B09F60002381461A4674
:105100002146381DFFF7A0FB05460028CFD010F13F
:10511000690F04D10D4A0B48012108F009FD6369AC
:10512000A4F810B013FA89F3E36018235E4308EB88
:10513000060348F80650C3F808A0B8E7A478002092
:10514000DE220200A4FE0100F82202000B2302006E
:105150002DE9F14F0546FCF71DF83D49182202FBE9
:1051600000F3C81851F803800779B0F80690D0F81A
:1051700010A00021D0E902460AF032FCA87AFCF720
:1051800001F86969834651B16B7AD80705D4DBF819
:1051900024301B6828469B68984700236B6129468A
:1051A00058460AF00BF9002F45D0002C43D0236855
:1051B000002B40D01B68002B3DD0B8F1000F08D069
:1051C000244A25484346012101B0BDE8F04F07F0CD
:1051D000DBBD201D08F04FFF3846FFF795FC052882
:1051E00029D8DFE800F01E03281E2803BFF35B8FD9
:1051F000A36DBFF35B8FDA0707D4184A1648012165
:1052000001B0BDE8F04F08F093BCE36D9BB14FF4E3
:105210007022002304F1780001B0BDE8F04F05F0E2
:105220008DBD23681D68BFF35B8FA36DBFF35B8FDC
:10523000DB07E2D556B901B0BDE8F08F51462846EC
:10524000B0470134A3B29945F8D8F4E70024F9E750
:10525000A47800202E230200A4FE0100DE2202001A
:10526000F7B50B8A076804460D463BB9294A2A4818
:10527000012108F05DFC002003B0F0BD012105F123
:105280000C0007F027FFBB7A072B0646F3D154F832
:10529000043C002BEFD003782048043C002210F897
:1052A00032709F4200EBC2010FD12A8A48788F7872
:1052B000904222D91848009301211346184A07F05A
:1052C0006DFD012FD7D1042320E001320E2AE6D153
:1052D0001148144A022107F057FD31780846FFF7BC
:1052E00013FC0028C7D00528C5D00029C3D0062349
:1052F0000022204608F003FFBDE74B682046294600
:105300009847012F0346B6D10028B4D03178002940
:10531000B1D0EDE74D230200A4FE010044050200D8
:105320008223020068230200F0B51E4603680D4682
:10533000003987B0044618BF01211868174609F0E4
:1053400006F940B904F1580008F091FD002844D056
:10535000002007B0F0BD002E41D018220021684681
:105360000AF03EFB47BB23681E4A1B6800930023DC
:10537000ADF812300C9B0393BDF83430ADF810300B
:1053800001238DF8143031466B4630468DF80850B5
:1053900008F001FC9DF81430C3B1002FD8D001985B
:1053A000FBF798FF9DF81430002DD1D032462946E6
:1053B000204608F0A4FECBE7002239462046FFF73E
:1053C00049FD01900028CED11120C2E701990029A2
:1053D000BED0204608F085FEBAE71220B9E70120CA
:1053E000B7E700BF35DB010008B5837A072B06D08D
:1053F0000C4A02210C4808F09BFB002008BD042148
:1054000008F067FB10B9094A0121F3E7BFF35B8F8E
:10541000436DBFF35B8FDB0701D4054AF4E750F817
:10542000040CEBE7A1230200A4FE0100AF2302005D
:10543000DE220200F8B50F461646FFF7D5FFB0B1E1
:10544000446A20461CB150F8A84904B1A83C731C1A
:10545000194638B1428D458BAA4228BF2A469A4246
:1054600007D264B90A4A0B48022107F08DFC0020DC
:10547000F8BD32463946BDE8F840FFF7EBBCD4F83A
:10548000A85005B1A83D20460B462C46E2E700BFD8
:10549000CA230200A4FE0100F8B54FF470220746AB
:1054A000002311480D4607F08EFD044638B90F4A17
:1054B0000F482B46012107F067FC2046F8BD00F19C
:1054C0000C060921304607F0D3FD2046FBF762FEAB
:1054D000084B182202FB0033012130469F6007F081
:1054E000D2FD0570E9E700BF100D0020AD200200DD
:1054F000A4FE0100A47800202DE9F0410E8A043EAC
:10550000F6B2022E04468CB0084601D0102E64D1AB
:1055100004210C3007F0DEFD0DF1080805884788EE
:10552000011D3246404607F01FFE002857D09DB3AC
:10553000002687B3AF422FD34FF4205301A9404632
:105540008DF80460ADF8063007F0E0FD40BB142292
:10555000002107A80AF044FA11212046FFF79CFF1A
:105560000990002837D001210C30CDE9074807F019
:105570008AFD00230A901B4A037039460B93284684
:1055800007AB08F008FB0A9B1B78FBB90998FBF7EF
:10559000A1FE0A2301E03D4601232A4610210EE028
:1055A00042F6010307A940468DF81C60ADF81E3095
:1055B00007F0ACFD0028CAD010232A461946204621
:1055C00008F09DFD00200CB0BDE8F081099920464F
:1055D00008F087FDF6E71120F5E70420F3E70E2039
:1055E000F1E700BFC94B01002DE9F043036885B026
:1055F00004460D461868012108F0A9FF40B904F1DE
:10560000580008F034FCB0BB122005B0BDE8F083B0
:105610001022002168460AF0E3F921212046FFF715
:105620003BFF029048B3DFF85890009405F10C0757
:105630004FF001082B8A012B04D80299204608F06C
:1056400050FD18E0384607F04DFD6B464A460146CE
:1056500006468DF80C8008F09EFA9DF80C30002B61
:10566000E8D00298FBF736FE9DF80C303246202138
:10567000204608F044FD0020C7E71120C5E700BF21
:10568000D3DE01002DE9F043036885B004460D46E2
:105690001868012108F05BFF40B904F1580008F0D8
:1056A000E6FBB0BB122005B0BDE8F083102200215C
:1056B00068460AF095F90F212046FFF7EDFE0290AB
:1056C00048B3DFF85890009405F10C074FF001083B
:1056D0002B8A012B04D80299204608F002FD18E01D
:1056E000384607F0FFFC6B464A46014606468DF8F1
:1056F0000C8008F050FA9DF80C30002BE8D002988E
:10570000FBF7E8FD9DF80C3032460E21204608F0EC
:10571000F6FC0020C7E71120C5E700BF8DDE0100C1
:10572000F0B51D46036885B004460E461868012191
:10573000174608F00CFF38B904F1580008F097FB41
:1057400048BB122005B0F0BD65B3102200216846A9
:105750000AF046F939462046FFF79EFE029018B33C
:10576000BDF82830ADF8043001238DF80C300F4A15
:1057700000946B462946284608F00DFA9DF80C3037
:105780005BB10298FBF7A6FD9DF80C302A46314626
:10579000204608F0B4FC0020D4E70299204608F027
:1057A000A0FCF8E70120CDE71120CBE78DDE01005A
:1057B0002DE9F0410E8A043EF6B2022E04468CB06A
:1057C000084601D0102E76D104210C3007F082FC5F
:1057D0000DF1040805884788011D3246404607F050
:1057E000C3FC002869D085B377B3BD422DD860686B
:1057F000012108F0ACFE064678BB8DF8000042F6A9
:10580000020369464046ADF8023007F07FFC20B342
:1058100042F6030306A940468DF81860ADF81A3029
:1058200007F074FCC8B1012D03D14FF6FF739F42FE
:1058300013D004F1580008F01AFB002814BF002010
:1058400012200CB0BDE8F0813D4601232A46082114
:10585000204608F054FC0020F3E7182200210DEB4D
:1058600002000AF0BDF809212046FFF715FE089056
:10587000F8B101210C30CDE9064807F004FC002303
:10588000099003700A238DF82C300D4A06AB394677
:10589000284608F080F99DF82C302BB10898FBF7CA
:1058A00019FD9DF82C30D1E70899204608F019FC25
:1058B000D1E71120C5E70420C3E70E20C1E700BFF0
:1058C000A94D01002DE9F0430F4687B0044606219B
:1058D00007F10C0007F0FEFB0588B0F80280828813
:1058E000D7F80C90C5B10023B8F1000F13D045458F
:1058F00012D88DF800308DF8043001A94FF42053F0
:105900006846ADF80220ADF8063007F0FFFB06460A
:1059100060B10A2301E0454601232A4606212046BC
:1059200008F0EDFB002007B0BDE8F083014614222B
:1059300001A83F7C0AF054F807212046FFF7ACFD90
:105940000290D8B10A238DF815300D4A019401ABAD
:1059500041462846CDE903698DF8147008F01BF91B
:105960009DF815302BB10298FBF7B4FC9DF815306B
:10597000D3E70299204608F0B4FBD3E71120D2E721
:105980000D4F01007FB5CB681D885E88044685B148
:1059900076B1B5420DD81022002168460AF020F8F1
:1059A00005212046FFF778FD019058B9112007E046
:1059B000354601232A460421204608F0A0FB00209A
:1059C00004B070BD6B46094A00943146284608F081
:1059D000E2F8029B23B90198FBF77CFC0A23E9E774
:1059E0000199204608F07DFBE9E700BFADDB01002F
:1059F000B0B500AF0446FFF7F7FCC8B1436A43B146
:105A000033F88E0C33F87E3C984228BF1846BD46CA
:105A1000B0BD6D4688B06A460649C2E90514032147
:105A200042F8101F04484FF4C451FAF763FAAD4628
:105A30000020ECE7E5230200A4FE010013B50B46AD
:105A4000002101910E4902460AF04EF80C680D49FA
:105A500009580D488C4208BF002201A908BF13460F
:105A600004F0BCFD014640B9019B1022184609F024
:105A7000B7FF0346184602B010BD0023FAE700BF87
:105A8000EC780020080000006C0C002010B50446E3
:105A9000806818B1FBF71EFC0023A3602146024872
:105AA000BDE8104009F0A5BB6C0C00202DE9F347C0
:105AB000044678300E4617461D4609F069FDE06D34
:105AC00058B9174A1748022108F032F8206808F040
:105AD0008AFA002002B0BDE8F087134B98424FF0DD
:105AE000000802D1C4F85C80F0E7D0F80490C0F858
:105AF0000480E06DD0F80CA0FFF7C8FF2068C4F860
:105B00005C8008F070FAB9F1000FE2D02068CDF89F
:105B100000A000683B4632462946C847D9E700BF87
:105B200001240200A4FE0100F0780020F7B550F82F
:105B3000044C0546002C59D000F1A40104F12400C6
:105B400008F07AF92E1F05F15C0700220023384681
:105B500004F03AFE024678BBAB6D2BB101466FF004
:105B600067033046FFF7A2FF002345F8043C05F128
:105B70005403BFF35B8F53E8001F21F0010143E89A
:105B80000012002AF7D1BFF35B8F636A73BB04F185
:105B90000C0600220023304604F016FE78B9666831
:105BA00086B913482660214609F023FB286803B014
:105BB000BDE8F04000F0D2BEFBF78CFBC5E7FBF779
:105BC00089FBE6E7A26833686360964208BFA3607A
:105BD00077683FB1F3680093002320681A466FF09E
:105BE0006701B8473046FFF751FFD8E703B0F0BD73
:105BF000340C00202DE9F04192B050F8783C06AF0B
:105C00000646186807F056FE037804463D1D032B30
:105C100047D8DFE803F00240424425492846F8F718
:105C200033FCA379059562780492A2780392E27816
:105C30000292227901926279009207F110081D4ABE
:105C40001E21404605F0A4FE6C4688B006AA1A4BF9
:105C5000C2E905384FF400739383184B42F8103FA4
:105C600000234FF4E2511648FAF744F9A6F1740004
:105C7000A546FFF75BFF56F8740C132107F0DAFD19
:105C8000034620B10F4A0E48012107F07DF8303756
:105C9000BD46BDE8F0810C49C0E70C49BEE70C49A0
:105CA000BCE70C4A0A21284605F072FEB9E700BF9E
:105CB000D3120200F51202001824020003000001B2
:105CC000A4FE010044240200DA120200E1120200E4
:105CD000EB1202007B230200F8B51D460F46164664
:105CE000FBF758FA044C182303FB0040C0E9037685
:105CF0000123C3800575F8BDA478002010B5074CBA
:105D00002378834208D10722601C09F071FE002825
:105D10000CBF2046002010BD0020FCE7287B00209F
:105D20002DE9F04180460F4616461D46FFF7E6FF77
:105D30000446A8B91149FFF7E1FF044630B9BDE8B0
:105D4000F0410F4A0F48012108F0C8BA034603F892
:105D5000018B3A68C0F80120BA889A80BA799A71A2
:105D6000228963891AB92BB92681658104E096429C
:105D700038BF26819D42F8D8BDE8F081C0120200EC
:105D800069240200C4FE01000C48BFF35B8F50E899
:105D9000003F23F0020340E80032002AF7D1BFF3AE
:105DA0005B8FBFF35B8F0368BFF35B8FDB0704D5AB
:105DB00000220023303804F0C1BF70474822002081
:105DC00008B50346034A0448022106F0DDFF6FF0E0
:105DD0000D0008BD88240200C4FE01001FB5104656
:105DE000074A19464FF42813CDE9022308230093EC
:105DF000BDF818206B4408F0C1FA05B05DF804FB4B
:105E0000180028002DE9F041284B164682689A4276
:105E1000074602D1C46863897BBB0120BDE8F081DD
:105E2000FDF7ACFFE36800216181002BF5D0384617
:105E30009847F2E706F17008307A414607F097FA82
:105E400088B91B4B9C4202D1304608F06CFA194BC2
:105E50001A68C4F801209A889B79AB710023AA8044
:105E600023702381DEE7336FC4F80130B8F80430C3
:105E7000AB8098F80630AB71D4E72389002BD1D0E2
:105E80002546304615F8011B2A4607F0F3FC00288A
:105E9000D0D120782946FEF7DFFA0028C2D0837AD5
:105EA000072BBDD1FDF76AFFB7E700BFE55E010034
:105EB000400A0020C012020010B54B1C0C4630B145
:105EC00009781A4607F0D6FC40B1204610BD0449B7
:105ED0000722184609F08CFD0028F6D00020F5E7CF
:105EE000C01202002DE9F8431E46BDF82030D1F85B
:105EF0000C8081460F46002B50D1731E012B50D8C9
:105F0000012E4146157818BF1588FFF7D5FF0446C6
:105F1000F0B915B93046BDE8F8834146FFF7CCFF2C
:105F2000044638B92048214A022108F0D7F96FF019
:105F30001000F0E7D9F87030C0F80130B9F87430CB
:105F4000A0F8053099F87630C37199F808300370DD
:105F5000D8F81030B3B92581B8F80A30AB4203D075
:105F60004146384608F0BCF9002DD3D1104B2570BE
:105F70001A68C4F801209A889B79A4F80520E37177
:105F80002581C7E72A463946484698470028C2DB9C
:105F900001380128DFD96FF00D00BCE76FF0060073
:105FA000B9E76FF00C00B6E7C4FE0100B0240200B0
:105FB000C012020010B4194ABFF35B8F52E8003FD1
:105FC00043F0010142E800100028F7D1BFF35B8FD6
:105FD000DB0721D4BFF35B8F52E8003F43F002019F
:105FE00042E800100028F7D1BFF35B8F13F00203E3
:105FF00007D10B480B4902880B4CA14206D303B1D1
:1060000002800A490A4810BC09F0B6BA4B681A4423
:1060100092B208310123F0E710BC704718790020D4
:10602000347B002084FE01009CFE0100116501000C
:106030001822002000234360044B5968021D11B947
:10604000C3E9002270470A605A6070471C7900203B
:106050002DE9F041034648B1008A38B91249DFF80A
:106060004CE001244FF0140C714501D3BDE8F081E0
:10607000D1E90076BB4204D30CFB0672143A93427A
:106080000ED93444A2B208311446EDE70CFB057872
:10609000434507D001356219B54292B2F6D1F2E715
:1060A0000025F8E71046E1E784FE01009CFE0100B0
:1060B0002DE9F74FBDF83050009199464FF6FF7328
:1060C000002D08BF1D46244B1B888342074690467F
:1060D0003CD203B0BDE8F08F73682344BB4232D298
:1060E0009CB208361D4B9E42F6D3F2E789580193C5
:1060F000404607F00BF8019B90B101340AF1010A08
:10610000A4B273685345ECD9009B9C42E1D8BC42D1
:106110003168F2D30BFB0AF28B18B8F1000FE5D10E
:10612000B9F1000F0BD1013DADB218460E9A0D9B8F
:1061300021469847002DCCD00028DED1C9E7DA6887
:106140009145DAD1EFE74FF0000ADAE7044E012477
:106150004FF0140BC6E700BF347B00209CFE01000B
:1061600084FE010007B500230193FFF771FF411C76
:1061700089B20846034A01AB08F0BEF9019803B0A2
:106180005DF804FBA1E2010070B586B0002306466D
:106190000C4615460593FFF75BFFA0B14FF6FF7164
:1061A00024B103198B42A8BF0B4699B205AB0293E9
:1061B000074B0193012300932A460023FFF778FF42
:1061C000059806B070BD002EFBD14FF6FF71EDE7CC
:1061D000A1E201002DE9F04387B0837A072B02AFDB
:1061E00080460C46164640F0A58000233B7342F6DD
:1061F00003032068FB8107F10C0106F087FF0546C9
:10620000002834D1D4F80490B9F1000F05D14C4ADC
:106210004C48012108F062F88CE00123009007F15E
:1062200008022146C847031E11DA6E4688B002AA4A
:106230004549D3610423C2E9051442F8103F41489F
:106240002B464FF40151F9F755FEB54672E0012B8C
:1062500005D03E4A3B48012106F096FD6AE03B7AB4
:1062600013F0300F66D02046FFF77CFF0446002372
:1062700020683B7342F60213FB8107F10C0106F024
:1062800045FF18B12046FFF76DFF0446002542F692
:10629000021920683D703946A7F8029006F036FFD3
:1062A00010BB002320683B7342F60213FB8107F109
:1062B0000C0106F02BFF054600283BD1D4F80490D2
:1062C000B9F1000FA3D00090022307F10C02214680
:1062D0004046C847031EA8DB022BBAD1BB891E4229
:1062E00014BF0120002026E020683D7142F6030320
:1062F000391DFB8006F00AFF0028D2D04FF420534E
:1063000020683D727B8107F1080106F0FFFE00283E
:10631000C7D042F6010320683D73FB8107F10C01F1
:1063200006F0F4FE0028BCD02046FFF71BFF044611
:106330000028AED100201437BD46BDE8F08300BF71
:10634000CA240200C4FE0100DE240200042502006B
:106350002DE9F84389465168B1F8128018F0940885
:106360000746154609D0284A2848022107F0B6FFFB
:106370004FF0FF352846BDE8F8830222FFF72AFFD9
:1063800038B9234A2148022107F0A8FF6FF015050C
:10639000F0E74FF470200021AE8AFFF74FFB023682
:1063A000044688B11B4B4360C56032461D21384608
:1063B000FFF740F8064650B91448174A022107F083
:1063C0008DFF2046FFF762FB6FF00B05D2E701233C
:1063D00042464146FFF780FCA98A06F10C000231D3
:1063E00006F051FE20F8029BAA8A296909F0EAFA10
:1063F000A6602146384607F036FF05460028B9D08A
:106400002046FFF743FBB5E71D250200C4FE01004F
:1064100033250200A7E201005E25020030B5394BAA
:10642000BFF35B8F1B68BFF35B8F5A078BB00446CB
:106430000D4661D510B1837A072B60D1686805904D
:10644000FFF706FE2A68ADF818003AB305A90291D5
:106450002D4901910121002300914FF6FF71059311
:10646000FFF726FE059B1BB96FF001000BB030BD96
:106470006B60059B186800238DF8103004A942F664
:106480000303ADF8123006F041FE70B90598C368F9
:106490009B799B0605D46FF01500E7E70028E8D14B
:1064A000E2E707F0E2FFADF81800BDF818003CB1D4
:1064B00001230146AB752A462046FFF749FFD5E781
:1064C0006FF07F0307930223ADF8203042F60213EA
:1064D000ADF8123005ABAC7502930C4B0193012360
:1064E000009304AA23464FF6FF7109958DF81040DA
:1064F000FFF7DEFD0798B9E76FF00A00B6E76FF027
:106500007F00B3E794080020D5E201000168010094
:1065100013B550F8082C01920346A0F1200100F1B8
:106520003004BFF35B8F54E8002F22F0010244E8EF
:1065300000200028F7D1BFF35B8F114A43F81C2CD1
:10654000104A43F8182C01AA002043F8102C04220A
:1065500023F8080C23F8060C23F80C2CFFF75EFF39
:1065600058B9BFF35B8F54E8003F43F0020344E89F
:106570000032002AF7D1BFF35B8F02B010BD00BF1D
:10658000EC050200895D0100F8B5334B156882689F
:106590009A4200AF04461FD1C6683389721CDBB132
:1065A0003178284607F066F9B0B14FF4957221466C
:1065B000284607F0AEFF032811D16D4688B06A4621
:1065C000264BC2E9053442F8100F254800234FF44A
:1065D000C451F9F78FFCAD460120BD46F8BD3146E8
:1065E000204607F07DFE1F4B9E42F5D1287A05F12B
:1065F0007001FFF783FB04460028EDD0038913B92F
:106600004389002BE8D02846FDF702FD164A23896E
:1066100022F8203002EB8003618959801349144C21
:10662000182303FB001300B202EB800200EB4000D2
:106630005C601A610F4C9C60042201EBC00128468B
:106640009A82FFF7EBFE0028C6D00B4A04480121CE
:1066500007F044FEC0E700BFE55E010085250200AB
:10666000C4FE0100400A0020247B002000790020A5
:10667000EC05020011E3010099250200F8B50F4670
:1066800051684B8A03F09403064614463BB11D48FB
:106690001D4A022107F022FE4FF0FF30F8BD012213
:1066A000FFF798FD38B91748184A022107F016FE7F
:1066B0006FF01500F2E7A2891B2102323046FEF787
:1066C000B9FE054638B90F48114A022107F006FE07
:1066D0006FF00B00E2E7A1890C30023106F0D3FC29
:1066E00020F8027BA289A16809F06CF9D4E90412B0
:1066F00028460123FFF7F0FA29463046BDE8F84066
:1067000007F084BDC4FE01001D25020033250200F0
:10671000B625020030B5374BBFF35B8F1B68BFF364
:106720005B8F5A078BB004460D465DD510B1837A56
:10673000072B5CD168680590FFF78AFC2A68ADF8E2
:1067400018003AB305A902912B49019101210023B8
:1067500000914FF6FF710593FFF7AAFC059B1BB94B
:106760006FF001000BB030BD6B60059B1868002313
:106770008DF8103004A942F60303ADF8123006F08C
:10678000C5FC70B90598C3689B79DB0605D46FF02A
:106790001500E7E70028E8D1E2E707F066FEADF86C
:1067A0001800BDF818002CB101462A462046FFF714
:1067B00065FFD7E742F60212ADF8122005AA6FF086
:1067C0007F0302920D4A07930123CDE90032ADF811
:1067D000203004AA23464FF6FF7109958DF810402A
:1067E000FFF766FC0798BDE76FF00A00BAE76FF0A5
:1067F0007F00B7E794080020D5E20100016801009E
:10680000F8B53E4B144682689A42074601D00120F3
:10681000F8BDC6683A4B9E4256D03289A3899A4247
:1068200006F10101F3D13078FDF716FE0546002888
:10683000EDD0837A072B05D0FDF7A0FAE7E7FDF747
:106840009DFAEAE7736923B13946984708B92846A3
:10685000F2E77B8A13F0940705D02A4A2A480221DE
:1068600007F03CFDF3E7A389022B14D1338913F021
:10687000020604D12846FDF781FAA660C7E722691F
:10688000A1882846FFF764FD0646A8B92269937DD2
:1068900001339375EEE7012B04D02846FDF76EFA1D
:1068A000A760B4E7338913F00106E3D02269A18819
:1068B0002846FFF7E3FE06462846FDF75FFA002E5E
:1068C000A660A4DA0020A3E7104D1149072228464C
:1068D00009F08EF80028A0D015F8010C07222946EF
:1068E000FDF70CFE0028AAD1236915F8010C1A69DE
:1068F000294653881288FFF713FA8EE7E55E0100F8
:10690000400A00201D250200C4FE0100297B002052
:10691000C012020007B5064A00906B4601204FF6F0
:10692000FF718DF8040007F0E7FD03B05DF804FB8C
:1069300089650100F8B5084B1C6805460E461746E8
:106940004CB154F8043C043C1BB13A46314628464D
:1069500098476468F4E7F8BD1C7900200346034AB1
:106960004FF6FF71012007F0C7BD00BF055E0100B3
:1069700080B500AF88B06A46074BC2E905300323F3
:1069800042F8103F054800234FF4C251F9F7B2FA1C
:106990006FF00B00BD4680BDEE250200F4FE010045
:1069A000044B1A680AB1FFF7E3BF034858600B6055
:1069B0001046704724790020A0060200084B70B5ED
:1069C000C31A0D4607499B10044659430648402206
:1069D00007F0F2FD2B4601462046BDE870401847FF
:1069E0008C790020B76DDBB6A4FB010073B50C4CAD
:1069F0000C4A4023041B00930D460B460A49A41081
:106A000061430646094807F002FE011E05DA3046DA
:106A10002B4602B0BDE87040184702B070BD00BF01
:106A20008C79002077E60100B76DDBB6A4FB01008E
:106A3000002270B5012104461046FAF76BF90F48A1
:106A400002F046F90E4B984215D108F070F926690C
:106A50000C49304606F05DF800280BDB0125356453
:106A60002469084904F11C0006F053F8002801DBF2
:106A7000E564002070BD6FF00400FBE7E16B0100EE
:106A80000000AD0BC80602007FB500220123CDE94E
:106A9000022304ABCDE90433094ACDF800D06B469C
:106AA000CDF804D007F0E0FD002805DB4FF480426C
:106AB0000023684603F0EEFE07B05DF804FB00BF5C
:106AC0008FE6010010B5074C23782BB94FF4A57061
:106AD00008F0DBFA01232370BDE81040002002F02B
:106AE000E7B800BFF17B002010B5EFF3118440231D
:106AF00083F31288BFF36F8F074A136823F00201F4
:106B0000DB07116002D4012008F00CF984F311882E
:106B1000BFF36F8F10BD00BFDC79002030B4104B85
:106B20000C2202FB003301460020D3E90E52986389
:106B3000EFF31180402484F31288BFF36F8F1C6C35
:106B400004F0C00444F002041C6480F31188BFF315
:106B50006F8F1DB12B46034830BC184730BC7047BF
:106B60008C790020A4FB010010B4EFF311824023C4
:106B700083F31288BFF36F8F1748016841F0020456
:106B80000460C80707D482F31188BFF36F8F012018
:106B900010BC02F08DB84FF08041D1F80C04D1F850
:106BA0000C14C907EFD5EFF3118083F31288BFF3FC
:106BB0006F8F0A490B6C03F0C00343F002030B64B0
:106BC00080F31188BFF36F8F82F31188BFF36F8F4B
:106BD000002010BCFFF7A2BFDC7900208C790020D8
:106BE00010B1012804D07047034B1B6C5B0701D127
:106BF000FFF794BF704700BF8C7900202DE9F0416A
:106C00003849BFF35B8F0746012251E8003F41E856
:106C100000200028F9D1BFF35B8F33B932493348E4
:106C20004B60CB608A6005F087FF7B1E012B2BD861
:106C3000012F07D14FF08043D3F81C3403F0030336
:106C4000012B21D008F0B7FC0546F8B9284B1B787A
:106C5000E3B14FF080430222C3F808230646DFF871
:106C600094804FF08044D4F81824D4F81834D20318
:106C700015D503F00303012B01D0012F0FD155B31C
:106C800086F31188BFF36F8FBDE8F081EFF31186B3
:106C9000402383F31288BFF36F8F0125DFE7ADB187
:106CA000304606F060F9D4F81835002BDBD1D4F863
:106CB0000421002AD7D0C4F80431D4F804310123C8
:106CC000C4F81835C8F88031A360CCE70021212032
:106CD00008F029FDE7E74FF080430222C3F80423C0
:106CE000D2E700BF8879002078790020A8790020B9
:106CF0005D7D002000E100E008B5074808F0CAF912
:106D000038B10648FAF704FA0448F8F721FD0020E4
:106D100008BD6FF01200FBE7F4FB0100216D0100DC
:106D20000A2838B5074D044604D1AB680D21DB694C
:106D300028469847AB680348DB69E1B2984720468C
:106D400038BD00BFF4FB0100EFF31182402383F351
:106D50001288BFF36F8F0A4BD3F8001161B1002185
:106D6000D3F80805C3F80011D3F80031C0B282F39C
:106D70001188BFF36F8F70476FF00A00F7E700BF0D
:106D800000D00040F0B5034610469C7893F803C04D
:106D9000EFF31182402585F31288BFF36F8F1F78C0
:106DA00093F801E0E41B04EA0C04A04288BFA0B2FF
:106DB0003E180CEA06063D461E7082F31188BFF3AA
:106DC0006F8F0A188A4216D177450CD1EFF31182E2
:106DD000402181F31288BFF36F8F1978597082F3C5
:106DE0001188BFF36F8F1B79241AA34222BF064B71
:106DF00001221A60F0BD5E190135767901F8016B48
:106E000005EA0C05DEE700BF00D00040DB432DE9BA
:106E1000F04713F001050E46144604D02248FFF750
:106E2000B1FFBDE8F0879AB3EFF31188402383F3F5
:106E30001288BFF36F8F0D20F9F75EFF07460D2014
:106E4000F9F746FF88F31188BFF36F8FDFF85CA076
:106E5000DFF85C80CAF80051DAF800314FF40059CD
:106E60000123CAF800302546C8F88091DAF80031CD
:106E700083B1FFF769FF031EC8F88091F6DB013D7F
:106E8000ADB27355002DF1D117B10D20F9F712FFF6
:106E90002046C6E7EFF31180402383F31288BFF347
:106EA0006F8F06F060F8E1E7107A002000D0004014
:106EB00000E100E02DE9F041124F0D46144607F1C4
:106EC000450814B92046BDE8F0814FF0FF334FF07C
:106ED000FF32384603F0DEFC224629464046FFF7E3
:106EE00051FF0646384603F0A1FC3EB94FF0FF3291
:106EF0004FF0FF33044803F0CDFCE6E7A41BA4B237
:106F00003544DEE7E0790020F879002038B5194CE7
:106F100001221146204608F05FFA0122002104F107
:106F2000180008F059FA40F20743A4F848304FF02F
:106F3000706323630C2384F8343000250E4B84F8EF
:106F40004550A4F84650D3F8042522F00102C3F8B6
:106F500004250121C3F80051D3F80021C3F804131C
:106F60002A4619600D20F9F7D5FE0D20F9F7A2FE8B
:106F7000284638BDE079002000D0004010B5FFF76A
:106F8000E3FE002820DB174B93F8322093F83140C2
:106F900093F83310141B31EA0404C0B20DD193F8F6
:106FA000472093F8464093F84810141B31EA040434
:106FB0000BD10D4B01225A600EE09C18013211409A
:106FC00084F8350083F8321010BD9C18013211404E
:106FD00084F84A0083F847100448BDE8104003F0E5
:106FE00025BC00BFE079002000D00040F8790020E7
:106FF00038B545682B69B3B11035284602F062FAFE
:10700000044680B90146284602F028FA084B984207
:107010000BD108492246284602F008FA22460521EB
:107020000620F9F777FE002038BD6FF00400FBE77B
:107030000000AD0B39700100430970B507D10B4B4F
:10704000596821B101250C68094E854001B970BD10
:107050008A682A4002D04B68304698471CB12368A2
:1070600021461C46F2E72346FAE700BF347A0020A7
:10707000B8FB01002DE9F043476840F20636D00620
:107080003B7B87B002EA060654BFC2F340100320E0
:1070900001F01F05B6F5837F144645EA43158DF8C8
:1070A000030043D00FD8062E18D007D8B6B1022E51
:1070B0003ED06FF0150007B0BDE8F083B6F5807FD5
:1070C000F7D101260AE040F20222964232D0B6F50C
:1070D000407F31D0B6F5007FEBD102260123220399
:1070E00003FA01F12AD57B68C3F808153B695BBB3D
:1070F00005F01F026D0974D1920002F1A04284F4E0
:107100008031D2F80037C1F30041C4F3404423F486
:10711000E16344EA410423F007031C4344EA80048A
:1071200044EA0624C2F800470020C4E70726D5E752
:107130000426D3E70526D1E70326CFE7630344BF40
:107140007B68C3F80C15D1E710370DF10202294610
:10715000384602F071F914F4403F80460CD12946BC
:10716000384607F074FE214B9845DDD19DF802109A
:10717000384602F0B1F9D7E701AB4FF0000903AA96
:1071800029463846CDE90439CDE90199CDF80C906E
:1071900002F026F8154B98428BD114F4003315D029
:1071A0009DF803308DF80E3084F48034C4F300442D
:1071B0004B4603AA294638468DF80C608DF80D40E1
:1071C00002F0BEF8094B9842CDD072E7CDE9043306
:1071D00003AA0DF1030329463846039302F000F891
:1071E000F0E702F5E07253F82230FFDE0000AD0B4D
:1071F000F0B54068057B01F01F0444EA45140569B9
:1072000087B0002D60D0B2F5001F00F1100506D147
:107210002146284607F01DFE002007B0F0BD01AE54
:107220000027B2F5800F0197776038D1B3F1007F66
:1072300014BF052304238DF804300023CDE9046333
:107240000393836823FA01F111F0010119D1B2F11E
:10725000A07F16D104F01F03620903F5E07339D152
:107260004FF0A04252F82330DB070AD40DF1030699
:1072700032462146284602F0DFF8184B984219D0D2
:10728000029603AA2146284601F0AAFF144B984211
:107290001DD101222146284602F048F9BCE7B3F18E
:1072A000C06F05D0B3F1007F14BF01230223C2E7F2
:1072B0000323C0E73146284602F014F9084B9842F0
:1072C000DED06FF00B00A8E76FF08500A5E76FF048
:1072D0001500A2E751F82330FFDE00BF0400AD0B1C
:1072E0000000AD0B02780B69012A08D0022A08D0F1
:1072F0004AB9064A5A6303F11C0003F097BA044ADC
:10730000F8E7044AF6E7044AF4E700BF0000AD0BD3
:107310000100AE0B0200AE0B0100AD0B2DE9F04FEA
:10732000D0F81090D0F8048085B005460C4617467A
:10733000029309F1040A4FF0FF324FF0FF33504639
:1073400003F0A8FA09F11C0B00230022584603F0B1
:10735000A1FA404602F06AFD7B1E00260393B74265
:1073600001D8002322E0039B217AB34283BF237D0F
:1073700083F00403C3F3800300230193029B009373
:10738000D4E90023284600F08FF8034670B94FF483
:1073900080420023584603F07DFA98B1404602F03F
:1073A00055FD284600F06EF86FF004034046029346
:1073B00002F04CFD504603F039FA029B184605B026
:1073C000BDE8F08FD9F83430034A934204F10C043D
:1073D000EAD10136C3E700BF0000AD0B98B5044603
:1073E00040682346826900AF00F1080102F0BEFC4C
:1073F0000E4B984217D023686C4688B06A460C49F9
:10740000C2E905134FF4007393830A4B42F8103F0F
:10741000094800234FF4E251F8F76CFD6FF00F00BC
:10742000A546BD4698BD0020FBE700BF0000AD0BA0
:107430008E2602000300000114FF010008B5CA07F0
:10744000436800690AD4C1F34202012A09D0022A22
:107450000FD00A4A0A48012105F08DFC6FF0150093
:1074600006E01B684FF0CC72C3F8242501600020B1
:1074700008BD1B684FF0CD62F6E700BFAE260200E4
:1074800014FF010008B543681B68D3F80805D3F85A
:107490000C1502F0D1FD034B984214BF6FF00F00A2
:1074A000002008BD0000AD0B2DE9F04186B00C4670
:1074B00047689DF834801546002112220DF1060020
:1074C0001E4608F08DFABDF830208DF8052004F036
:1074D000010314F008028DF804300296049509D0D7
:1074E000124A1348012105F046FC6FF0850006B0F2
:1074F000BDE8F081A10705D4B8F1000F11D1002B30
:10750000F3D1202201A9384602F0BCFC094B984275
:1075100009D00B3398420CBF6FF00F006FF00400DE
:10752000E5E74022EEE70020E1E700BFC0260200C9
:1075300014FF01000000AD0B2DE9F04FDFF81481BE
:107540008E46002540F2FF1C4FF001094FF0A04A83
:10755000EBB29E4502D80020BDE8F08F50F8251010
:107560004E04C1F3C324C1F3080363D43A4E090E99
:10757000365D634508BF4FF0FF330C295DD8DFE867
:1075800001F007200D165C5C5C10161920234D00DD
:10759000C2F80C35591C44D10135D9E7C2F8083579
:1075A000F8E7C2F808355C1CF6D0002140E0C2F8CC
:1075B0001035F8E75F1CC2F80C35EDD0002401212E
:1075C0000BE0C2F81435EEE7C2F80835002EEAD118
:1075D000591CE1D000210C46062650F8257007F40E
:1075E000004BBBF1000F1CBF0024012103F01F0B57
:1075F0005B0929D14FEA8B0B0BF1A04BC7F3412755
:10760000DBF8003703EA080343EA870343EA06236B
:10761000234343EA4103CBF80037BDE7C2F80C35FA
:10762000D4E759090CD109FA03F1CAF80815012168
:107630000C46D2E76FF015008EE76FF085008BE700
:107640000023C3F80835FFDE0BF5E07B002353F879
:107650002B30F8E7F0F8FCFFE62602002DE9F843AE
:10766000044645680E4607F0A6FF63684FF04009E0
:10767000D3F8008088B9234A127872B16427606811
:1076800007F06CF9F0B9012007F063FB013FF6D178
:107690000021212008F047F8F0E7EFF311810F46B1
:1076A00089F31288BFF36F8F606807F057F9A8B9A4
:1076B00081F31188BFF36F8FEFE781F31188BFF378
:1076C0006F8FE5E7EFF311810F4689F31288BFF35F
:1076D0006F8F606807F042F90028EED06B685B0797
:1076E00044BF4FF48003C8F80433AB691E70A96926
:1076F0000122204607F012F987F31188BFF36F8F3C
:10770000BDE8F8835D7D0020F7B505460022012124
:107710000220F9F7FFFA0220F9F7CCFA6B68196832
:107720001A69C1F824255A7D1B7D1343C1F86C35B5
:107730006E68D6E9004313F0010344D02F6907F1C6
:107740000C0007F012FB2D4B984208D02C482D4A14
:10775000012105F010FB6FF0040003B0F0BD387B91
:1077600004F10C0204F5907107F0F5FA387B01275B
:1077700007FA00F001F050FC0823C4F80035B369A3
:10778000C4F844350023C4F84835A760D4F858310C
:10779000002BFBD00021C4F800156C68E66801AA34
:1077A000304606F0F2FF002805DB019B32681979AC
:1077B0001868FFF7C1FE63685B0702D4686807F0CA
:1077C0009BF80020C9E70822C4F80025B269C4F874
:1077D0004425C4F848350123A360D4F82031002B98
:1077E000FBD00023C4F82031D4F820310123E3601A
:1077F0004FF48073C4F80433C8E700BF0000AD0B3A
:107800006CFF0100EE2602002DE9F04182B04468D1
:107810000669414A034600AF054604F108012046C7
:1078200002F04CF83D4B984219D06C4688B02B685A
:107830006A463B49C2E905134FF400739383394B01
:1078400042F8103F384800234FF4E251F8F752FB5A
:107850006FF00F00A5460837BD46BDE8F0812368EC
:107860000022C3F80025206B98B9304607F02FF9A5
:107870006C68E56A3A1D0021284606F086FF00285C
:107880003DDA236B1BB923680222C3F800250020D0
:10789000E1E707F0FFFB002838D0E38E206B94F877
:1078A000341043F4302242F00602D0F810E0D0F851
:1078B000088013F0010F4FF0010CDEF800300CFAD5
:1078C00001FC14BF4CEA030323EA0C03CEF800309A
:1078D000D8F8003098470028BDDB94F834301348BE
:1078E000012202FA03F3C6E92203206B8368DB69F5
:1078F00006F184016BB198470028B6DAABE77B68E4
:107900002A6819791868FFF717FEBAE76FF01200B6
:10791000A1E76FF057009EE727EB01000000AD0BD9
:107920008E2602000300000164FF01003DEB010010
:107930002DE9F04F87B00569466802AF80469A4648
:1079400093468AB3D2F80090BAF1000F2ED0DAF83D
:1079500000408B889A042BD479604FF0FF324FF0AF
:10796000FF3305F1100002F095FF79686960D8F8DF
:1079700010000368994263D08A88D8F804C01305C0
:107980001DD5B54AB548012105F0F5F96FF085041C
:107990002B689B8813F4005340F08D816B6005F1D8
:1079A000100002F043FF86E19146CDE75446D0E750
:1079B000AB69002BD0D16B689942CDD1D7E712F0DB
:1079C000010316D16C4688B0D8F8001002AAA4486A
:1079D000C2E905014FF400719183A24942F8101FDA
:1079E0009E484FF4E251F8F785FAA5466FF015046A
:1079F000CEE7130705D59C4A9848012105F0BBF94D
:107A0000F4E7C2F34512082A01D0984AF4E78B68DC
:107A10000BB1974AF0E701608B88DCF80020190968
:107A200013F0020F01F0010103F0040303D0BBB90E
:107A300041F0040102E00BB141F00201C2F854151B
:107A4000BBF1000F03D0DBF80430012B06D8BAF1EC
:107A5000000F08D0DAF80430012B04D9854A91E7E9
:107A600041F00601EAE7B9F1000F2ED0D9F8043051
:107A700043B1D9F8003003F06043B3F1005F01D0A7
:107A80007D4A7FE7306B002878D1D8F80400D8F819
:107A900010E0B0F828C0D9E90012002C40F0A9800D
:107AA000624523461DD96D48009301211346734A50
:107AB00005F074F96FF01504336B002B3FF468AFD9
:107AC00033680022C3F8002562E7306B002855D1E7
:107AD000D8F810E0D8F80400002C7CD121462246CA
:107AE0002346CEF85C400093234601F043FF644BED
:107AF000984240F08580306B002840F08480D5F8B3
:107B000000C0BCF8042012F0010240F09B80A86C79
:107B10001346834240F0888000232C6D1946A14211
:107B200040F08980934238BF13464FF4FA5202FB6B
:107B300003F440F2E730DCF80030B4FBF3F44FF428
:107B4000004CC83400214FF47A720023E4FB0C018E
:107B5000F3F76EF902460B4605F1280002F09AFE93
:107B6000002800F09180474A3C48012105F003F9C4
:107B7000336B002B6AD16FF0730409E796F834A0D9
:107B8000836807F10C015B689847D8B9FA6801234C
:107B900003FA0AF3134215D1306B96F83410836858
:107BA000D3F818A0BAF1000F04D04FF080634FF45F
:107BB0008002D0474FF0FF324FF0FF3305F16C00E9
:107BC00002F068FE33680222C3F80025B9F1000F05
:107BD0007FF45BAF7CE7D8F804006368D8F810E066
:107BE000B0F828C0246800210A469C45BFF479AF4C
:107BF00059E76245D4E900833FF655AF4446F4E7C0
:107C00006FF0040458E796F83410012404FA01F1E7
:107C100083681B69984796F83430306B04FA03F197
:107C20008368DB6898476AE7696C01EBC30101333D
:107C300049680A446DE7E86C00EBC1000131406817
:107C400003446CE74FF0FF32134685E733680022A8
:107C5000C3F800258FE700BF2B27020064FF010057
:107C60004527020003000001682702008727020061
:107C7000B6270200DB270200FF27020029280200A6
:107C80000000AD0B4B2802002B682C6C9B88DB0797
:107C900001D504B96C6E336B1BB133680022C3F895
:107CA00000252B689B88002C03F40053FFF670AE70
:107CB000002B3FF46DAE20461437BD46BDE8F08F73
:107CC00070B5012383400E4ABFF35B8FDC4352E85B
:107CD000001F01EA040542E80056002EF7D1BFF369
:107CE0005B8F4FF4803282400648C0F80823BFF310
:107CF0005F8FBFF36F8F0B4214BF0120002070BD58
:107D0000447A00200010014070B40E49D1E90034DB
:107D1000D01AC31844F1000422F07F46C1E90034B0
:107D2000A6F50013B3F5400F09D2074B1B681A0ADA
:107D30001B069C19054B42F10005C3E9004570BCC8
:107D400003F0BEBC60220020487A00206822002098
:107D500011B3BFF35B8F0123104A834052E800CF79
:107D60004CEA030C42E800C10029F7D1BFF35B8F56
:107D70000B4A4FF480338340C2F80433094BBFF3FE
:107D80005B8F1B68BFF35B8FC340DB0742BF064BB3
:107D90004FF40032C3F80021704700BF447A00203E
:107DA00000100140407A002000E100E00D4B18680F
:107DB000010A0006BFF35F8F0B4BD3F80435181888
:107DC00041F10001B3F5801F0AD2084BD3E900232B
:107DD000904271EB030303D210F1807041F1000176
:107DE000704700BF487A0020001001406822002040
:107DF0002DE9F04F85B016461F469DF840A0044679
:107E0000FFF75EFF0190FFF7D1FFB04271EB070370
:107E100054D23E4B301A67EB0101984271F10001D8
:107E20004FD23B4B03EB0413D3E902239F4208BF1D
:107E300096425ED037494FF4803804F1500508FA75
:107E400004F8AD00C1F848832046ADB206F08BFEC1
:107E500026F07F4B05F1804504F5A87305F58835BC
:107E6000DC464FF003090293029A2CF07F4341F85D
:107E70002230C1F84483D1F80435274A6FF002005C
:107E8000C01A604420F07F40904232D9286868B11F
:107E9000D1F804350393A3EB0B0020F07F40B0F53D
:107EA000000F26D9204606F05EFE039BBAF1000FB4
:107EB00007D109EB030C09F10109D5E7BAF1000F6D
:107EC00009D06FF0150520460199FFF741FF2846BC
:107ED00005B0BDE8F08F0123104ABFF35B8FA340CC
:107EE00052E8000F184342E800010029F8D1BFF31F
:107EF0005B8F07490E98230101EB0412C8500F9BBA
:107F00005360C2E902670025DDE700BF0100800081
:107F10005022002000100140FDFF7F00407A002029
:107F20007FB51C4C1C4BC4F80833C4F848331B4BBA
:107F300000254FF0FF304FF0FF31C4F80855C3E97A
:107F400002014FF48033C4F80433154B02264FF47A
:107F500000320121C4F804631120C3F880212A46AD
:107F6000F8F7D8FE1120F8F7A5FE0E4A0123A3600A
:107F7000236013600C4B0D4A0093CDE9015500239B
:107F80002846FFF735FF3046FEF738FE284604B096
:107F900070BD00BF0010014003000F005022002000
:107FA00000E100E0447A0020097D0100FFFF7F002E
:107FB0002DE9F7432B4CD4F8043399070BD5D4F8AB
:107FC000043143B1284A0023C4F80431D4F8043101
:107FD000136801331360D4F80433DA0323D5BFF3F5
:107FE0005B8F224B53E8002F22F0010143E8001081
:107FF0000028F7D1BFF35B8FD30702D4D4F8403108
:108000008BB10025C4F84051D4F84031FFF7CEFEC3
:10801000EFF3108272B6164BD3E90267B042B94152
:1080200004D282F3108803B0BDE8F0834FF0FF382C
:108030004FF0FF39C3E90289D3E900101D604FF406
:108040008033C4F84833C4F84051D4F8403182F347
:1080500010880029E7D0009032463B4628468847E2
:10806000E1E700BF00100140487A0020407A00207C
:108070005022002030B5431C124C85B005D08442FC
:10808000A8BF0446012CB8BF0124FFF78FFE0E4B9A
:108090000C4DD3E90013401AB0F5000F10D222188E
:1080A000AA4228BF2A4652184FF000000749009103
:1080B000CDE9010043F10003FFF79AFE05B030BDA2
:1080C0002A46F0E7FFFF7F0060220020097D0100C3
:1080D00008B5FFF76BFE024B1B68C01A08BD00BF56
:1080E0006022002002460B46014802F0A5BA00BFFC
:1080F000880C0020014802F017BB00BF880C00204C
:108100000149024807F007BA507A0020C828002029
:10811000094B93F80031042B02D1810709D4704731
:10812000022B02D1020704D47047082B03D1830627
:1081300001D5FFF7E5BF7047147C002010B403465B
:108140000A46034881680C681946234610BC184744
:10815000CCFB010098B500AF6C468AB06A460D4B67
:10816000D161C2E905304FF4007313840A4B42F821
:10817000103F0A4800234FF41151F7F7BBFE0023CC
:10818000A54683F31188BFF36F8F0323184602DFE0
:10819000BD4698BD8C28020004000001ECFE0100E1
:1081A000F0B589B0064600AF34480D46344907F0B3
:1081B00096F907F10C00E8F73FF96C4688B06A467B
:1081C000304B5361304B93614FF4007393832F4BCB
:1081D00042F8103F2E492F4807F10C03F7F78AFEAB
:1081E000A5462D4806F056FF50B92C4A29480121D2
:1081F00004F0C1FD6FF0120420462437BD46F0BDE7
:10820000274B7B60381DE8F77BF9034638B1254AD8
:108210002048012104F0B8FD6FF01504ECE74FF0A1
:10822000FF304FF0FF31FFF75DFF04460028E3D138
:108230001D491E48E8F7BEF8044610B1FFF75AFF83
:10824000DAE741F64C5307F10800BB60F3F75CF83E
:1082500020B1FFF74FFF6FF08504CDE701233846CB
:108260003B70F3F749F80028F3D1FFF743FF336978
:108270000F481D60F9F728F9BEE700BF507A0020CB
:1082800023EC010066170200B12802000300000180
:10829000C01C4001ECFE0100CCFB0100D82802000C
:1082A0003D810100F8280200702200209583010022
:1082B0001181010030B5344887B0E7F7F1FF20B9EC
:1082C000E8F7CCF818B16FF0850007B030BDE8F7DB
:1082D000D9F80028F7D1E8F7E9F80028F3D1E8F752
:1082E000F3F80028EFD1E8F7FDF804460028EAD1BA
:1082F000012503AA02218DF80C50E8F70BF800289D
:10830000E3DB082303AA07212046ADF80C30E8F789
:1083100001F80028D9DB4FF01B13039303AA40F2A6
:10832000032303212046ADF81030E7F7F3FF0028C0
:10833000CBDB03AA042120468DF80C50E7F7EAFFB7
:108340000028C2DB1F2303AA06210020ADF80C3051
:10835000E7F7E0FF0028B8DB40F25463984210DDF5
:108360000A4A009029460A4804F018FD002383F3C6
:108370001188BFF36F8F0423184602DF6FF00B00E4
:10838000A3E70020A1E700BF558101001C290200DE
:10839000ECFE010073B54A4C94F8003133B394F805
:1083A0000031042B5DD120783E2832D0FF2836D012
:1083B00000256378FF2B37D14FF48073009340F290
:1083C0000113404A4048012104F0E8FC3F4A3E487E
:1083D0006FF00B03012104F0D7FC002383F3118815
:1083E000BFF36F8F0423184602DF26E04FF0FF3003
:1083F0004FF0FF31FFF776FE48B904F58071204653
:1084000000F0A4FB0546FFF775FE002DC7D002B0B3
:1084100070BDA578022D14BF00250125C9E7A578F8
:1084200005F0FD05802DF6E7002200232946F9F727
:1084300057F8064648B9002DE9D0002384F80031EA
:1084400002B0BDE87040FFF75BBE62781C490232A3
:108450000C3004F01EFE1E4B1B6831461D48984729
:10846000EBE7022B10D1002200230820F9F71CF8BB
:1084700005460028CBD063880433B3F5807F0FD93D
:108480004FF4807200929CE7082B13D10023002246
:108490002020F9F709F8638805460028ECD1B6E7F3
:1084A00007491A4605F10C0004F0F3FD084B294674
:1084B0001B68D3E7084A0448012104F065FCBCE7C7
:1084C000147C00203E290200ECFE010097290200E6
:1084D0004C7A002008FC01005E290200F7B5804DAF
:1084E0002B780646002B40F02C8304238DF80730B0
:1084F0007C4B04881F68B7B10DF106030DF107022C
:10850000691CB84701280ED09DF80630002B40F0BA
:1085100078819DF80730AB700E2201236A70EB70F2
:10852000AC80A87176E1B4F5105F4FEA94230AD2CB
:10853000002B4ED0013B072B08D8DFE803F00907DA
:10854000367A070707C13F2B00F00382012055E070
:10855000304640F2064230F9033B93420FD040F2DE
:108560001D4293421ED0012040F206439C4200F07F
:10857000488140F21D439C4200F043813EE0F2F707
:108580001FFF42F264039C4240F2AD8242F2850337
:108590009C4233D842F267039C4200F2B98242F215
:1085A0006603E8E7F2F70EFFEBE7304640F663427A
:1085B00030F9033B934230D00DDC40F60342934246
:1085C0001FD040F62D4293421ED040F60142934206
:1085D00012D0012015E140F67B42934220D040F6B4
:1085E0007C429342F5D19DF807303F4902338DF824
:1085F0000730F2F709FE01E0F2F7F8FD0128E8D0B4
:1086000087E7E8F759F8F9E79DF80730364903336B
:108610008DF80730F2F7EFFDF0E7F2F7EEFDEDE74A
:108620009DF80730304904338DF80730F2F7EAFD42
:10863000E4E73388A3F58053013B082BC9D801A296
:1086400052F823F0698601007B8601008F860100C5
:10865000D3850100D3850100D3850100D3850100B6
:10866000D3850100AF8601009DF807301E4808330E
:108670008DF80730F2F763FEC0E79DF807301A481F
:1086800040338DF8073006F0CEFA002041E79DF820
:10869000073008338DF80730134B00221A605A60F8
:1086A000EB7A23F0600343F06003EB72EDE79DF893
:1086B00007300D4806338DF80730F2F742FE9DE78C
:1086C000304642F24B0130F8033B1AB28A4242F282
:1086D000640168DCB2F5005F08DC8C425BE000BF3F
:1086E000157D0020607A00201C7D0020A3F500533A
:1086F000013B4A2B4CD8DFE813F05D0065006E00AB
:108700004B00920095009800A100A400A7004B0028
:108710004B004B004B00AA00B300B600B9004B0061
:108720004B00BC00C500C800D1004B00DA00E300DC
:10873000EC004B004B004B004B004B00F600FF00E1
:1087400008014B004B004B004B004B004B004B0013
:108750004B004B004B000B0114011D0120014B008D
:108760004B004B004B004B004B004B004B004B00B1
:108770004B004B004B004B004B004B004B004B00A1
:108780004B004B004B004B004B004B004B002301B8
:1087900042F264039C423FF41CAF40F2B78142F2C4
:1087A00085030120F4E642F27C039A4295D1F2F768
:1087B00005FE01E0F2F7C7FD42F264039C427FF43C
:1087C000E0AE1EE09DF80730CF4803338DF8073048
:1087D000F2F7BEFDF0E79DF80730CB4808338DF87F
:1087E000073006F058FA42F264039C4208D040F287
:1087F000798142F285039C4240F2A1810020FDE68E
:1088000000200F236B700423AB700123E8702B71E1
:10881000A5F8054001232B70002003B0F0BDF2F74E
:1088200099FDC9E7F2F798FDC6E79DF80730B6480D
:1088300001338DF80730F2F791FDBDE7F2F790FDB7
:10884000BAE7F2F78FFDB7E7F2F78EFDB4E79DF8D0
:108850000730AD4801338DF80730F2F787FDABE7FD
:10886000F2F786FDA8E7F2F785FDA5E7F2F784FDAC
:10887000A2E79DF80730A44907338DF80730F2F7D7
:108880007DFD99E7F2F77CFD96E79DF807309E495C
:1088900010338DF80730F2F775FD8DE79DF807303E
:1088A000994808338DF80730F2F76EFD84E79DF89C
:1088B0000730954902338DF80730F2F767FD7BE703
:1088C0009DF80730904902338DF80730F2F762FDCA
:1088D00072E79DF8073008338DF807308F23EB716E
:1088E000C023EB727FE79DF80730874902338DF88C
:1088F0000730F2F753FD5FE79DF8073082480433F5
:108900008DF80730F2F74CFD56E7F2F74BFD53E7D1
:108910009DF807307C4808338DF80730F2F744FDA6
:108920004AE79DF80730784904338DF80730F2F7AD
:108930003DFD41E7F2F73CFD3EE7F2F73BFD3BE74B
:108940009DF80730704802338DF80730F2F734FD98
:1089500032E730464FF6165230F8033B93425BD86D
:108960004FF60152934206D803F2FF3292B20A2A1E
:1089700034D901205FE0A3F57D43023B142BF8D8E6
:1089800001A252F823F000BFA98A0100AF8A0100BA
:10899000B58A0100BB8A0100738901007389010057
:1089A00073890100C18A0100738901007389010084
:1089B000C78A01007389010073890100738901006E
:1089C00073890100738901007389010073890100B3
:1089D000CD8A010073890100DF8A0100A3F57C4381
:1089E000013B0A2BC5D801A252F823F0278A0100C7
:1089F000438A0100738901007389010073890100B2
:108A0000918A010073890100738901006D8A010058
:108A10007F8A0100978A01004FF61D529342A8D128
:108A2000F2F78BFC07E09DF8073037480C338DF8E0
:108A30000730F2F7EBFB24F008034FF602529342A3
:108A40009AE59DF8073040338DF807302E4B002013
:108A50001880EB7923F0230343F02303EB712B7A87
:108A600023F0070343F007032B72E4E79DF8073078
:108A7000254817338DF80730F2F7E5FBDBE79DF863
:108A80000730214820338DF80730F2F700FCD2E799
:108A9000F2F7D7FBCFE79DF807301B4801338DF87D
:108AA0000730F2F711FCC6E7F2F724FCC3E7F2F750
:108AB00023FCC0E7F2F722FCBDE7F2F725FCBAE79A
:108AC000F2F724FCB7E7F2F725FCB4E79DF807308E
:108AD0000D4904338DF80730F2F71EFCABE7F2F7CF
:108AE0002AFCA8E7002042F219039C421BD842F25C
:108AF0000C039C427FF638ADA4F500530D3B9BB2AE
:108B000041F2412209E000BF1C7D00200120EAE77C
:108B1000A4F50153283B0C4A9BB222FA03F3DB076E
:108B20007FF56CAD6DE642F232039C423FF469AED4
:108B3000A4F50153033B012B3FF660AD61E6002035
:108B400028E54FF0FF3068E62F80402038B5094C0B
:108B500023780D461BB9BDE83840F2F737BBA27841
:108B6000611C023206F02EFF0020042320702B70BF
:108B700038BD00BF157D002070B505460E46084C77
:108B8000204606F087FA38B1A368B2B229462046DB
:108B90001B68BDE8704018476FF0120070BD00BF41
:108BA000CCFB010037B53223ADF80430124A002364
:108BB0000125192168468DF80630ADF800508DF872
:108BC0000230F1F705FC044690B94FF4AF60EEF7C0
:108BD00043FF2A4621460820F8F79CF82A462146FA
:108BE0000B20F8F797F82A4621462846F8F792F81E
:108BF000204603B030BD00BF0D8C01000149024882
:108C000006F089BC647A0020C828002098B500AF1F
:108C10006C468AB06A460D4BD161C2E905304FF40B
:108C2000007313840A4B42F8103F0A4800234FF4A4
:108C30001151F7F75FF90023A54683F31188BFF3BD
:108C40006F8F0323184602DFBD4698BDEF2902004F
:108C50000400000134FF010037B50D4D0D4900241B
:108C600000946FF009034FF48062284601F0CAFFB8
:108C70000949284606F0A5FC0849094806F02FFCDA
:108C8000224604211920F8F745F8204603B030BDEC
:108C9000C828002010880020032A0200D1EC01001F
:108CA000647A0020014B00201B681847747A00206A
:108CB00020B1012806D10448EEF7F8BD034B01208E
:108CC0001B681847704700BFA58C0100747A00200C
:108CD000014B186001487047747A00200000AD0B0A
:108CE0004FF0704393F8E02F062A09D1D3F8E83FFC
:108CF000C3F30313033B042B02D8024AD05C704732
:108D000000207047262A0200024AD2F80034002BC5
:108D1000FBD0704700E0014010B506F00BF840B101
:108D20004FF080538E4AD3F82433C3F30423C2F8A0
:108D30004035FFF7D5FF10B18A4B8B4A5A6705F0D3
:108D4000F9FF48B14FF080534FF08042D3F84432DE
:108D5000C3F34233C2F83C35FFF7C2FF30B1834A58
:108D6000D2F8FC3023F08073C2F8FC3005F0E2FF4B
:108D700040B14FF080430022C3F80C21C3F810210A
:108D8000C3F83825FFF7ACFF20B14FF08043032232
:108D9000C3F8A025FFF7A4FF60B1754B0522C3F807
:108DA00010260122C3F888260022C3F818263F2285
:108DB000C3F814264FF08053D3F83021511C09BF5B
:108DC0004FF07043D3F8343193F8E02FD3F8E83FF5
:108DD00008BFC3F30313062A4DD1033B042B03D86A
:108DE000644AD35C002B46D04FF08052624BD2F8DD
:108DF0000414C3F82015D2F80814C3F82415D2F8C7
:108E00000C14C3F82815D2F81014C3F82C15D2F896
:108E10001414C3F83015D2F81814C3F83415D2F866
:108E20001C14C3F84015D2F82014C3F84415D2F826
:108E30002414C3F84815D2F82814C3F84C15D2F8F6
:108E40002C14C3F85015D2F83014C3F85415D2F8C6
:108E50003414C3F86015D2F83814C3F86415D2F886
:108E60003C14C3F86815D2F84014C3F86C15D2F856
:108E70004424C3F8702505F05DFF48B14FF08053DE
:108E80004FF08042D3F8583203F04F03C2F8E43E6B
:108E900005F050FF48B14FF08043D3F80024D207CB
:108EA00044BF6FF00102C3F800244FF08053D3F8A1
:108EB0003021062A26D1D3F83431033B042B02D8C3
:108EC0002E4AD35C63B12E4AD2F83C3743F4806318
:108ED000C2F83C374FF08053D3F83031062B11D114
:108EE0004FF08053D3F83431033B042B02D8254A8A
:108EF000D35C3BB14FF01023D3F808224FF08043EE
:108F0000C3F858254FF01023D3F80022002A03DBC2
:108F1000D3F80432002B22DA1B4901234FF0102032
:108F2000C1F804351524FFF7EFFEC0F80042FFF743
:108F3000EBFEC0F80442FFF7E7FE0023C1F804355A
:108F4000FFF7E2FEBFF34F8F0849104BCA6802F4E7
:108F5000E0621343CB60BFF34F8F00BFFDE710BD4E
:108F60000030014000C007400DF0ADBA00ED00E058
:108F700000500040212A020000C000401C2A0200CC
:108F800000100040172A020000E001400400FA052A
:108F900030B50468CCB1BFF35B8FB4FA84F3C3F18E
:108FA0001F03DBB201229A4024EA020250E8005F6C
:108FB000A54204D140E8002CBCF1000FF6D1BFF36C
:108FC0005B8FE6D102480B7030BD0248FCE700BF62
:108FD0000000AD0B0200AD0B10B50368CB40DB0702
:108FE00014D401238B400268BFF35B8F43EA020174
:108FF00050E8004F944204D140E8001CBCF1000F3F
:10900000F6D1BFF35B8FEED1014810BD0148FCE7FC
:109010000000AD0B0400AD0B014BC3F80405704715
:1090200000F00140024BA23043F83010704700BFFF
:1090300000F00140014BC0001950704714F5014089
:1090400070B500F108030C4C34F81330DA0505460E
:109050000E4607D5C3F3432304EBC30254F8333061
:1090600052689847A3682BB1E26831462846BDE8AC
:109070007040184770BD00BF5C0B002010B4C0B238
:10908000114A083032F81030D9051BD5C3F34321FB
:1090900023F4F85322F8103002F10E04002034F8C3
:1090A000023F13F4807F03D0C3F34323994209D0D6
:1090B00001302028F3D1002342F83130034810BC9E
:1090C000FFF78ABF10BC70475C0B0020B40B002078
:1090D000F0B5054600200446012607468C420BD118
:1090E000114BD3F87C2132B10022C3F87C21D3F894
:1090F0007C3140F00040F0BDE3B29B0003F580728C
:109100009B0806FA03F31D420BD002F1804202F5E0
:10911000C042D2F800C0BCF1000F02D01760126844
:1091200018430134DAE700BF00600040CBB20246CA
:10913000083308460C4931F81330990611D59907C0
:109140000FD410685B0B01219940C0F80813126816
:1091500002EB8303D3F8102522F00302C3F8102595
:109160007047002105F056BE5C0B0020F7B5CDB26C
:10917000174E0835074636F81530DB070C4624D560
:10918000FFF7D4FF36F815309A0606D55B0B3A6820
:1091900003F5A273002142F823102046FFF76EFF6B
:1091A000002301A826F81530019405F0E0FD019B8D
:1091B00000EB8300074BD0F80027134043F0020375
:1091C000C0F80037044803B0F0BD0448FBE700BF17
:1091D0005C0B0020F0F8FCFF0000AD0B0400AD0BB1
:1091E0002DE9FF41136807460C461546FBB1CEB288
:1091F000DFF83C81083638F8162002F02202222AD5
:1092000022D00022CDE900228DF80E208DF80F200B
:109210000DF10E010DF10F02204605F0B2FD38F8F8
:10922000163023F0020343F0010328F816306B6870
:109230004BB393F800C05A683D4EE3B2083336F89A
:109240001310880702D5B2B13A481FE021F020017F
:10925000C904C90C26F813106AB1BCF1030FF3D886
:109260006A68386852681278BCF1000F11D102F5B3
:10927000A27240F822C036F8132022F01C0242EA03
:109280008C0226F81320AB6843BB2B4804B0BDE822
:10929000F08100EB820041EA4231D0F810E52EF077
:1092A000030EC0F810E53F6807EB820741F020018C
:1092B000D7F8100526F8131020F4473020F440703A
:1092C000C7F810052002D7F810E500F4F85040EA7E
:1092D0000C4040EA0E00C7F81005CCE7D3E9006760
:1092E0002046FFF7CBFE002ECFD0114DD5E900234D
:1092F000964203D19F4201D1002209E00F480DF1AF
:109300000F01FFF745FE0C4B9842BFD19DF80F208F
:1093100045F83260E4B205EBC20308345F6035F80B
:10932000143043EA422343F4807325F81430ACE749
:109330005C0B00200400AD0B0000AD0BB40B002053
:109340002DE9FF4107460C461E4612B3CDB2DFF8A9
:10935000D080083538F81530980701D4990621D403
:1093600013F01C0F02D05378012B1BD001238DF872
:109370000F300023CDE900230DF10F01931C20468F
:10938000013205F0FEFC38F8153043F0030328F8ED
:109390001530002E42D0E1B2214D083135F81120B0
:1093A000930703D41F4804B0BDE8F08196F800E0AD
:1093B000D7F800C022F020020EF5A270D2040023DC
:1093C000D20C4CF8203025F8112096F801C0BCF1E1
:1093D000000F23D03868B67800EB8E004FEA0C4CB3
:1093E000D0F8103523F4981323F4F853C0F810354F
:1093F000230203F4F8530CF4403C3605D0F8107502
:1094000043EA0C0306F4801642EA4E32334342F03C
:1094100020023B4325F81120C0F810350248C2E76E
:109420005C0B00200400AD0B0000AD0B014BC3E949
:10943000021270475C0B0020C9B20831044B33F8AC
:109440001130990643BF5B0B024813700248704706
:109450005C0B00200000AD0B0400AD0B70B5164D89
:1094600095F8604006462CBB2146402205F11000CD
:1094700006F0B6FA30682E6D21468E420ED10023DA
:10948000C0F87C31D0F87C3140F30730F7F712FC9C
:1094900001230A4885F86030AB6570BDCBB29B00F4
:1094A00003F580727C2B08BF845001F1010108BFD5
:1094B0008358E2E70248F0E75C0B00200000AD0BA8
:1094C0000C00AD0B034B93F86000003818BF01206F
:1094D000704700BF5C0B00200148FFF77DBD00BF57
:1094E000B00B00200148FFF753BD00BFB00B0020B8
:1094F000C9B2074B083133F811200368520B03EB54
:109500008203D3F8102542F00302C3F810257047F8
:109510005C0B0020C9B20831034B006833F81130EE
:109520005B0B00EB830070475C0B002073B5036896
:109530000C46D3F804130029A4BF4FF00041C3F830
:109540000413E3B21D49083331F8133099061AD5D4
:1095500013F0020617D15B0B9C00056804F58071BF
:109560006E50695801682144D1F8104544F0010457
:10957000C1F810452AB10168012202FA03F3C1F8CB
:10958000043302B070BDC3F38203042B12D0052B49
:1095900012D001A8019405F0EAFB019AD0F8103529
:1095A000D34003F00103991C204602B0BDE870408F
:1095B00005F030BC0321F7E70221F5E75C0B002042
:1095C0002DE9F347544B554FD3F80403396DC0B21E
:1095D00040F00040FFF77CFD051E18DA0023F96D0E
:1095E0000093684605F025FC4FF0010897F85C30C1
:1095F000DA075AD4396D4FF00040FFF769FDF96D75
:10960000684605F016FC0028F0D125F0004501243D
:10961000002D69D102B0BDE8F08794FAA4F4B4FA41
:1096200084F4E00804F1080304F0070237F813900B
:109630001DF80030019408FA02F223EA02030DF843
:10964000003001A805F093FB019B03F5E0734FEA9E
:10965000990150F82360C9F3820A4B07D146C6F33B
:10966000014626D520465146FFF7EAFC01A80194A1
:1096700005F07DFB019B03F5E073F6B250F8233053
:10968000C3F301439E4207D10021204605F0C2FBEF
:109690003146204605F0BEFB01A8019405F067FBAA
:1096A000019B08FA03F3C0F82035009C002CB4D1CC
:1096B000A0E7022E0CD10321204605F0ABFB0AF0F7
:1096C0000503012BE8D149462046FFF7B9FCE3E743
:1096D0000221204605F09EFBBAF1030FF3D0032EC2
:1096E000DAD1BAF1020FEDE795FAA5F3B3FA83F3F5
:1096F00004FA03F29B0003F1804303F5C04325EA1B
:109700000205D3F81005D3F81015C0F30420C1F3F7
:109710000141FFF795FC7BE7006000405C0B0020F7
:1097200001460148FFF734BCC00B002030B500F003
:109730001F0440090FD1A40004F1A0440948D4F843
:109740000057284040EA032040EA820242EA4101F1
:10975000C4F8001730BD04F5E074002353F824303A
:10976000FFDE00BFF0F8FCFF2DE9F0470B7C056839
:10977000032B88B006460C4603D9002008B0BDE88C
:10978000F087CF7DDFB9A06839463B463A46FFF700
:10979000CDFF6068411C04D03B463A463946FFF78E
:1097A000C5FF2068421C04D00022E37C1146FFF76D
:1097B000BDFF0023A27CE0681946FFF7B7FF237EB8
:1097C0005BB9D4E901102268E368C5F80805C5F85B
:1097D0001015C5F80C25C5F8143596F80490334FCC
:1097E0004FF0280808FB0978D8F820104B1C06D049
:1097F0002F4805F02CFB4FF0FF33C8F82030022330
:109800004FF0280A8DF804300AFB09732433D5F889
:10981000148502930023274A0493059301AB039216
:109820000693234803AB05AA41460793FFF7D8FCEC
:10983000214B9842A1D10AFB097701221C484146DD
:10984000FFF774FEC7F82080637C227C003B18BFC2
:109850000123022A23D0032A24D0012A01D143F074
:109860000203C5F85435237DC5F85C35637DC5F822
:10987000C0350023C5F80431D5F80421C5F82831D6
:10988000D5F82831D5F8003243F00403C5F800328A
:10989000306840F30730F7F70DFA01206EE743F028
:1098A0000403DEE743F00603DBE700BF787A00201D
:1098B000E807020057EE01000000AD0B2DE9F0476C
:1098C000264E90F804A0282404FB0A678946397DB7
:1098D000804600293DD10568BB6107214FF0FF3369
:1098E0001F483B62BA60FFF7B9FD39461C48243176
:1098F000FFF7F8FD1B4B984204462CD1B9F1000F3D
:1099000010D099F817303B7749464046FFF72CFFB7
:1099100040B997F824101248134CFFF7DDFD20469C
:10992000BDE8F087282202FB0A660023C5F834351B
:10993000C5F83835C5F84435C5F84835737540F273
:109940000243C5F80433012333750223C5F80035FB
:10995000E5E7064CE3E7064CE1E700BF787A002034
:10996000E80702000000AD0B0400AD0B0C00AD0BCE
:109970000100AD0BF8B50479069E24BB42EA06044B
:10998000FF2C20D821B101F06044B4F1005F1CD15C
:1099900023B103F06044B4F1005F16D10E4C677D33
:1099A000012FFDB213D002D9023D012D11D8C4E917
:1099B000031322606660006807490123637505F0A0
:1099C0004BFA0648F8BD0648FCE70648FAE70648A1
:1099D000F8E70648F6E700BF787A00200000AD0BF4
:1099E0000600AD0B0A00AD0B0500AD0B0100AD0B81
:1099F00010B54FF04020D0F82831D3B100231749DB
:109A0000C0F82831D0F828314B7D012BDAB210D1C3
:109A10000B68CC68C0F84445C0F848354B680C6901
:109A2000C0F83445C0F83835826202234B7505F022
:109A300013FA4FF04020D0F8043173B100230749E6
:109A4000C0F80431D0F804314B7D022B05D103233B
:109A50004B75BDE8104005F0FFB910BD787A0020C5
:109A600070B51D4A0C68B2FBF4F304FB13258DBBE3
:109A700094422FD85C1E1C402CD1B3F5007F29D80E
:109A800002684D79D2F80465097926F0030601F0E1
:109A900003013143C2F80415D2F8081593FAA3F371
:109AA00021F0030105F00305B3FA83F32943C2F85B
:109AB0000815C2F810350068402300F58072D450B4
:109AC000D1580433582BFAD140F30730F7F7F2F8A6
:109AD000024870BD0248FCE70024F4000000AD0B12
:109AE0000400AD0BF8B506790D4C0C2575436719CC
:109AF00097F808C0BCF1000F10D1625161B18B68BA
:109B00007B60FFF7ADFF0C2303FB0644054BC21A35
:109B1000534253412372F8BD0248F4E70248FAE782
:109B2000A07A00200000AD0B0C00AD0B03680122F1
:109B30001A600279034B0C2101FB023302221A72D4
:109B4000704700BFA07A0020CB7B10B433B9D1E9B5
:109B500000420368C3F80845C3F80C2503688A6807
:109B6000C3F8242503793C225343054AD3582BB12B
:109B7000006810BC40F30730F7F79CB810BC704782
:109B8000AC7A002013B53B4B01930023C0F804319D
:109B9000D0F80421C0F82431D0F82421C0F81C31B9
:109BA000D0F81C21C0F80831D0F80821C0F80032E4
:109BB0004B6381F82F300123036291F82D209A42E4
:109BC00018BF83604B6B8A6A934204460ED24A6A7E
:109BD000D35CC0F81C350B6803B340F286238B605E
:109BE0008B682548C4F8043302B010BD91F82C30BE
:109BF00013B10123C361EEE70B6A13F0400F4FF07E
:109C0000010316BFC361436181F82D30E3E72046AD
:109C100005F07AF928B1019B013B0193019B002BD0
:109C2000F5DC91F82F305BB91348019B002BDBDC8E
:109C30000023C4F8003505231048C4F80035D3E7E5
:109C4000D4F8C434C4F8C4348BB10D4A0B4813F0B3
:109C5000010F18BF104613F0020F02F1010218BFE6
:109C6000104613F0040F074B18BF1846DDE70348F2
:109C7000DBE700BFA08601000000AD0B0100AD0BCB
:109C80000000AE0B0200AE0B13B5334B0193002363
:109C9000C0F80431D0F80421C0F82431D0F82421D0
:109CA000C0F81C31D0F81C21C0F80831D0F80821C8
:109CB0004B6381F82F308B6A012B044617D10B6A56
:109CC0005B0614D40223C4F800320123236291F806
:109CD0002D20022A18BF23600B688BB140F2862327
:109CE0008B608B681D48C4F8043302B010BD01239B
:109CF000E9E7204605F008F928B1019B013B0193F3
:109D0000019B002BF5DC91F82F305BB91348019BC8
:109D1000002BEADC0023C4F8003505231048C4F802
:109D20000035E2E7D4F8C434C4F8C4348BB10D4A2A
:109D30000B4813F0010F18BF104613F0020F02F189
:109D4000010218BF104613F0040F074B18BF184646
:109D5000DDE70348DBE700BFA08601000000AD0B94
:109D60000100AD0B0000AE0B0200AE0BF8B506799A
:109D70002A4D4FF03C0C0CFB06FC05EB0C0494F850
:109D80002E70002F3DD1A76045F80C20636084F849
:109D90002D7084F8317084F8307051B34B7B84F8A7
:109DA00038308F7B84F839700FBB0A6802F01F03CC
:109DB000520928D19B0003F1A043DFF864C0D3F817
:109DC000004740F20C6704EA0C043C43C3F8004728
:109DD0004C6804F01F0364091AD19B0003F1A043EF
:109DE000D3F8002702EA0C023A43C3F80027FFF732
:109DF000ABFE3C2303FB06550A48012385F82E30B1
:109E0000F8BD0948FCE703F5E07357F82330FFDE9F
:109E100003F5E07352F82330F9E700BFAC7A002075
:109E2000F0F8FCFF0000AD0B0C00AD0B03680279ED
:109E30000521C3F80015044B3C2101FB023302222B
:109E400083F82E20704700BFAC7A002003680B4ACD
:109E50000179C3F80823D3F8002222F00302C3F8E3
:109E600000220022C3F80025054B3C2000FB0133F3
:109E7000012183F82E1083F83020704786420400B9
:109E8000AC7A00202DE9F047314F0479D0F80090EA
:109E90003C2303FB04730D4693F82D30012B9446AD
:109EA00004D10B78012B06D12A4811E0022B02D1F4
:109EB0000B78012BF8D13C26274BC9F8083306FB59
:109EC000047696F830302BB1B3682448C9F80433CF
:109ED000BDE8F0878CF00403C3F3800386F83030CC
:109EE000C6F820C0A846B8E80F0006F10C0EAEE890
:109EF0000F00D8F80030CEF800306B68B362EB6822
:109F000073626B78C9F888352B78C4EB041A012B7F
:109F100007EB8A0A17D09BB9CCF3401C3C2303FB08
:109F200004735146484683F82CC0FFF72BFE3C23B0
:109F30005C433A193B59002BCAD182F83030C7E74D
:109F40004FF0010CEAE751464846FFF79DFEEEE769
:109F5000AC7A00200500AD0B864204000B00AD0B6F
:109F6000F0B5324C324887B0214604F0CDFF0028CE
:109F700059D194F82F70FFB9227B931E012B1BD867
:109F8000606AA369984217D1E36963626369A36257
:109F9000236A274884F82D70C3F34013032A84F8FA
:109FA0002C3004D107B0BDE8F040FFF7EBBD07B09F
:109FB000BDE8F040FFF768BE1E4E0FCE01AD0FC5E5
:109FC00033682B6047B31A4AD2F8C434C2F8C43499
:109FD00013F0020106D001238DF80030002384F82D
:109FE000303007E013F0040209D002238DF800306E
:109FF00084F83010D4E900316846984713E013F034
:10A00000010305D003238DF8003084F83020F1E7F8
:10A0100004228DF80020E2E7236A8DF800705B07C8
:10A0200084F83070E6D507B0F0BD00BFAC7A0020F0
:10A0300000300040B87A0020F7B5064605F006F873
:10A04000084605F003F801A8019604F0F5FF019B0E
:10A050002E4D00EB83000C46D0F80037019440F2FF
:10A060000D612B400B43C0F8003701A804F0E4FF5A
:10A07000019B00EB83000127D0F800372B400B43F6
:10A08000C0F80037042004F064FE092501A80194FB
:10A0900004F0D2FF019AD0F81035D340DB0715D475
:10A0A00001A8019604F0C8FF019B07FA03F3C0F86A
:10A0B0000C35042004F04DFE304604F0C7FF013D8E
:10A0C000042004F046FE15F0FF05DFD101A801943D
:10A0D00004F0B2FF019A01239340C0F80C3504202C
:10A0E00004F037FE204604F0B1FF042004F031FEF6
:10A0F00001A8019404F0A0FF019AD0F8103504489B
:10A10000D34003F00103C01A03B0F0BDF0F8FCFF28
:10A110000100AD0B08B5124BA8220021184605F02E
:10A120005FFC032202610F4942610F4A8161C261F3
:10A130004FF480620262002282624262C262016661
:10A140000A49416610218166094902670346C266D1
:10A15000426711F8010D98540132102AF9D108BD57
:10A16000100400202B2A0200100000200000002014
:10A17000442A02002DE9F84FDFF87C80182606FB00
:10A18000008E00FB06664644DEF82440DEF828C058
:10A190007368A44507468946154603EB040022D898
:10A1A000DEF820B0ABEB040A0AF1FF339A4203D881
:10A1B00005F008FC2C440FE063449A4219D852463B
:10A1C0002C4405F0FFFBB4EB0B0405D0706822466D
:10A1D00009EB0A0105F0F6FB182303FB07830120B6
:10A1E0005C62BDE8F88F0CF1FF3CACEB040C9445CD
:10A1F000DED20020F5E700BF10040020034B182238
:10A2000002FB00339A6A586A801A704710040020D3
:10A2100010B4084A08490023C85C12F8014D844272
:10A2200004D10133102BF7D110BC704710BCFFF7DD
:10A2300071BF00BF442A02001004002010B504467C
:10A24000F5F774FD0348044A012102F094FD20460D
:10A2500004F02BFF54FF0100452A02002DE9F843CA
:10A26000044600AF0D46EFF31188402383F31288B4
:10A27000BFF36F8F0428294A98BF294B9668117C39
:10A2800094BF53F82030274BE9468AB06A462648E7
:10A29000C2E9073140F201339384244BC2E905043B
:10A2A00042F8103F224800234FF43151F5F722FEC7
:10A2B000CD4645B1EB69C3F3080323B11D4A1C48E1
:10A2C000012102F058FD2EB1304605F07DF908B1AC
:10A2D000037803B91848E9468AB06A46174BD0613B
:10A2E000C2E9053640F201331384154B42F8103FA2
:10A2F00000230F484FF41151F5F7FCFD2946CD46D8
:10A300002046FFF79BFF88F31188BFF36F8F30461D
:10A31000F6F77CFCBD46BDE8F88300BFE87A002074
:10A32000F0070200542A0200622A02000500000120
:10A3300054FF01008A2A020010170200AB2A020013
:10A340000400000138B5094B53F82040013053F8A0
:10A350002050A54200D838BD636823B1204604F0E0
:10A36000ACFE0834F5E723689847FAE704080200D2
:10A3700070B52B4B2B4C2C4D012286B003201A704C
:10A38000FFF7E0FFF6F710F904F0B3FE0420FFF743
:10A39000D9FF2646AE4204F1300410D300F0B0FEDF
:10A3A000204C224EAC4226D300F0BEFEF4F7DAFA7F
:10A3B0001F4A137B23F00103137306B070BD54F8DA
:10A3C0000C3C059354F8103C049354F8143C03934C
:10A3D00054F8183C029354F81C3C019354F8203C68
:10A3E000009354E90A2354E90C0100F0ADFC54F841
:10A3F000303C5E65CDE7D4E90A23B3F1FF3F08BFE7
:10A40000B2F1FF3F05D052EA0301206803D100F00A
:10A410004BFF3034C6E73146183001F0DBF8F8E77F
:10A420005D7D00207CFD01007CFD0100BBF601008C
:10A43000E829002008B50348034A0021121A04F055
:10A4400054FE08BD180E0020607D002070B500236A
:10A4500086B00122CDE90423114E124D01930F2243
:10A46000CDE902321049142303FB005506EBC01658
:10A470004FF4A072044602FB00110C4B00953046CD
:10A4800000F062FC737B2C7423F004037373084B9D
:10A49000EE60013403EBC4236B6006B070BD00BFF7
:10A4A00068290020E87A00201094002061F2010061
:10A4B000108C0020BFB50020FFF744FF2D4B83F325
:10A4C00008882D4D2D4E6B692D4F43F400736B6141
:10A4D000E02385F8223000242023EB772C766C765D
:10A4E000AC7685F820406B6A43F4E0236B6285F814
:10A4F0002340F6F707FBF6F77BFC4FF0FF33AB6228
:10A50000EB62F6F723FDF6F797FCF5F77BFB1D4BA7
:10A51000B36040F201129A81C3E919441C6704F048
:10A52000B8FD0120FFF70EFF0220174DFFF70AFFCD
:10A5300000F02EFE154B756105930123144900941C
:10A54000CDE903434FF480623B46CDE90144284600
:10A5500000F0FAFB6A7B064622F0040228466A7382
:10A5600005F06EF82046FFF771FF3A46314628465F
:10A57000F6F722FC1094002000ED00E0E87A0020BD
:10A5800071A30100082B0020E82900200D2B0200F8
:10A590005095002038B5064C064DAC4201D3002042
:10A5A00038BDD4E90112204604F0A4FD1434F4E7C8
:10A5B000880C0020880C002038B5064C064D002081
:10A5C000AC4200D338BD204604F0F9FD0028F9DB89
:10A5D0001C34F5E7340C0020880C002073B50C46C1
:10A5E000EFF31181402585F31288BFF36F8FC568A3
:10A5F0005DB125602B68C3608369013383610020EE
:10A6000081F31188BFF36F8F11E052EA030603D183
:10A6100025606FF00B00F3E7CDE900230246083018
:10A6200000F0CEFC18B9034B9B685B69236002B055
:10A6300070BD00BFE87A00202DE9F34104461746BB
:10A640001E46EFF31188402383F31288BFF36F8F08
:10A65000C368334A7BB180689168884219D057EA51
:10A66000060318D188F31188BFF36F8F6FF00F00C6
:10A6700002B0BDE8F081916891F90E1021610133BB
:10A68000E3609368A36088F31188BFF36F8F0020A5
:10A69000EEE72169F2E791F90E1090F90E30994238
:10A6A000A8BF19466FF07E029142B8BF11468B4297
:10A6B0002DDD04F0E0FD0546CDE90076194822467F
:10A6C000414600F07DFC0028E1D0EFF311864023E5
:10A6D00083F31288BFF36F8FA068D0B1236821691C
:10A6E0009C420AD04BB193F90E309942A8BF19464B
:10A6F0006FF07E039942B8BF194604F0BCFD40B12B
:10A700000848314600F0D6FC6FF00A00B0E700259B
:10A71000D2E7002DF4D186F31188BFF36F8FF3E7F2
:10A72000E87A00205E7D0020F8B583680546002B9E
:10A730003FD0234A926893423ED1C368012B03D98C
:10A74000013BC3600020F8BDEFF31187402383F382
:10A750001288BFF36F8F0169806804F08CFD2C684C
:10A76000AC4207D10023C5E9023387F31188BFF358
:10A770006F8FE7E7002CF5D0D4E9003213605A6000
:10A78000637B002623F002036373C4E90066A660BE
:10A7900004F1180005F01BF8AC6094F90E302B6141
:10A7A0002046E66704F04CFF0648394600F082FC7C
:10A7B000C8E76FF01500C6E74FF0FF30C3E700BFF2
:10A7C000E87A00205E7D002037B51146EFF3118551
:10A7D000402282F31288BFF36F8F04689CB1236814
:10A7E000426823F003039442036008BF43600121E1
:10A7F000204604F0C0FD044685F31188BFF36F8F37
:10A80000204603B030BD51EA0302F5D000F1080242
:10A81000CDE900131046294600F0D2FB0028EFD105
:10A82000014B9B685C69EBE7E87A002070B5EFF3B9
:10A830001186402383F31288BFF36F8F0468A04210
:10A840001AD0CCB1D4E9003213605A60637B002582
:10A8500023F00203C4E900556373A56004F11800F6
:10A8600004F0B5FFE567204604F0EAFE31460848EB
:10A87000BDE8704000F01EBCD0E902329A4218BF19
:10A88000013383600221103005F07BF8EEE700BF52
:10A890005E7D002013B5EFF31181402484F312880C
:10A8A000BFF36F8F846844B1013C846081F31188E9
:10A8B000BFF36F8F002002B010BD52EA030406D12F
:10A8C00081F31188BFF36F8F6FF00F00F3E7CDE9CD
:10A8D00000230246014800F073FBECE75E7D002098
:10A8E0002DE9F0410546EFF31187402383F31288E9
:10A8F000BFF36F8F00266FF00A082C68A54215D0B1
:10A90000A4B1D4E9003213605A60637BA66023F0DF
:10A910000203C4E90066637304F1180004F057FFF2
:10A92000C4F87C80204604F08BFEE6E7002305F1A6
:10A930001000AB60022105F024F839460248BDE85A
:10A94000F04100F0B7BB00BF5E7D00201FB5094A93
:10A9500092E8030002AB83E803004FF40062009327
:10A96000054906484FF0FF3300F04CF9002005B0D0
:10A970005DF804FB0000020050990020682A0020C6
:10A980002DE9FF414F4E04464027EFF3118887F32E
:10A990001288BFF36F8FD4F88050F5B9022104F10B
:10A9A000980004F029FD002868D004F190050022E9
:10A9B0000121284604F0D0FE0028F8D1002302939C
:10A9C0004FF0FF324FF0FF33CDE90023414604F151
:10A9D00088023D4800F01CFDD7E7D4F884202B689E
:10A9E000C4F88030954208BFC4F88430D4F8983059
:10A9F00043F00203C4F89830EB6823F0040343F0FB
:10AA00000103EB606B6888F31188BFF36F8F2846F2
:10AA10009847EFF3118887F31288BFF36F8FEB68C5
:10AA2000D80623F0010236D4EA60EB689A0716D5FF
:10AA3000306823F00203EB6088B10368002170B135
:10AA40004268954235D1036869BB726833608242BF
:10AA500000D17360002340F8083BFFF7E7FED4F80D
:10AA6000983023F00203C4F8983088F31188BFF3BC
:10AA70006F8FDB0589D400F093FB86E7D4F898301C
:10AA8000D9069BD5C4F8980088F31188BFF36F8F5F
:10AA900004B0BDE8F08123F01103EB6005F1100074
:10AAA000FFF7C4FEC1E70B607368834208BF7160A3
:10AAB000D0E723B11A68014618461346BFE71A4685
:10AAC000F9E700BF087B00205E7D0020F8B5C36871
:10AAD0009A0704460F46C3F340062CD45B071AD4EA
:10AAE0000B680BB983680B60E368DD0744BFA3689C
:10AAF0003B603D684CBF02260126002D3AD01F4B1B
:10AB00009B68AB420AD0D5F89830D807C3F38002CF
:10AB100014D46FF0120600233B6025E004F04BFDD7
:10AB2000D5F898300028F0D1D907C3F3C002F0D58A
:10AB300052B15B0708D46FF00F06ECE7002AFAD198
:10AB4000C3F3C003002BF6D100232360D5F8843073
:10AB500063B9C5E92044284604F069FCE36843F082
:10AB60000403E3603B68A3603046F8BD1C60C5F891
:10AB70008440F0E76FF01506CDE700BFE87A0020CB
:10AB8000F8B5C36803F00503002B06460C4614BF56
:10AB9000012700271CD085680122002104F1100044
:10ABA00004F01AFC1349204604F099FCE36843F0D2
:10ABB0001003E360F3685B0712D5336823606BB959
:10ABC000D5F8843033B9C5E92044284604F02FFC79
:10ABD0003846F8BD1C60C5F88440F6E73460F4E7F9
:10ABE000D5F880302360D5F88430C5F88040002B3C
:10ABF000EBD1F0E70FF401000146014804F08BBCF3
:10AC0000682A0020F0B589B004460020C4E920007D
:10AC10000E9D04F18800C4E9220004F19000C4E90B
:10AC200024004DB32879002840F2011008BF01200C
:10AC3000C4F8980000204FF0FF364FF0FF37CDE901
:10AC40000330CDE90100CDE906670C4B00942046A6
:10AC500000F0B8F855B1296811B1204604F0B1FCF4
:10AC60006B791BB1237B43F001032373204609B0AA
:10AC7000BDE8F04000F018BB0120D9E781A9010030
:10AC800037B501900846EFF31184402181F3128813
:10AC9000BFF36F8FC16811F01E0F16D153EA020582
:10ACA00008D101A9FFF712FF84F31188BFF36F8F5A
:10ACB00003B030BD41F00801C160019981621030DC
:10ACC000034900F087FC0120EEE70020ECE700BF1D
:10ACD000A3F4010001460148FFF7D2BF682A002013
:10ACE000F7B50C46019016461D46EFF31187402339
:10ACF00083F31288BFF36F8F084604F089FB55EA8F
:10AD0000060309D101A92046FFF7E0FE87F3118869
:10AD1000BFF36F8F03B0F0BDE368074943F008034A
:10AD2000E360019BA36204F1100032462B4600F061
:10AD300051FC0120EAE700BFA3F4010001460148ED
:10AD4000FFF7CEBF682A00202DE9F04385B0984672
:10AD500000F158030732C0E91633109B037322F049
:10AD6000070504230026437301EB05090F9B83733A
:10AD70000F46C0E9066649468660C6730446F5F785
:10AD800081FC07300E9B20F00700E066C4E91975CE
:10AD900002930D9B0193A9EB00090C9B00934A467B
:10ADA000434639462046F5F7EBFF054B66659B6841
:10ADB00003B11B6F2367484605B0BDE8F08300BFB1
:10ADC000E87A0020F0B587B000250595109D049520
:10ADD0000F9D03950E9D0295DDE912760D9D01955F
:10ADE0000C9D00950446FFF7AFFFB6F1FF3F08BF8B
:10ADF000B7F1FF3F05D056EA070305D1204600F022
:10AE000053FA204607B0F0BD03493A46334604F1F1
:10AE1000180000F0DFFBF4E7BBF60100094A936875
:10AE20006FF00A01D967084998674B6843F080536F
:10AE30004B60002383F31188BFF36F8F9368D86F43
:10AE4000704700BFE87A002000ED00E070B590F98F
:10AE50000D20437B002A39DBD90637D18269002ACD
:10AE600034D11D4C63F07F032246437352F8183FE0
:10AE700093422CD1E169C0E900210860E06111E052
:10AE80009942F8D01B68002BF5D090F90E5093F939
:10AE90000E60B542F4D0AE42F2DD5968C0E900312F
:10AEA00008605860A569954200D005B9E568A368B7
:10AEB0005A7BD20604D1DA897F2A01D9AA6942B124
:10AEC000AB4202D0284600F0E3FA656170BDE1694B
:10AED000D9E76361FAE700BFE87A002038B590F956
:10AEE0000D20437B002A014604DA03F07F034373FD
:10AEF00004F06CFB0D4D2A46AB6852F8184F944293
:10AF000000D004B9EC688B4207D05A7BD20604D13A
:10AF1000DA897F2A01D9A2692AB1A34202D0204648
:10AF200000F0B6FA23466B6138BD00BFE87A002016
:10AF300070B590F90D20437B002A014604DA03F036
:10AF40007F03437304F042FB4B7B1C4C63F07F0395
:10AF500022464B7352F8183FE069934207D1C1E98A
:10AF600000200160E16111E09842F8D01B68002BDD
:10AF7000F5D091F90E5093F90E60B542F4D0AE427F
:10AF8000F2DD5868C1E9003001605960A569A36825
:10AF9000954200D005B9E5688B4207D05A7BD206AE
:10AFA00004D1DA897F2A01D9AA692AB1AB4202D039
:10AFB000284600F06DFA2B46636170BDE87A0020E8
:10AFC000F8B5124B0C461146114A98681060DDE93D
:10AFD0000676EFF31182402282F31288BFF36F8F5F
:10AFE0009D68284604F004FBB6F1FF3F08BFB7F1A7
:10AFF000FF3F06D007493A46334605F1180000F0F6
:10B00000E9FA2046BDE8F840FFF708BFE87A0020DB
:10B01000107B0020BBF60100F8B50446EFF3118663
:10B02000402383F31288BFF36F8F437BDA0649B264
:10B0300017D18269AAB903F07F03437304F0C6FAFB
:10B040001B4D437B817363F07F032A46437352F8A1
:10B05000183F93422AD1E869C4E900200460EC61FA
:10B0600016E0A173002086F31188BFF36F8FF8BD3F
:10B070008342F1D01B68002BEED093F90E70B942D9
:10B08000F6D08F42F4DD5968C4E900310C605C6091
:10B09000AC69944200D004B9EC68AB689C4202D021
:10B0A000204600F0F5F96C610120DCE7E869E2E791
:10B0B000E87A002049B9EFF3058030B9054B5A69A9
:10B0C0009B689A4201D0FFF7A9BE81F31188BFF3B4
:10B0D0006F8F7047E87A0020034648B9EFF3058286
:10B0E00032B9064A51699268914201D0FFF796BE83
:10B0F00083F31188BFF36F8F704700BFE87A002099
:10B10000EFF31181402383F31288BFF36F8F054B58
:10B110009A68D37B013BD37381F31188BFF36F8FA0
:10B12000704700BFE87A002070B5EFF31186402326
:10B1300083F31288BFF36F8F144DAB68DA7B013253
:10B14000DA732A4652F8184F944200D004B9EC68DA
:10B150005A7BD20604D1DA897F2A01D9A2692AB1A1
:10B16000A34202D0204600F093F923466B6186F398
:10B170001188BFF36F8FEFF31180402383F31288A0
:10B18000BFF36F8FBDE87040FFF7A6BFE87A0020DD
:10B19000024B03F11802C3E906227047E87A002047
:10B1A00070B5EFF31186402383F31288BFF36F8FDE
:10B1B0001B4CA168E0690B68814214BF1A4600224B
:10B1C00049680B605960A368E1692AB9154AC3E967
:10B1D00000210B60E3610CE093F90E0092F90E5030
:10B1E000A84218D0854216DD5168C3E900210B60E2
:10B1F0005360A5690B4B9D4200D005B9E568A36873
:10B200009D4202D0284600F043F965613046BDE812
:10B210007040FFF703BE8A42D8D01268D5E700BF5E
:10B22000E87A0020007B002050EA01032DE9F0417C
:10B2300005460E4604D1FFF7B3FF0020BDE8F081BC
:10B24000831C71F1FF3324DB04F0E2FA2C18EFF3D6
:10B250001188402383F31288BFF36F8F0F4F104B79
:10B26000B8681860FFF73AFEB8680E492A463346B8
:10B27000183000F0AFF9BA68537B43F004035373FE
:10B280004046FFF7CBFD04F0C3FA201A20EAE07035
:10B29000D4E76FF00104241AD9E700BFE87A002050
:10B2A000107B0020BBF6010038B50446183004F0CE
:10B2B0008EFAEFF31185402383F31288BFF36F8F6B
:10B2C000637B5A0704D485F31188BFF36F8F38BDB1
:10B2D00023F0040363732046FFF7B8FDEFF3058303
:10B2E000002BF0D129460248BDE83840FFF7E2BE06
:10B2F0005E7D0020014B9868704700BFE87A00200F
:10B300002DE9F8430446EFF31187402383F31288B5
:10B31000BFF36F8F067B16F001060DD087F31188FF
:10B32000BFF36F8F002383F31188BFF36F8F042364
:10B33000184602DFBDE8F883437B1A0704D587F37C
:10B340001188BFF36F8FF5E7D90943F0080250D198
:10B350004273A36813B1204604F040F904F11800C9
:10B3600004F035FAA56D04F15808A84511D04FF046
:10B37000000975B1284604F031F905F1180004F010
:10B3800026FAC5F87C902846FFF760FDA56DA84514
:10B39000EFD11C4DAB689C4204D1EFF30586003E13
:10B3A00018BF0126D5F81880174A904502D0B8F189
:10B3B000000F01D1D5F80C80434502D0404600F083
:10B3C00067F8C5F8148046B1104BAB6040F201122B
:10B3D0009A810022C3E919221A67AB689C42AED158
:10B3E000EFF30583002BAAD13846BDE8F843FFF7F9
:10B3F00015BD03F07F0343F00803437304F0E6F840
:10B40000A7E700BFE87A0020007B0020082B00207F
:10B41000D3B5DDE90667089CCDE90067FFF7D0FDED
:10B420001CB1034B9B685B69236002B0D0BD00BFB9
:10B43000E87A0020044BC01A044BC0105843044B58
:10B4400001221A54704700BF882B0020ABAAAAAA79
:10B450005E7D0020C3897F2B12D80A4B1B6863B125
:10B46000094B90F90E201B689A4209DB437BDB06EF
:10B4700006D1064BC31A18BF012303F00100704721
:10B480000023FAE7187B0020147B002068290020A5
:10B4900070B50E4B0E4C1E7C06EB460304EBC3044A
:10B4A0000546204604F093F90A4B002228469A5597
:10B4B000FFF7D0FF48B1084B08491A68013A204607
:10B4C000D317BDE8704000F085B870BDE87A002061
:10B4D000882B00205E7D0020187B002035B4010001
:10B4E00038B5EFF31185402383F31288BFF36F8FD4
:10B4F000104B114A9C681068A04206D1FFF7C8FFA4
:10B5000085F31188BFF36F8F38BD00211B7C11605C
:10B510000A4AD35C002BF3D02046FFF79BFF00289C
:10B52000EED0637BDB0602D12046FFF701FD20460B
:10B53000E4E700BFE87A0020107B00205E7D002059
:10B540000748084A084908B5121A03F0D0FD074811
:10B55000074A0849BDE80840121A03F0C8BD00BFF9
:10B56000C0040020180E0020842B0200B804002024
:10B57000C00400207C2B0200024B1868984208BFD0
:10B5800000207047C40B0020034B1B680BB9FCF76D
:10B590009FBD0020704700BF1C7B002030B570B1FC
:10B5A0000B4B5B6898420AD0036843B1D3E904218E
:10B5B000D0E90445121941EB0501C3E90421D0E9A2
:10B5C000003213605A600023C0E9003330BD00BF71
:10B5D000C40B0020B3F1FF3F08BFB2F1FF3FF8B545
:10B5E00004461D4616465AD08160EFF3118740236A
:10B5F00083F31288BFF36F8F013275F1FF3321DAC5
:10B600002C49D1E900206FF001039B1A4FF0FF3263
:10B6100062EB00009E1B60EB0500012E70F1000341
:10B6200001DA01260020C4E90460FFF7A5FF224EDD
:10B6300084467068BCF1000F0DD1C4E9006004605D
:10B6400074601CE0FFF7A0FF013645F100053618D5
:10B6500045EBE070E7E7DCE90425D4E904319342E7
:10B6600071EB050E1CDAD21ADCF8043065EB01052B
:10B67000CCE90425C4E900C31C60CCF80440FFF702
:10B680007BFF844207D10D4B1C6824B904F086F877
:10B690002146FCF7EFFC87F31188BFF36F8FF8BDED
:10B6A0009B1A61EB05018445C4E90431C5D0DCF87F
:10B6B00000C0BFE7A02B0020C40B00201C7B002093
:10B6C0002DE9F047EFF31185402383F31288BFF390
:10B6D0006F8FDFF8A090DFF8A080C9F80000FFF7B7
:10B6E0004BFF00260027D9F80030D8E900ECD91725
:10B6F00050B1D0E90442A34271EB020A1ADAE41A0B
:10B7000062EB0102C0E9044213EB0E034CEB0101B2
:10B710000024C8E90031C9F8004004F03FF8214690
:10B72000FCF7A8FC85F31188BFF36F8FBDE8F047E5
:10B73000FFF7D6BE14EB0E024CEBE473C0E90467CE
:10B74000C8E90023FFF72AFF85F31188BFF36F8F45
:10B7500083689847EFF31185402383F31288BFF382
:10B760006F8FD9F800301B1BC9F80030FFF704FFBA
:10B77000B9E700BF1C7B0020A02B002010B5EFF321
:10B780001184402383F31288BFF36F8FFFF7FCFE11
:10B79000054A0346D2E90001181841EBE37184F32E
:10B7A0001188BFF36F8F10BDA02B0020F8B50446A1
:10B7B000EFF31187402383F31288BFF36F8F026882
:10B7C00022B187F31188BFF36F8FF8BDD0E90A3635
:10B7D000581C46F10001022871F1000127D3012B0A
:10B7E00076F10001BCBF012316465D1E46F1FF360F
:10B7F00004F012F8013041F10001401946EB01015B
:10B80000012871F1000139DB04F006F8013041F143
:10B8100000016FF00102401946EB0103121A4FF0CC
:10B82000FF3161EB030318492046FFF7D3FE236B7A
:10B8300001332363236A6BB187F31188BFF36F8FE2
:10B84000236A20469847EFF31187402383F3128839
:10B85000BFF36F8F54F8185FA542B2D0002DB0D05F
:10B86000284603F0FCFE0023EB6787F31188BFF343
:10B870006F8F2846BDE8F84003F0E2BE6FF001028A
:10B880004FF0FF33CFE700BFADB701002DE9F04126
:10B8900005461C4690461F46EFF31186402383F36E
:10B8A0001288BFF36F8FB4F1FF3F08BFB2F1FF3FC3
:10B8B00005D186F31188BFF36F8FBDE8F081531C6B
:10B8C00074F1FF3309DB012A74F10003BCBF0122CC
:10B8D000002412F1FF3844F1FF37284603F077FFC8
:10B8E000DDE906010023C5E90A012B63034942464D
:10B8F0003B462846FFF76EFEDBE700BFADB7010011
:10B9000038B50346EFF31185402282F31288BFF366
:10B910006F8FC160012181600068834206D185F389
:10B920001188BFF36F8F0024204638BDD0E9003264
:10B9300013605A600023C0E9003303F0DCFF29469E
:10B9400004460248FFF7B6FBEEE700BF5F7D00202C
:10B9500073B506460D4603F02EFE78B90B4B9B6877
:10B960001C6F7CB12A1D09D200200021CDE9000105
:10B9700046F00401204603F0C5FB08B9002401E0AD
:10B980000460041D204602B070BD00BFE87A0020AC
:10B990000CB430B589B005460C461C22002101A824
:10B9A00004F01EF802238DF806300E4B0293059525
:10B9B00023462CB1B4F1004F28BF4FF00043013BA8
:10B9C0001D440DAA0C99069501A8009200F00CF8F0
:10B9D00014B1059B00221A7009B0BDE8304002B0D6
:10B9E000704700BFD7FA01002DE9F04F8DB04368D2
:10B9F0000293837815469A07804640F10D81002412
:10BA00000E78002E00F00A81252E0BD04B1C0393DC
:10BA10000134029B4146304698470028C0F2F68028
:10BA20000399EDE74E788B1C252E0393F0D0002769
:10BA3000B946BB46BBF11F0F38D8A6F12003102B27
:10BA40000AD8DFE803F02A090930090909210909A0
:10BA50000928092D09091F00A6F13003092B33D944
:10BA60002A2E37D11BF0400F55F8043B40F082805E
:10BA7000002BA7BF4BF0200B9946C3F100094BF0F8
:10BA8000280B01E04BF0010B039B13F8016B0393B0
:10BA9000002ECFD130E04BF0020B4BF0040BF3E75C
:10BAA0004BF0080BF0E74BF0100BEDE7BBF17F0F0D
:10BAB00019D8A6F13003092BD2D81BF0400F03D0C0
:10BAC0000A2101FB0737DFE70A2101FB09394BF0A7
:10BAD000200BD9E72E2E06D11BF0400F40F09E80A0
:10BAE0004BF0400BD0E76C2E31D02BD8682E36D0DF
:10BAF0006A2E3CD04C2E3AD0002F46F02003B8BF1F
:10BB00002BF04002A3F16501BCBF1FFA82FB0027A6
:10BB1000022901D9612B2FD1073525F00705DFF860
:10BB2000ACA2083507271BF0080F66D00AEB070BFD
:10BB300056465E4563D1A4EB0A0A06EB0A02A9EB5E
:10BB400007096FE1742E9FD07A2E9DD0D4E71BF0A9
:10BB5000800F18BF4BF4007B4BF0800B94E71BF475
:10BB6000807F18BF4BF4007B4BF4807B8CE74BF459
:10BB7000207B89E71F4687E7A6F16301122900F2BF
:10BB8000F080DFE811F013004F00EE00EE00EE0051
:10BB9000EE004F00EE00EE00EE00EE00EE00FE00C4
:10BBA000E900EE00EE001B00EE00AF0055F8043B8C
:10BBB0008DF8183001270DF1180AB4E755F804ABD9
:10BBC000834BBAF1000F08BF9A461BF0400F14BF19
:10BBD00039464FF0FF31504603F01AFF0746A2E7FF
:10BBE000029B41462020984700280FDB013EB742C8
:10BBF000F6D34C44A41BB14698E74E46F7E716F837
:10BC0000010B029B41469847002892DA98F80230CF
:10BC100043F0040388F802304FF0FF3420460DB0A3
:10BC2000BDE8F08F1BF0800F34D01BF4007F2CD0C8
:10BC3000073525F00705AA4669685AF8080B2BF066
:10BC400010050029ADB237DA404261EB410145F4FD
:10BC500080650DF1180B0A235A4603F0E5FEA0EBB0
:10BC60000B0301936B0662D5019B25F001019F42F6
:10BC700089B240F3A180002E00F0998015F01002E7
:10BC800040F09C80BB460D4623E0AA465AF8040BC0
:10BC9000C117D4E7AA461BF4807F5AF8041B01D1D0
:10BCA0000846F5E71BF4007F15BF48B208B241F320
:10BCB000C01141F3C031C2E750EA0103C9D11BF002
:10BCC000400FC6D0002FC4D12BF0110295B2BB4655
:10BCD000019740F2064115EA01021CBF0BF1010B6E
:10BCE00000222CE02BF010021FFA82FB0A231BF02B
:10BCF000800C49D01BF400711DBF073525F00705E6
:10BD0000AA46AA461ABF5AF8080B69685AF8040BE3
:10BD100050EA010545D12BF016051BF0400FADB2DE
:10BD200042D0002F40D12BF0170295B2019715F0A9
:10BD3000100248D0019B002E42D103F1010B2907CC
:10BD40005AD4EB0706D5D9456FDD0199A9EB0B0352
:10BD50005F18CB465B4649E04BF0100B102378266A
:10BD6000C5E7782B04D1C6F1780343F01003BEE792
:10BD7000029B4146252098470028FFF647AF023432
:10BD800047E608230026B2E7AA461BF480715AF85A
:10BD9000040BBDD01BF400711ABFC0B2614680B263
:10BDA000B6E72BF0060295B20DF1180B54E725F01B
:10BDB0001105ADB2BB468CE70D46B8E73B460D46D4
:10BDC00003F1020BBBE7DDF804B082E7722B02003F
:10BDD0006B2B0200CDE904324146029B202098479C
:10BDE0000028FFF613AF049B059A01339945F1DC57
:10BDF000A4EB0B01CC189B460AB3029B41463020B2
:10BE000098470028FFF602AF8EB901342744019B02
:10BE1000391B994224DC1D465DBB019AA9EB0B0935
:10BE2000224455461446914435E0019F92E702347E
:10BE300041463046029B98470028E7DAE6E640F2A2
:10BE400006410D42E2D015F0020F14BF2B20202036
:10BE500015F4806F04F10104414618BF2D20E9E775
:10BE6000029B414630209847002804F10104CEDAB5
:10BE7000CCE606AB013D4146585D029B9847002841
:10BE8000CADAC3E6029B414620209847002804F105
:10BE90000104FFF6BBAEA9EB0403002BF2DCBFE507
:10BEA000704708B500214FF48070F2F74DFC002177
:10BEB00040F20160F2F748FC03214FF46470F2F79E
:10BEC00043FC012143F21000F2F73EFC032140F253
:10BED0008330F2F739FC032140F28730F2F734FC6B
:10BEE000002140F24230F2F72FFCD72140F24330DC
:10BEF000F2F72AFC00214FF45070F2F725FC802164
:10BF000040F24130F2F720FC01214FF48270F2F749
:10BF10001BFC002140F20520F2F716FC012140F243
:10BF20000E20F2F711FC002140F20F20F2F70CFC7A
:10BF3000002140F20220F2F707FC302140F20320FA
:10BF4000F2F702FC01214FF40450F2F7FDFB20212F
:10BF500043F25900F2F7F8FB302143F26000F2F7A8
:10BF6000F3FBBDE80840032141F21200F2F7ECBBFD
:10BF7000836800EBC101B3F5004F2CBF51F82200DC
:10BF800031F81200704700EBC1018068B0F5004F36
:10BF90002CBF41F8223021F81230704708B5012239
:10BFA000FFF7E6FFD04008BD8368B3F5004F00EB14
:10BFB000C10108D34B681AB143F001034B607047CD
:10BFC00023F00103FAE74B881AB143F001034B80D9
:10BFD000704723F00103FAE753000122FFF7D3BFB4
:10BFE0008368B3F5004F34BF04230823C91A081A25
:10BFF000C0087047B0F5004F34BF04230823481C25
:10C000000833A0EBD300B0FA80F0C0F11F007047F6
:10C010002DE9F041174603220E460446FFF7A8FF1C
:10C020008642054607F104080AD1E3680122BA40B6
:10C0300023EA0203E360002344F82830BDE8F081DE
:10C04000314602222046FFF793FF2B460646014663
:10C0500044F8285020460322FFF795FF334629462F
:10C0600020460222BDE8F041FFF78DBF70B50D46B6
:10C0700086680446FFF792FFB6F5004F014601D3EC
:10C08000012809D03046FFF7B5FF29460246204671
:10C09000BDE87040FFF7BCBF70BD2DE9F047054615
:10C0A0008068FFF7A7FF05EB800A8846DAF8109052
:10C0B0000646B9F1000F1BD00327DAF810402846D6
:10C0C0002146FFF76BFF404507D3324621462846FD
:10C0D000FFF79EFF2046BDE8F08703222146284651
:10C0E000FFF746FF013FCAF8100001D08145E4D1B7
:10C0F000EB6801364FF0FF34B4401C40EAD094FAAC
:10C10000A4F2B2FA82F2131D55F82340DEE72DE9BE
:10C11000F041144605460E46FFF740FFA4EB060823
:10C12000371B0744424631462846FFF755FF3A463B
:10C1300021462846FFF750FF434600222146284665
:10C14000FFF721FF21462846FFF728FF3B4621182D
:10C1500000222846BDE8F041FFF715BF2DE9F04168
:10C16000164604460F46FFF719FF3146054620469E
:10C17000FFF714FF05442A4639462046FFF72CFFF7
:10C1800031462046FFF70AFF2B4631180022204691
:10C19000BDE8F041FFF7F7BE2DE9F0410D46866896
:10C1A0000446FFF7FBFEB6F5004F014601D3012818
:10C1B00032D03046FFF71EFF04EB80010E6996B9BE
:10C1C000E368012282401343E36002220D612B46A3
:10C1D00029462046FFF7D7FE032229462046BDE820
:10C1E000F041FFF7D0BE022231462046FFF7C0FEE5
:10C1F0002946034607462046FFF7C5FE032233467D
:10C2000029462046FFF7BFFE39462B462046FFF75A
:10C21000BAFE02223146E1E7BDE8F081F8B50C46EE
:10C220000546FFF7BBFE2618012231462846FFF7D8
:10C230009FFEC3070CD431462846FFF717FF21465F
:10C240002846FFF7ABFE214622182846FFF786FF57
:10C25000002221462846FFF78BFE271A0122394685
:10C260002846FFF785FE10EA020613D13946284614
:10C27000FFF7FCFE214632462846FFF779FE2246AC
:10C28000211A2846FFF76AFF214632462846FFF763
:10C290006FFE241A21462846BDE8F840FFF77CBF10
:10C2A00038B571B105682846FFF79AFE00220446AA
:10C2B00001462846FFF778FE2146BDE83840FFF7E3
:10C2C000ADBF38BD70B5066809B9002070BDB36850
:10C2D000B3EBD10FF9D9B3F5004F34BF04230823D2
:10C2E000CC1D1C44E40821463046FFF7D6FE054627
:10C2F0000028EAD001463046FFF750FEA04209D997
:10C300002C44294630462246FFF701FF214630469D
:10C31000FFF742FF304601222946FFF745FEB3688A
:10C32000B3F5004F34BF0423082303EBC5031844BF
:10C33000CCE72DE9F84306681446B26801F1FF39ED
:10C34000B2F5004F34BF0423082319EA01090F4650
:10C350000BD0494239408B424F4628BF0B46894695
:10C3600054B900252846BDE8F8839942F8D82146FB
:10C37000BDE8F843FFF7A6BFB2EBD40FF1D9E11D3A
:10C38000B2F5004F394434BF04220822C91A1144BF
:10C39000C9083046FFF781FE80460028E1D0B36827
:10C3A000B3F5004F34BF0423082309EBC0051D4437
:10C3B00035447B1E1D44B5FBF7F57D43A5EB090510
:10C3C00029463046FFF70CFE2C44073424F00704BE
:10C3D000A41B804507464FEAE40408D202464146C2
:10C3E0003046FFF794FE41463046FFF7D5FE39460A
:10C3F0003046FFF7D3FD3844844208D239463046F0
:10C400002246FFF784FE21463046FFF7C5FE012293
:10C4100039463046FFF7C8FDA4E7B2F5802F2CBFA0
:10C4200008230423D21A2DE9F0418C18CD1D25F0E4
:10C43000070524F00704641B0026E4080560214674
:10C44000AC60EE602046FFF7D5FD421D9200013042
:10C4500002F107074FEAD707A2F110023146B8BF31
:10C46000324605F1100003F0BBFA3A463146284641
:10C47000FFF7B2FD3346324631462846FFF783FDCB
:10C48000A4EB0708284631460122FFF78DFD4246FE
:10C490003946FFF7A1FD3B46324639462846FFF7AD
:10C4A00072FD21462846FFF797FD43463246214656
:10C4B0002846FFF768FD214628460122FFF774FD54
:10C4C0003946BDE8F041FFF767BE2DE9F047064663
:10C4D0000D46174698462BB398F8004093F8019004
:10C4E000DB78A40004EB430498F802301C44444475
:10C4F0004FF0000ACA4509D3D8F8042008F1080310
:10C5000039463046AC46BDE8F047604714F8013B79
:10C5100048F823402046F1F7BFFF013004440AF1F8
:10C52000010AE7E76FF01500BDE8F08770B5002558
:10C5300002462846144614F8013B0BB9184609E098
:10C5400098B18D4207D1702B04D0A3F140023A2A52
:10C550000BD8002070BDA3F140063A2E05D85378C1
:10C560000135941C002BE9D00020252B08BF80F05A
:10C5700001002246DEE70020704700F083BB0FB4C5
:10C5800007B504A951F8040B019100F07BFB03B03F
:10C590005DF804EB04B070470FB407B504A951F877
:10C5A000040B0191FFF7E9FF03B05DF804EB04B061
:10C5B000704710B50369024613F0080009D11368EB
:10C5C000D4689C4297BF126AE31AD31A01200B6009
:10C5D00010BD00231846FAE713B501A90446FFF77A
:10C5E000E8FF20B1019BE268013B13440193206AFC
:10C5F000019BC01A013802B010BD10B50446501896
:10C600002269236AD20702D5013B184010BD984227
:10C6100028BFC01AFAE710B504460A46C168FFF7FA
:10C62000ECFF2369E06023F00803236110BD38B5F7
:10C630000D46C2698B00016843F0020342F82130C5
:10C64000044601682A46FFF7D8FFE3686168206066
:10C65000984202BF236943F0080323612A4620461B
:10C66000FFF7CBFF606038BD2DE9F74FC768C6699B
:10C670009B4616F8273003F00303022B0446884636
:10C68000914606EB870A4FF0000309D01360CBF800
:10C6900000302369990710D4002003B0BDE8F08F63
:10C6A00056F8271013608908CBF80030F1D0FFF757
:10C6B000B2FFE368A3600120EFE7A3695046984703
:10C6C00016F82730DA070546E6D513F002031DD029
:10C6D000B8F1000F03D041462046FFF7A8FF61687C
:10C6E0002A462046FFF789FFD4E90231994260606B
:10C6F00004D12A462046FFF780FFA060A36823608C
:10C70000E360236943F008032361D4E70146204630
:10C710000193FFF780FFE268A260B8F1000F04D038
:10C720002168E269019B42F8213005EB0802CBF851
:10C73000002021682046FFF760FF2369206043F056
:10C740000803236116F827306FF3000306F827303B
:10C75000C9F800A0AFE770B504461546FFF74DFFD6
:10C760002368834205D12369216023F008032361F4
:10C7700070BDE269AB0043F0020342F8213020466D
:10C7800061682A46FFF739FF6060F1E738B5036951
:10C790005B07044606D5456AFFF71EFF85422CBF9E
:10C7A0006562606238BD38B50D4604461C22002122
:10C7B00003F016F9EB68A361AB6863612B68E36172
:10C7C0006B682362002262622A6923B1591E1942F2
:10C7D00008BF42F001022261012204F12800002179
:10C7E000BDE8384002F0F8BD2DE9F04F87B00025D4
:10C7F0000093036A03958B4204460E4692460595C4
:10C80000A94639D3EFF3118B402383F31288BFF38A
:10C810006F8F059AD8462AB129462046FFF79BFF1D
:10C820000023059304A92046FFF7C3FE0499B142F3
:10C8300007462AD32268E36913F8221021F0030186
:10C8400003F8221003EB8209216832462046FFF7E5
:10C85000D4FEE3682060984212D0002788F3118844
:10C86000BFF36F8F039929B162690AB120469047DF
:10C8700000230393002FC5D1484607B0BDE8F08FD1
:10C88000236943F008032361E7E718B12046FFF767
:10C89000CEFEE3E7009B5AEA03021CD0019102F0AE
:10C8A0008AFE0199B8B9BBF1000F14D187F3118842
:10C8B000BFF36F8F009B524604F12800FDF7EAFF9B
:10C8C000EFF31188402383F31288BFF36F8FB0FA20
:10C8D00080F77F09C2E705AB03AA20462568FFF76A
:10C8E000C3FE0746BAE770B50446836908460D469D
:10C8F00098470246EFF31186402383F31288BFF373
:10C900006F8F2B7843F001032B7061682046FFF78F
:10C9100074FE60602046FFF739FF86F31188BFF38D
:10C920006F8F70BD2DE9F04104464027EFF311866B
:10C9300087F31288BFF36F8F236913F0080FA36882
:10C9400002D16268934200D9226AE169D21A32B9EF
:10C9500086F31188BFF36F8F4FF0000833E011F8B2
:10C96000232012F0030001EB8308F1D0022803D149
:10C9700051F82350AD0805D1D00712D4A369404621
:10C9800098470546A1682A462046FFF736FE294605
:10C99000A0602046FFF73FFE86F31188BFF36F8F3C
:10C9A000C4E742F0020201F823204046A369A568CB
:10C9B0009847294602462046FFF71FFEA06086F3EF
:10C9C0001188BFF36F8F4046BDE8F081F8B504468B
:10C9D000836908460D4698470646EFF311874023C2
:10C9E00083F31288BFF36F8F2B786FF300032B70E4
:10C9F00023699B0705D5E268E36903EB82039D4247
:10CA00001AD12B786FF341032B70D4E9023199428C
:10CA100004D132462046FFF7F0FDA06031462046A3
:10CA2000FFF7F9FD87F31188BFF36F8F04F128003A
:10CA3000BDE8F840FDF7FABE2B6860F39F032B605A
:10CA4000F0E7EFF31181402383F31288BFF36F8F78
:10CA5000036913F0080F836802D14268934200D93A
:10CA6000026AD31A81F31188BFF36F8F181E18BFA3
:10CA700001207047038B13F0070305D10368002BD7
:10CA80000CBF002003207047022B05D1408BB0FA69
:10CA900080F0400980007047012B05D10368002B0E
:10CAA0000CBF0020052070470020704710B50C46D1
:10CAB00000B111B96FF0150010BD081D00F093F81A
:10CAC0000028F9D1A368032BF6D9F3E72DE9F0414B
:10CAD0000D4607461946281D90461E4600F097F859
:10CAE000044638B13346424629463846A446BDE896
:10CAF000F0416047BDE8F08110B4EFF311824024AB
:10CB000084F31288BFF36F8F416110BC0121F2F7EB
:10CB10003FBE38B50C46054658B151B10B6843B11C
:10CB20004B6833B11C22002102F05AFF2C61002017
:10CB300038BD6FF01500FBE770B505460E46FFF7F0
:10CB4000B5FF041E14DBEFF31182402383F3128838
:10CB5000BFF36F8F6B8B2C8B4FF6FF718B4204F002
:10CB6000070407D182F31188BFF36F8F6FF00A04B7
:10CB7000204670BD022C0CD101336B8382F31188E7
:10CB8000BFF36F8F0023224631462846FFF79EFFF2
:10CB9000EEE7062C14D8DFE804F004131313041A8C
:10CBA0000400002333606B683BB9C5E90066ACB98B
:10CBB00002212846F2F7ECFDDAE71E606E60F6E728
:10CBC00082F31188BFF36F8F6FF00404D0E782F314
:10CBD0001188BFF36F8F6FF08504C9E782F3118866
:10CBE000BFF36F8FC4E7034640B1426802F003020F
:10CBF000022A06D0032A04D0012A05D06FF01500BE
:10CC000070471A68002AF9D000209860704710B564
:10CC10004268816002F00302022A03464FF00004DA
:10CC200007D0032A02D05C60002001E018685C6035
:10CC300010BD18685C600028F6D0FEF761FEF3E7CF
:10CC4000704703785B075FBF03684288C3F34A23DA
:10CC500003EB12105DBF173020F0070080080020A2
:10CC600070470020704701F08ABF0346BFF35B8F17
:10CC700053E8000F421C43E800210029F8D1BFF31C
:10CC80005B8F70471FB50023CDE90201CDE900336A
:10CC90001A4619461846F3F7B1F905B05DF804FBDA
:10CCA0000120F2F755BF0020704770B5D2E9013678
:10CCB0009B1B8B420C4615460AD313680A46014655
:10CCC000981902F07FFEAB682344AB60204670BD2C
:10CCD0006FF01B00FBE770B50E461546194604467B
:10CCE00018B9BDE87040F2F733BF33B1C2F34A233D
:10CCF0001030120D184402F065FEC4E900562046BB
:10CD0000BDE87040F3F7C2B82DE9F3415F1C4FEA6C
:10CD10008708064608F1170020F0070080080C4637
:10CD20001546F2F789FF0023ADF805308DF807307E
:10CD30008DF8047068B10346019A43F8102FA8F1EA
:10CD400004012A46294452F8045B43F8045F8A42EE
:10CD5000F9D1A20102F4E07242EA482222F07F42B5
:10CD600022F47002002322F03F02314602B0BDE8F7
:10CD7000F041FFF7B0BF07B50123019201AAFFF709
:10CD8000C3FF03B05DF804FB07B5CDE90023022320
:10CD90006A46FFF7B9FF03B05DF804FB1FB5CDE9A4
:10CDA0000123069B039301AA0323FFF7ADFF05B000
:10CDB0005DF804FBF8B506460D4614461F4604B957
:10CDC000F8BD214628463A46B047241A0544F6E7FE
:10CDD00010B5426881680446D2E900230068FFF775
:10CDE000E9FF636800221A6010BD38B54B681A6805
:10CDF000CB689A4205460C4602D10846FFF7E8FF89
:10CE00006368BFF35B8F53E8002F511C43E80010A9
:10CE10000028F8D1BFF35B8FA3689D54002038BD74
:10CE20000A2838B504460D4602D10D20FFF7DDFF74
:10CE300029462046FFF7D9FF002038BD2DE9F043F1
:10CE4000054687B008460E8891F80090D1F8088012
:10CE50000C461746F3F722F9011EC6F38216C9F3F2
:10CE6000C2091EDB4846F3F723F8034621466088D3
:10CE700051F8102B0196C2F34A22002A01EB02045A
:10CE8000C0F30B1008BF00210022CDE90407CDE953
:10CE90000214009241462846F3F72CF907B0BDE88A
:10CEA000F0830023E2E743681B685B680020996118
:10CEB000704743681B681A685268536070472DE9D1
:10CEC000F04143681B685A68012111771D68D5E954
:10CED0000136D3E900482F681CB96B681C60BDE8B7
:10CEE000F081214630464246B847241A0644F3E70B
:10CEF00043681B681868F3F767BA70B543681D6824
:10CF00006B6898690C46F2F7FFFD214603460F2235
:10CF10002868BDE87040184701460068F3F752BB27
:10CF200008B5F3F7ABFBBDE80840F3F7CBBB0A4607
:10CF30000121FFF720BF00210120F3F743BB61B6B9
:10CF400062B680F31188BFF36F8F704772B600230B
:10CF500083F31188BFF36F8FBFF34F8F30BF62B67B
:10CF6000BFF36F8F704772B6002383F31188BFF34E
:10CF70006F8FBFF34F8F20BF80F31188BFF36F8F88
:10CF800062B67047202809D9B0F1004F08D801389F
:10CF9000B0FA80F0C0F11F004000704708207047D1
:10CFA0003E20704708B5D1E904319847002008BDFC
:10CFB00008B5F4F7A5F8002008BD704700230382E8
:10CFC0004369C3607047416A8968F4F705B9EFF3B4
:10CFD0001182402383F31288BFF36F8F00230B600D
:10CFE000436833B9C0E9001182F31188BFF36F8F32
:10CFF000704719604160F7E710B50346EFF3118100
:10D00000402282F31288BFF36F8F006828B15C68FA
:10D0100002681A60A04208BF5A6081F31188BFF30A
:10D020006F8F10BD027A01320272704703461846B4
:10D030005B68002BFBD17047426810B52AB10B46E4
:10D040001C465B68002BFBD16260416010BD10B5CF
:10D05000044620B90B7A01330B72084610BD034613
:10D0600018465B68002BFBD1FFF7E6FF2046F5E78B
:10D0700083680B440360704703680B6043684B6030
:10D0800083688B6070478388026819448180D01858
:10D09000704730B484880568A3188380281930BC91
:10D0A00002F090BC10B5838802685C1C8480D15467
:10D0B000D01810BD034600689A88401A11441860C1
:10D0C000998070478288521A03468280006808441B
:10D0D00018607047034600689A88521A01449A8083
:10D0E0001960704710B503681C880221FFF7EAFF3A
:10D0F000204610BD02688068101A70478388C28875
:10D100008168D21A03685B1AD01A704710B50C46B2
:10D11000017822788A428AB00FD06946F4F778F90C
:10D1200005A92046F4F774F910220DF115010DF14F
:10D13000010002F05DFC0AB010BD012A06D0022AEF
:10D1400007D072B940886388C01AF4E74068636802
:10D15000FAE71022611C01300AB0BDE8104002F06D
:10D1600047BC6FF01500E6E7042A0AD0102A0DD05C
:10D17000022A4FF0000315D103700B884380012071
:10D180007047012303700B684360F8E7022300F83F
:10D19000013B01F1100351F8042B40F8042B994294
:10D1A000F9D1ECE718467047012310B50621044673
:10D1B00000F8013BFBF7E0FC18B9A37963F03F03EB
:10D1C000A37110BD0B6803608B8883808B7983719A
:10D1D000037823F00203037070470078C0F3400027
:10D1E000704738B50446807AF3F7CCFF616905468D
:10D1F00049B1637ADB0704D4436A1B6820469B6805
:10D2000098470023636121462846BDE8384002F074
:10D21000D5B82DE9F04101F10C080C46054600F1A6
:10D220000C01404617461E46FFF726FF4046FFF713
:10D2300061FF012310FA87F068826B722F823946F2
:10D240004046FFF73FFFE3687360628A0023E360B4
:10D250007281638234602846BDE8F08138B5D1E937
:10D260000032DA600B684A895A820C460546086823
:10D27000F4F730F820461022002102F0B1FB2846D6
:10D28000BDE83840FFF7ADBF438A23B9C068B0FAA4
:10D2900080F040097047002070470F2807D80D28FC
:10D2A0000BD8052808BF032018BF02207047132899
:10D2B00003D01A2808BF0120F6E701207047FFF7C6
:10D2C0005ABDFFF761BD10B50346BFF35B8F53E84E
:10D2D000000F40EA010243E80024002CF7D1BFF31D
:10D2E0005B8F10BD0023F2F705BEBFF35B8F50E8E4
:10D2F000003F0B4040E80032002AF8D1BFF35B8FBB
:10D30000704738B504460D46F4F76EFA5F3005D124
:10D3100029462046BDE83840F4F7D8B938BD00208A
:10D32000704781767047704710B5038842889342F2
:10D3300019D8052B17D9B2F5486F14D88388B3F5DF
:10D34000FA7F10D2C088A0F10A0189B240F6764473
:10D35000A14208D801339BB25343B3EB800F34BFD3
:10D360000120002010BD0020FCE7002070470020B5
:10D37000704770B506460D4642F221000321F4F7CE
:10D380000FFD044618B9BDE87040F4F795B90321C4
:10D390000C30FFF778FE06808570214642F22100AE
:10D3A000BDE87040F4F782BE70B506460D4640F207
:10D3B00006400321F4F7F4FC044668B103210C3065
:10D3C000FFF761FE0680857021460022BDE87040AF
:10D3D00040F20640F4F764BF6FF0680070BDC368A8
:10D3E000187808B1F4F7C0B91846F5F759BB38B545
:10D3F0000221054642F21600F4F7D2FC044668B159
:10D4000002210C30FFF73FFE2B88038021460022CB
:10D41000BDE8384042F21600F4F742BF6FF06800F2
:10D4200038BDF8B507460E4642F2220006211546E1
:10D43000F4F7B6FC044678B106210C30FFF723FE62
:10D440003B8803804680858021460022BDE8F84065
:10D4500042F22200F4F724BF6FF06800F8BD2DE916
:10D46000F0478146884642F2320007219DF820A00D
:10D4700017461E46F4F794FC0546A0B107210C3070
:10D48000FFF701FEB9F80030038080F80280C77012
:10D490000671A0F805A029460022BDE8F04742F237
:10D4A0003200F4F7FDBE6FF06800BDE8F08708B504
:10D4B00000200021F4F788FE18B1BDE80840F4F719
:10D4C000EFBDBDE80840F6F7F5BD08B5072202F04C
:10D4D0008FFAB0FA80F0400908BDFFF74CBC002875
:10D4E0000CBF08460020704718B111B10846F5F787
:10D4F00059BC6FF01500704713B5044680B1062182
:10D500006846FBF739FB48B99DF80530694603F0DA
:10D510003F0320468DF80530FFF7E6FF02B010BD4F
:10D520006FF01500FAE7003818BF01207047034676
:10D5300010F4004F0CBF07200620DA0348BF00F0AC
:10D5400005009B0348BF00F0FB007047BFF35B8FF3
:10D550000068BFF35B8F704710B50346BFF35B8F66
:10D5600053E8000F00EA010243E80024002CF7D141
:10D57000BFF35B8F10BD012310B403FA01F1044621
:10D5800062B1BFF35B8F54E8003F0B4344E80032C5
:10D59000002AF8D1BFF35B8F10BC704710BCC943A1
:10D5A000FFF7DABF2DE9F04F87B005469DF84860D8
:10D5B000DDF840909DF844A00C46904600211022D2
:10D5C00002A81F4602F00CFAEEB9CDE9024801228A
:10D5D00002A942F20800F5F701FE044678B9BAF153
:10D5E000000F3ED11035BFF35B8F55E8003F43F08D
:10D5F000040345E80032002AF7D1BFF35B8F2046D1
:10D6000007B0BDE8F08FF4F747FD8346E4B937BBB8
:10D610005846F0F741FF0923012ECDE901B48DF8FA
:10D6200000308DF80100CDF80C80D0D1CDF810D0AD
:10D6300005960222CCE714F83320083A012A25D9AE
:10D6400001339845F7D1E2E70023FAE717F83320D2
:10D65000083A012A1AD901339945F7D1D8E70023AE
:10D66000FAE7022E4FF0010208BF059202A908BF97
:10D67000324642F2090008BFCDF810D0CDE9027958
:10D68000F5F7ACFD0028ADD00446B8E76FF01504FF
:10D69000B5E7436813F008000AD05A0307D403F42F
:10D6A000C063B3F5806F14BF0220012070470120D2
:10D6B000704770B5064686B00D4642F20A00012159
:10D6C000F4F76EFB0446B0B10C3095B10121FFF7C1
:10D6D000E9FC06F1100203A9204600950723F4F7A0
:10D6E0004DFB0022214642F20A00F4F7D9FD06B0B4
:10D6F00070BD2946EBE76FF06800F8E7183001F0DD
:10D7000047BFD0F8B000003818BF01207047084666
:10D7100089691160C2691A60C27A0021183002F06A
:10D720005FB9BFF35B8F0068BFF35B8F7047FFF794
:10D730002BBB73B50446CDE900320D4622B9D0F8B3
:10D74000A8606B4601AAB0472846F3F7C3FD019BCA
:10D7500023B100996FF06D022046984702B070BD6A
:10D76000837A072B01D1F6F7B5B870472438F6F75E
:10D7700041B9036800220BB9184670478B4210D19B
:10D780000B6842B942680360914200D143600023B4
:10D790000B600120704713604368994208BF4260E4
:10D7A000F5E71A461B68E6E710B50446006918B1AC
:10D7B000F3F790FD0023236110BD10B5034600F17F
:10D7C000C8021046FFF7ADFF80B1BFF35B8F411C6D
:10D7D00052E8004F844204D142E8001CBCF1000F23
:10D7E000F6D1BFF35B8FECD1184610BD0346FBE7C3
:10D7F0002DE9F84307460E46904600244FF0D00925
:10D80000B44203D100231846BDE8F88309FB047035
:10D81000FFF7D3FF034658B1857A012D02D0073DAB
:10D82000012D03D81A884245EDD01846F6F7A6FA1E
:10D830000134E5E710B5837A023B0446062B16D87F
:10D84000DFE803F009041515150B090041720021EA
:10D850002046F6F7BDFA002010BD0088FFF7A4FDB2
:10D860000028F9D1A37A072BF5D10821F0E76FF052
:10D870007F00F1E738B5037A8B420446154615D18F
:10D8800000F170010722284602F0B2F880B1E37877
:10D89000072243B904F17E01284602F0A9F8B0FA44
:10D8A00080F0400938BD04F17701F5E70020F9E781
:10D8B0000120F7E770307047F8B507460D4642F291
:10D8C00013000E21F4F76CFA0646D0B10E210C308D
:10D8D000FFF7D9FB0E220446002102F081F83B88B5
:10D8E00023802B8863806B88A380AB88E380EB88E0
:10D8F000238131460022BDE8F84042F21300F4F7DC
:10D90000CFBC6FF06800F8BD7047704710B400F1ED
:10D910004C030122BFF35B8F53E8001F43E8002450
:10D92000002CF9D1BFF35B8F41B9034653F8482B64
:10D930008164D2F8B41029B9C2E92C33006810BC54
:10D94000F6F772B90B60C2F8B430F7E710B50368A8
:10D95000D3F8B02042B1D3F8B4401168C3F8B01086
:10D96000A24208BFC3F8B4104C300023BFF35B8F52
:10D9700050E8002F40E800310029F9D1BFF35B8F58
:10D9800010BD70B5D0E9003504464BB3D3F8B020D4
:10D99000483000216AB1904234D1A26C51BBD3F817
:10D9A000B410C3F8B020884201D1C3F8B4200023DA
:10D9B000A36404F14C030022BFF35B8F53E8001F04
:10D9C00043E800200028F9D1BFF35B8F04F1300653
:10D9D000236BD3B96B680BB12046984700232360B3
:10D9E000E3680BB1204698472B6AB3B12046BDE8E7
:10D9F000704018470A60D3F8B420904208BFC3F8BB
:10DA0000B410D4E711461268C4E700220023304660
:10DA1000FCF7DAFEF3F75EFCDAE770BD38B5406B71
:10DA200030B150F8084904B1083CFFF7AAFF04B927
:10DA300038BDA5682DB12046083DFFF7A2FF2C4652
:10DA4000F7E72046BDE83840FFF79BBFF8B50F4623
:10DA500000210546164600234FF480320846F6F7AB
:10DA6000DBFE044620B92846BDE8F840F6F74CBE78
:10DA700004210C30FFF707FB0570477046802046F5
:10DA8000F8BD406B30B1838B8B42A0F1080001D010
:10DA90008068F7E7704710B54AB989B2FFF7F1FF20
:10DAA00028B143689B6913B1BDE81040184710BD09
:10DAB00038B50D460521FFF7E4FF00231A46294635
:10DAC000F6F7C2FE044610B12846F3F703FC2046E1
:10DAD00038BD406B30B183898B42A0F1080001D082
:10DAE0008068F7E7704770470346006828B15968B7
:10DAF00002681A60884208BF5A60704703460020D7
:10DB000003B970471A8A5B681044F9E710B5D46806
:10DB10002378023113B92170012010BD8B42FBD054
:10DB2000038A023B038200201061F6E7062070475B
:10DB3000FFF721B973B51446014605464FF49572B7
:10DB4000206800F0E6FC207500BB237A2068ABB1AA
:10DB5000A3F11802534253419B000193638A00933F
:10DB6000AE68238AE2682946B047002808DB238A8A
:10DB700098420ED100232375012008E00223ECE730
:10DB800010F1FF0F05D34042C0B22075002002B053
:10DB900070BD0E20F9E71FB5CDE9012300230093E6
:10DBA0001A46F8F785FA05B05DF804FBF8B59368F6
:10DBB000166805460F46144663B9506801210C30BB
:10DBC000FFF761FAA0602B681B78002B14BF0223BB
:10DBD00001230370A3681B78012B03D0022B1FD0F5
:10DBE00000201CE02B681B78002BF9D16068042111
:10DBF0000C30FFF748FAE06007802A68E368528833
:10DC00005A806168728D738B088A9A4294BFC0EB08
:10DC10000200C0EB0300042894BF00200120F8BDDF
:10DC20002B681B78022BDBD1606812210C30FFF7C8
:10DC30002AFAE06007802B68E268591C023211332F
:10DC400051F8040B42F8040B9942F9D16168728DC6
:10DC5000738B088A9A4294BFC0EB0200C0EB0300AA
:10DC60001228D9E770B405686A6A52B3136803B121
:10DC7000A83BA2F1A8040022114600E0A83B844280
:10DC800007D0668D648BB14238BF3146A24238BF9F
:10DC900022461C462BB1D3F8A830002BEED184428B
:10DCA000EFD1438D408B8B4201D890420BD98242F9
:10DCB00038BF02469942286838BF194670BCF8F749
:10DCC00039BE1146EDE770BC7047D0680378043167
:10DCD00013B90170012070478B42FBD091680B8A09
:10DCE0000020043B0B82106170472DE9F04F044681
:10DCF00085B0104690469946FFF700FF638B628D12
:10DD0000934228BF134683428B4640F29380636858
:10DD100003934046FFF78AF94FF0000A0646404653
:10DD2000FFF7ECFE628B638D06F10C079A4294BFFD
:10DD3000C0EB0205C0EB03053846FFF7DFF985426B
:10DD400017D24046FFF7DAFE628B638D9A4294BF8A
:10DD5000C0EB0205C0EB03058DBB98F80A00F3F792
:10DD600011FA00220023FFF72EF9064630B9574674
:10DD700036E03846FFF7C2F90546EDE70146404672
:10DD8000FFF765F94046FFF7B9FE628D638B06F138
:10DD90000C079A4294BFC0EB0205C0EB030538465E
:10DDA000FFF7ACF985421FD24046FFF7A7FE628D10
:10DDB000638B9A4294BFC0EB0205C0EB0305F16888
:10DDC000328ACDF80090DBF8047003980A44ABB2B5
:10DDD0005946B847071E0CDABAF1000F18BF57466C
:10DDE000384605B0BDE8F08F3846FFF787F905469D
:10DDF000E5E70E9BB3B9394606F10C00FFF743F98E
:10DE00004046FFF77BFE638D628B934228BF13462B
:10DE1000B9448342BA441FFA89F9A8D9AF423FF402
:10DE20007EAFA4E70F9A0E9B3946304698470028EC
:10DE3000E1D19CE70027D3E70368002203B97047CC
:10DE40008B420FD10B683AB942680360914200D10E
:10DE5000436000230B60704713604368994208BF1A
:10DE60004260F6E71A461B68E8E706207047BFF3F2
:10DE70005B8F50E8003F43F0080240E80021002992
:10DE8000F7D1BFF35B8FC3F3C000704773B516685B
:10DE9000054600237068137314462946952200F046
:10DEA00038FB207380B9CDE900002946A388A26819
:10DEB0003046FFF71AFF002809DA10F1FF0F26BFDE
:10DEC0004042C0B20E202073002002B070BD01207D
:10DED000FBE72DE9F34116680746002370681373CA
:10DEE00014463946952200F014FB0546207308BB02
:10DEF000A068718D728B038A914294BFC3EB0103BA
:10DF0000C3EB0203012B15DD02210C30FFF7BBF838
:10DF1000CDE900558046A388A26839463046FFF710
:10DF2000E4FE031E0ADA13F1FF0F26BF5B42DBB2E9
:10DF30000E232373002002B0BDE8F081A8F8003062
:10DF40000120F8E72DE9F04104468868FFF7D6FD87
:10DF5000638D628B934228BF134683420D461DD3C7
:10DF6000E165D1F8088000278F60FDF7C9F84146C8
:10DF70002046F7F77DF8064638B1C5F80880E76512
:10DF8000FDF7D2F83046BDE8F081618D638B994290
:10DF900028BF1946284600F0DCFAF1E76FF0790651
:10DFA000F0E738B5BFF35B8F0B68BFF35B8FDB0720
:10DFB000054617D550F8040CA0B1AB6D93B90430E9
:10DFC000FFF792FD044668B10146281FFFF7BAFF2C
:10DFD000002807DA55F8043C5A6822609A685C60A9
:10DFE00002B99C6038BD2DE9F041446A07463CB354
:10DFF00054F8A86906B1A83E00231D4607F104089D
:10E0000001E034461646E26D9AB905B98BB940462F
:10E01000FFF76AFD054658B101462046FFF792FF1B
:10E0200000280DDA7B682B60BB687D6003B9BD609A
:10E0300023462EB1D6F8A820002AE2D0A83AE0E77D
:10E04000BDE8F08170B504460E4600220023084664
:10E05000FCF7BAFB054658B101462046F7F708F829
:10E06000044618B12946304601F0A8F9204670BD93
:10E070006FF00104FAE7F8B50546071F00F15403F5
:10E0800050F8044CBFF35B8F53E8001F21F00401EC
:10E0900043E80012002AF7D1BFF35B8F04B3AB6DE6
:10E0A0008BB963687BB1201DFFF71EFD0146064654
:10E0B0003846FFF747FF002812DA63683360A36829
:10E0C000666003B9A66005F15C013846FFF7BAFF48
:10E0D00030B104F10C013846BDE8F840FFF7B2BF9B
:10E0E000F8BD38B504460D46F6F7C2FF30B12946F3
:10E0F00004F16000BDE8384001F055B938BD2DE9A4
:10E10000F041884617460121042205461E46F6F7CF
:10E11000A1FE044670B104210C30FEF7B4FF80F874
:10E120000080A0F80170C67021462846BDE8F04185
:10E13000FFF7D7BFBDE8F08137B50C46054601F1C2
:10E140000C00FEF7CFFF228A0192E268009203469C
:10E15000132212212846F7F7E7F803B030BD37B590
:10E160000C46054601F10C00FEF7BCFF228A019225
:10E17000E26800920022034611462846F7F7D4F8D9
:10E1800003B030BD07B5CA681388528800920C21CD
:10E190000D22F7F7C5FA03B05DF804FB07B5CB68AD
:10E1A00000221B8800920A210B22F7F7B9FA03B06C
:10E1B0005DF804FBF8B5CB681F88BBB2162B05468B
:10E1C00019D90321F7F768F90646B0B102210C30DE
:10E1D000FEF759FF00246FF00803037044703146C6
:10E1E0002846FFF77EFFF72328466B836F85FFF7EE
:10E1F00039FD2046F8BD0420FCE70E20FAE7F7F7CA
:10E20000D9BE0A8AC9680023F7F750BC70B50E461C
:10E21000F7F7EAF8044628B93046F3F75BF86FF0F1
:10E220007F0070BD00F10C052846314601F0BBF8B7
:10E23000606A38B150F8A84904B1A83C2946FFF7F4
:10E2400001FF20B90020ECE71C466FF00100002C14
:10E25000F8D0D4F8A83023B90230F5D020461C46B7
:10E26000ECE7A83BF8E738B505460C46FCF748FF55
:10E270002846F7F7B9F820B9FCF756FF6FF07F0092
:10E2800038BD0023236083683BB9C0E90144FFF730
:10E29000AAFEFCF749FF0020F2E71C608460F6E765
:10E2A00010600020704710B5029CA36833B1B1F52F
:10E2B000807F28BF0E21CAB221469847A37DE2681D
:10E2C000013BDBB2A37522B11BB92046BDE810406B
:10E2D000104710BD1060918000207047FEF74BBDC5
:10E2E00070B50D46064611F8010BF6F7B5F8044671
:10E2F00010B12C89F5F742FD6B89A34207D0EB687A
:10E300006C8123B121463046BDE87040184770BD8E
:10E3100010B5144632B900F17001007AF7F7EEFC3F
:10E3200000B1846010BD70B500F17006054631463D
:10E33000007AFFF71CF804463146287A3CB1F7F71B
:10E34000DDFC18B1002303604360836070BDF7F704
:10E35000D5FC0028FAD0046044608460F6E7022A05
:10E3600010B508D1002300F170011A46007AF7F7C2
:10E37000D7FC022010BDFFF7D6FFFAE738B5BDF88D
:10E3800010409442154611D374B123B92046BDE81C
:10E390003840F7F715BDA21A8A42A8BF0A4694B2C0
:10E3A0002246591901F00EFB204638BD6FF00600D9
:10E3B000FBE71FB50C461946E3681C781046BDF80C
:10E3C00018203CB110240133069404B0BDE810407D
:10E3D000FFF7D4BF5B88ADF80E30022300930DF138
:10E3E0000E03FFF7CBFF04B010BD2DE9F04114463A
:10E3F0001D46BDF81870F3F74FFE0646F0F74CF8CF
:10E4000080B2069033463A4629462046BDE8F041A0
:10E41000FFF7B4BF30B585B014461D46FEF7A5FF23
:10E420000223ADF80E000093BDF820200DF10E037D
:10E4300029462046FFF7A2FF05B030BD30B585B0B4
:10E44000C96814461D46F7F737FD00B10089ADF8DD
:10E450000E0002230093BDF820200DF10E03294683
:10E460002046FFF78BFF05B030BD13B5044610B949
:10E47000002002B010BD00238DF80430006842F681
:10E48000030301A9ADF80630FEF740FE0028EFD1E6
:10E49000E36898880028ECD12046F7F7D9FD0130D1
:10E4A00080B2E6E770B5CC6888B008461E46A3790E
:10E4B0008DF80C301546FFF7D8FFADF80D00246835
:10E4C00023786BB96388ADF80F3005230093BDF84E
:10E4D000302003AB31462846FFF750FF08B070BD2F
:10E4E000631C0DF10F02113453F8041B42F8041B96
:10E4F000A342F9D11323E9E71FB5CDE90123002396
:10E5000000931A46F7F7D4FD05B05DF804FBF7F762
:10E510006FBA4B8A12F0010FC3F30E0304D013F04D
:10E52000950F10D0486870B112F0020F04D013F4A8
:10E53000957F0AD0896841B1134013F4DE7F14BF80
:10E5400005200020704702207047032070470120FB
:10E55000704770470021F8B54FF0FF324FF0FF339E
:10E5600005460846F6F758F900F10C070446012164
:10E570003846FEF788FD0526067001213846FEF76D
:10E5800082FD002306701A4621462846F6F75CF9FC
:10E5900010B12046F2F79EFE0020F8BD6FF0850016
:10E5A0007047002070470369C9B20C2201FB023397
:10E5B000186C00F00700704770B5C9B20369EFF33B
:10E5C0001185402484F31288BFF36F8F0C2606FB5D
:10E5D0000134246C14F0C00408D0A24206D085F3A4
:10E5E0001188BFF36F8F4FF0FF3070BD71430B4444
:10E5F00001221A6485F31188BFF36F8F43680B44BF
:10E600005B6898470020F0E78022FFF7D5BFF8B598
:10E61000069F0469C9B2EFF31186402585F312887D
:10E62000BFF36F8F0C2569430C44256C05F0070C74
:10E63000BCF1010F0BD1276486F31188BFF36F8FF4
:10E64000C4E90E2343685B5898470020F8BD05F0E5
:10E65000C005AF4286F31188BFF36F8F0CBF6FF018
:10E6600077004FF0FF30F1E713B580240094FFF7F7
:10E67000CEFF02B010BD10B40069CBB21C2403FB66
:10E680000400002110BC1047002000F04BBB1046D6
:10E69000FCF7CCB80020704708461146F3F7D8BE07
:10E6A00043685B68D3F810350B60002070474368FF
:10E6B0005B6802EA010021EA0201C3F80805C3F819
:10E6C0000C150020704743685B680020C3F80815EC
:10E6D000704743685B680020C3F80C1570474368B7
:10E6E0005A68D2F8043521EA03000B40C2F8080545
:10E6F000C2F80C350020704710B503695868F8B1AE
:10E70000884219D19C6808685860A14200D198607D
:10E71000002008602AB15A680A609A68596002B9F4
:10E720009960002010E0814206D108682060986856
:10E730008142EDD19C60EBE7044600680028F2D1ED
:10E74000002AE8D16FF0150010BD37B5044600224D
:10E7500001210320F2F7DEFA6368DD6901AA0021D6
:10E76000284600F012F800280DDB019B2A68197971
:10E770001868F8F7E1FE002805DB204603B0BDE885
:10E780003040F8F72BBE03B030BD30B5436813609E
:10E79000057A446804EBC504A34202D36FF001007C
:10E7A00030BD5C798C4201D00833F0E70020F7E7F8
:10E7B00043681B68D3F88004C3F88004704742683C
:10E7C0001368D3F8100150B1D269002012780A7092
:10E7D000C3F81001D3F8102101221A6070474FF0DE
:10E7E000FF307047002A0FDD42681368D3F810012C
:10E7F00058B10020C3F81001D269D3F81001127883
:10E800000A700120186070470020704710B54368F7
:10E8100019680369EFF31182402080F31288BFF377
:10E820006F8F1868002484731B680120D8734FF41D
:10E830008003C1F8043382F31188BFF36F8F10BDDA
:10E8400003691A68012191731B680022DA7370470B
:10E85000026911680346C87B40B15B681B68D3F846
:10E86000580118B100230B611368988970474368F9
:10E870001B68D3F81001003818BF012070474368A7
:10E880001B681022C3F80423704743681B681022DA
:10E89000C3F80823704743681B684FF40072C3F83D
:10E8A0000423704743681B684FF40072C3F80823C1
:10E8B000704738B543681D68D5F804335B020446D9
:10E8C00005D4D5F8040310F0100006D138BDFFF7C9
:10E8D000BFFF0028F5D00120F8E72046FFF7C7FF6B
:10E8E000003818BF0120F1E701207047036918685C
:10E8F00001601B685A60704703680822C3F800254E
:10E90000017A51B9C269C3F834250122C3F8382508
:10E91000C3F81011D3F810111A60704710B543688E
:10E920001C68C4F84415C4F848250022C4F8202106
:10E93000D4F82011C4F858215B68D4F858215A073C
:10E9400009D50269936843F001019B07916002D1E8
:10E950004068FFF7D1FF0123A36010BD02680346A2
:10E96000D2F8580140B95B68DB0706D4D2F8200121
:10E97000003818BF0120704701207047F8B50669BC
:10E9800033689C89BFF35B8F9442A8BF1446054649
:10E990001033012253E8000F002803D143E8002779
:10E9A000002FF7D1BFF35B8F0CBF134600231ED19E
:10E9B00033682246986801F005F8EFF31187402389
:10E9C00083F31288BFF36F8F6868FFF7C7FF336860
:10E9D00038B91861044687F31188BFF36F8F20465A
:10E9E000F8BD996822462846FFF798FFF3E71C46D2
:10E9F000F5E770B4416802690B68D3F80443E40595
:10EA000017D5D3F82041A4B1EFF31184402585F345
:10EA10001288BFF36F8FD3F8205135B10025C3F8AA
:10EA20002051D3F820510125DD6084F31188BFF314
:10EA30006F8FD3F8584124B91168002933D170BCC5
:10EA40007047496849071CD5EFF31185402181F3D0
:10EA50001288BFF36F8F0469A16821F00106A660D8
:10EA600011F0020102BF44682468C4F8001511685F
:10EA700019B94FF48001C3F8081385F31188BFF367
:10EA80006F8F11680029DAD000240C611168C97BEE
:10EA900019B94FF48001C3F8081311688C7B14B1C5
:10EAA00000238B73CBE7D3F8241121B10021C3F8E5
:10EAB0002411D3F8243112681368002BBFD070BC26
:10EAC00051681847002201210420F2F723B910B53C
:10EAD000036804468BB19A687AB1186900F0D5FAD8
:10EAE000236898681B7B0121994003691B681942C0
:10EAF00083680CBF1B69DB689847A36933B96360FF
:10EB000004F11000BDE81040FBF790BE10BD08B541
:10EB1000006903688B4203D1FFF7D9FF002008BDCD
:10EB20006FF01500FBE70378012B06D10B694268F3
:10EB30001A6403F12800FBF779BE704738B551F825
:10EB40001C3C5B680C46186B93F8341083689D6915
:10EB50001DB100234FF40012A847A4F11800BDE82E
:10EB60003840FBF763BE00F150039B009BB203F1FA
:10EB7000804303F5883300221A601B68704708B58C
:10EB8000F9F714F908BD10B54FF0FF304FF0FF3121
:10EB9000F9F7A8FA044628B9E1F73CFC044618B195
:10EBA000F9F7A8FA204610BDF9F7A4FA2046F2F7C3
:10EBB0008BFCF7E738B50B8A0D467BB30B7E012B38
:10EBC00014D0042B2AD14FF0FF304FF0FF31F9F76A
:10EBD00089FA044640B9E868ECF7EEFA0446F9F71A
:10EBE00089FAB4B1F9F78CFA204638BD4FF0FF30FE
:10EBF0004FF0FF31F9F776FA04460028F4D1E868BF
:10EC0000F9F76CFC0446F9F775FA002CECD1F9F72A
:10EC100077FA2846F2F75EFB0024E5E76FF015046B
:10EC2000E2E7F9F7B7BB10B531220446002100F046
:10EC3000D7FE202323708023A3706FF03F036371FE
:10EC40000423A3722823A3730223E3730423A3756D
:10EC50006FF0080363766FF03C03A3766FF00C034C
:10EC6000E3767E232377302384F820306FF03F0350
:10EC700084F82130012384F822306FF0070384F8F0
:10EC80002330012384F82430802384F82630402365
:10EC900084F82D3010BD002303604360037823F017
:10ECA0003D0343F03D030370437823F0410343F0F9
:10ECB000410343707047684620F007018D4601B557
:10ECC000E9F70AFBF1F7FEFCBDE801408546704715
:10ECD00008B54FF0FF314FF0FF30F9F703FAEFF7C7
:10ECE000BDFBBDE80840F9F705BA684620F007010A
:10ECF0008D4601B5E9F7BCFABDE80140854670478D
:10ED0000684620F007018D4601B5E8F7DDFFF1F711
:10ED1000D9FCBDE801408546704708B5EFF7E5FA34
:10ED2000002008BD012801D1E8F7D6BD7047704723
:10ED3000E8F7E8BB4FF08053D3F83001421C04BF22
:10ED40004FF0704393F8E00F831F584258417047CB
:10ED5000004700F09AB9C00000F1804000F5F8309B
:10ED6000C0F81015C0F814257047FAF7D9BC03682D
:10ED700003F01F025B0902600CBF4FF0A0400020AF
:10ED80007047F7B5019001A8DDE9084716461D4612
:10ED9000FFF7EDFF019BB6F1000C18BF4FF0010C1F
:10EDA00000EB83000B1E18BF0123002D43EA4C0328
:10EDB00014BF4FF00C0C4FF0000C002C43EA0C0376
:10EDC00014BF4FF4E06C4FF0000C002F43EA0C032B
:10EDD000D0F8002714BF4FF4403C4FF0000C43EA3A
:10EDE0000C0322EA030301B109780EB136787600EC
:10EDF00019430DB12D78AD0031430CB124782402B4
:10EE000029430FB13F783F040C433C43C0F800470F
:10EE100003B0F0BD1FB50DF10F03019300238DF872
:10EE20000F1000931A461946FFF7ABFF05B05DF8C7
:10EE300004FB024611F0010007D04FF0A041D1F8C9
:10EE400020351360C1F8203503B900207047FAF768
:10EE50008DB9FAF76BB9704700B54A7D022A89B0BF
:10EE6000D3B207D0032B0FD0012B00D1436209B0DE
:10EE70005DF804FB0023CDE902338DF804308B6884
:10EE8000896901A89847F2E701238DF80430D0F88A
:10EE90003C350293D0F84C350393CB6804930B694F
:10EEA00005930B6806934B680793E8E770B54FF43A
:10EEB000803405688C4073B18B0003F5A073002685
:10EEC000EE50EB580368C3F80443036801F5A871DA
:10EED00043F8212070BDC5F80843F6E7F0B4076891
:10EEE00040F20116D7F800528E4025EA0605C7F811
:10EEF00000520468D4F800522B43C4F800329DF845
:10EF00001030F0BCFFF7D2BF30B5D0F804312BB1D0
:10EF10000023C0F80431D0F80431012391F82F20E8
:10EF200022B30022C0F82421D0F82441C0F81C21CB
:10EF3000D0F81C41C0F80821D0F80821002B79D066
:10EF4000002281F82D2091F82F20002A37D14D6B17
:10EF50008C6AA5421FBF0523C0F80025C0F8003504
:10EF6000134683F0010381F82F3028E0D0F82441C4
:10EF700014B1C0F824210EE0D0F81C216AB3C0F807
:10EF80001C41D0F81C214A6B01324A63D0F824514D
:10EF900045B1C0F82441D0F824210122426181F812
:10EFA0002F20CBE78C6AA24204D24C6AA25CC0F844
:10EFB0001C25C3E791F82C201AB10123C36100205E
:10EFC00030BD0A6A12F0400F4FF0010203D0C26157
:10EFD00081F82D20F3E74261B0E7D0F80841002C1A
:10EFE000ACD0C0F80821D0F80841D0F82441002C5A
:10EFF000BFD14A6B8C6AA242A0D24C6AD0F8185595
:10F00000A5544A6B8C6A0132651EAA424A6308D134
:10F010000A6A540602D40222C0F8002201220262C7
:10F020008CE7A242FAD10A6A520687D5022381F8F8
:10F030002D30C4E70120C3E7036803F01F025B091A
:10F0400002600CBF4FF0A0400020704707B5019050
:10F0500001A8FFF7F1FF019A01239340C0F808359A
:10F0600003B05DF804FB08B5FBF7D2F8002008BD3B
:10F07000EFF31180402383F31288BFF36F8F704743
:10F0800080F31188BFF36F8F704708B1F2F74AB968
:10F090007047704740B1C368587810F001001EBF38
:10F0A0001878B0FA80F040097047EFF311834023DD
:10F0B00083F31288BFF36F8FFEE710B5D0E90034F9
:10F0C00033B90020E268537843F00103537010BD58
:10F0D000204698470028F4D00028B8BF4042E36893
:10F0E000FF28A8BFFF201870ECE700F079BC00F003
:10F0F00069BC704710B400F10C04C0E9034410BCB3
:10F10000FDF78BB92DE9F04F89B0DDE912670546AF
:10F110003B46914606A83246059100F07FFBDDE9AB
:10F12000063405F1140ACDE90234EFF311844FF0EF
:10F13000400888F31288BFF36F8F05F10C0B059917
:10F140004A462846FDF7F5F830B184F31188BFF33D
:10F150006F8F09B0BDE8F08F3E43F6D0DDE90223A2
:10F1600006A800F07FFBDDE906675A46CDE9006797
:10F1700021465046FBF724FFEFF3118488F31288F1
:10F18000BFF36F8FDBE738B50446EFF311854023FB
:10F1900083F31288BFF36F8FFDF782F804F10C0040
:10F1A00000F0ADFA30B1294604F11400BDE8384052
:10F1B000FBF780BF85F31188BFF36F8F38BD4169BE
:10F1C000836843EA010212F003020FD1C2600269B0
:10F1D000013A01FB023382689A4201D9002070474C
:10F1E000C2681A604269C3609B1AF4E76FF01500A9
:10F1F00070472DE9F04105460F46EFF31188402393
:10F2000083F31288BFF36F8FC668F6B90468A04213
:10F210001BD0D4B1D4E9003213605A60637BA6607E
:10F2200023F002036373C4E9006604F1180000F0E0
:10F23000CEFA2046E667676100F002FA414605F122
:10F240000800BDE8F041FBF735BF3E60AB69EF60F9
:10F25000013BAB6188F31188BFF36F8FBDE8F0818C
:10F2600008B54024EFF3118384F31288BFF36F8F46
:10F27000FDF76CFEF6E790F90E308B4201D0FBF7FC
:10F28000CBBE00207047D0E9003213605A60427B49
:10F29000002322F00202C0E900334273836070470A
:10F2A0002DE9F843914604469DF820200D4600F1D3
:10F2B0000807EFF31188402181F31288BFF36F8FA5
:10F2C00002B14568A668B74214D09EB13046FFF738
:10F2D000DAFF06F1180000F07AFA0023F367C6F8A7
:10F2E0001490304600F0ACF938464146FBF7E2FE98
:10F2F00000200BE0E3B108210020FCF729FB38B91E
:10F3000088F31188BFF36F8F6FF00B00BDE8F883AF
:10F310000122C0F804900260016801F003015DB9A8
:10F3200022680A430260626820606AB960600BE08C
:10F33000C9F800304846EFE72A68032A10D8016070
:10F34000616839B9C4E90000042104F1100000F03B
:10F3500018FBC9E70A6802F0030202430A60E5E706
:10F3600022F003020A4302602A6802F0030240EA24
:10F3700002032B60E8E710B5044630B1026893073A
:10F3800003D0446809B100F016FB204610BD0023ED
:10F39000C0E9003300F10803C0E9023300F11003B3
:10F3A000C0E90433704707B50123009300230A46E0
:10F3B0001946FFF775FF03B05DF804FB07B500239E
:10F3C0000A4600931946FFF76BFF03B05DF804FB94
:10F3D00000680021FFF7CFBF5AB18A4209D300F17C
:10F3E0001003C0E90212C0E90000C0E904330020A4
:10F3F00070476FF015007047026801238B4022EAC6
:10F400000303036022FA01F000F001007047704727
:10F4100010B5032104460C30FFF7EEFF30B104F1C4
:10F42000100000F0D4F9B0FA80F0400910BD20B10E
:10F4300000221146883000F08FB9704770B5C3685C
:10F44000C3F340069B07044616D4856802210C309E
:10F45000FFF7D2FF80B1D5F880206AB194421DD168
:10F4600022689EB9D5F88430C5F880209C4201D12D
:10F47000C5F8842000232360E36813F01F001EBF3B
:10F4800043F00203E36040F0020070BD3260D5F843
:10F490008420944208BFC5F88460EBE716461268E2
:10F4A000DBE773B50446EFF31185402383F312883D
:10F4B000BFF36F8F0023A0F11006032104380193DE
:10F4C000FFF79AFF28B1A369019301A93046FBF722
:10F4D000FDFA85F31188BFF36F8F02B070BD38B5A8
:10F4E00004460D461022002100F07AFA656038BD0E
:10F4F00013B501900846EFF31184402383F312887B
:10F50000BFF36F8F01A9FBF7E1FA84F31188BFF312
:10F510006F8F02B010BD10B5FFF7EAFF041E08DDC3
:10F52000EFF31180402383F31288BFF36F8FFBF753
:10F53000D3FD204610BD70B50D46EFF31186402374
:10F5400083F31288BFF36F8FFBF71AFB044686F331
:10F550001188BFF36F8F38B14FF0FF324FF0FF3398
:10F5600005F11000FBF796F9204670BD08B5A02202
:10F57000002100F035FA08BD38B5302204460D46AA
:10F58000002100F02DFA4FF480736560E36038BD10
:10F5900038B50446EFF31185402383F31288BFF397
:10F5A0006F8FFFF735FF2046FFF748FF85F311887F
:10F5B000BFF36F8F38BDEFF30580003818BF01200F
:10F5C00070476FF05700704700207047D0E9003255
:10F5D00013605A600023C0E90033704708B5FFF795
:10F5E000F5FF437B23F0020343730023836008BDD0
:10F5F00038B504460D46FBF771FC637B43F002030C
:10F600006373E5B1A5602B689D4209D16B68C4E9BD
:10F6100000531C606C6012E06A689A42F6D01B6866
:10F62000002BF3D094F90E2093F90E108A42F3D0F8
:10F630009142F1DD5A68C4E9003214605C6038BD63
:10F6400010B5EFF31184402383F31288BFF36F8F5B
:10F65000FBF7FCFB84F31188BFF36F8F10BD08B577
:10F66000EFF31181402282F31288BFF36F8F83681A
:10F670000BB1FFF7B3FF81F31188BFF36F8F08BDA4
:10F6800010B50146EFF31184402383F31288BFF3D2
:10F690006F8F437B13F0280F0AD183680BB1FFF7FC
:10F6A0009DFF4B7B23F004034B730846FBF7CEFB17
:10F6B00084F31188BFF36F8F10BD01211838FFF755
:10F6C000DFBF08B50346EFF31181402282F31288B1
:10F6D000BFF36F8F0068834207D008B1FFF77EFF4A
:10F6E00081F31188BFF36F8F08BD0020F8E710B5D4
:10F6F000FFF7B5FFBDE81040183000F068B838B526
:10F7000004680546AC424FF0000000D138BD002C23
:10F71000FCD02046FFF7EBFF2046FFF791FF2C6857
:10F720000120A542F1E738B50C460546FBF77CFD04
:10F73000B4F1FF3F08BFB5F1FF3F1FBF47F6FF73AE
:10F7400000224FF47A71C0FB01321ABFD80B40EA95
:10F7500042404FF0FF3038BD38B5EFF311854023FC
:10F7600083F31288BFF36F8F0468A04212D09CB15C
:10F77000E16762612046FFF731FF04F1180000F0F5
:10F7800026F82046FBF762FB012085F31188BFF3C2
:10F790006F8F38BD0020F8E72046F6E710B5FBF77D
:10F7A000EBFE0446FBF7F0FE74B1D4E904321B1AF9
:10F7B00062EBE072B3F1004F72F1000104DA002A4B
:10F7C000ACBF1846002010BD6FF00040FBE738B515
:10F7D0000246EFF31185402383F31288BFF36F8F46
:10F7E000036893B1FBF7C8FE04461046FBF7D6FE4C
:10F7F000844204D1FFF7D2FF0021F8F73BFC002040
:10F8000085F31188BFF36F8F38BD6FF01500F7E7F0
:10F8100008B5FBF7B3FF08BDFBF7B0BFB3F1FF3F7F
:10F8200008BFB2F1FF3F70B504461D46164613D01F
:10F830001A4315D06FF00102921B4FF0FF3363EBB8
:10F840000501002904DAFBF799FF821941EB050154
:10F85000C4E90021204670BD4FF0FF321146F7E7A2
:10F860000022FBE7B3F1FF3F08BFB2F1FF3FF8B55D
:10F87000074616461C4610D054EA020311D0FBF787
:10F880007DFFB0420A46A14103460AD2F31A64EB57
:10F890000204C7E900343846F8BD4FF0FF331C4678
:10F8A000F7E70023FBE70023C0E9081200F1180284
:10F8B000C0E90622C0E9003303634363704710B513
:10F8C0000446FFF784FFA8B9636A0BB12046984746
:10F8D00004F11800FFF7F5FE60B1FFF7B1FEEFF39A
:10F8E0001180402383F31288BFF36F8FBDE810406F
:10F8F000FBF7F2BB10BD2DE9F041846805460E46CA
:10F90000ECB16378012B25D114F8533C9A0714D538
:10F91000A4F160073846FFF7EAFE082E0CBF6FF02F
:10F9200003030023E36114F8533CDB0605D154F8CC
:10F93000483C13B93846FFF783FE00232370EB6879
:10F94000C3F386321643002066F39433A860EB605D
:10F95000BDE8F081022BF0D12378002BEDD054F8D4
:10F96000048CB8F1000FE8D004F11400FFF72FFF6A
:10F97000A4F114070023E36239464046FFF7B8FDBF
:10F98000DBE710B50346EFF31184402282F31288BF
:10F99000BFF36F8F0068834208D0D0E90032136054
:10F9A0005A600023C0E90033FFF7A5FF84F31188F4
:10F9B000BFF36F8F10BD20B1011F50F8040CFFF78B
:10F9C000E2BB70470A44914200F1FF3300D1704717
:10F9D00010B511F8014B03F8014F9142F9D110BD58
:10F9E00002440346934200D1704703F8011BF9E734
:10F9F00010B501390244904201D1002005E003789E
:10FA000011F8014FA34201D0181B10BD0130F2E7DD
:10FA100010B5024601448A42134603D01C780132D5
:10FA2000002CF8D1181A10BDF0B5C3F13707044601
:10FA3000FFB203F01F031046082BE6B233D0102BA1
:10FA40003ED06508A40844EA817445EAC1752D19C1
:10FA50004FEA910242EB5102290941EA02716D1805
:10FA600042EB1212290A41EA02616D1842EB12229E
:10FA7000290C41EA02416D1842EB1242AD1842F1E5
:10FA80000002EC0844EA4274D10804EB8402A6EBBD
:10FA90004205EDB2092D0CD90134A5F10A0541F159
:10FAA0000001EDB212E0E40844EA417406F00705F3
:10FAB000C908303554EA010200F8015BBCD1F0BD41
:10FAC000240944EA017406F00F050909092D84BFD1
:10FAD000ED19EDB2EDE7D1E9043293421EBF5A1C95
:10FAE0000A61187070470000014800687047000004
:04FAF000E07700209B
:08FAF40094E9FE7F010000000F
:10FAFC000D13010000000000316A0100A4FB01009D
:10FB0C0067F001000000000095A501000000000056
:10FB1C00B9A5010000000000F16F0100B8FB010065
:10FB2C00A58B0100000000001BED0100000000008F
:10FB3C0095E60100E0FB01000D6F0100CCFB01001C
:10FB4C0009770100F4FB0100F96C010000000000D2
:10FB5C00217F0100000000003913010000000000AB
:10FB6C0011FA000000000000291101000000000043
:10FB7C00B582010008FC0100598C01000000000056
:10FB8C004DA90100000000004BE701001CFC010026
:08FB9C000978010030FC0100B2
:10FBA4001A260200D4060200D0FD0100DE0B00205C
:10FBB4008C79002062260200EC0602008CFD010014
:10FBC400E40B0020347A00204326020000000000E9
:10FBD40084FD0100E00B0020E079002053260200A0
:10FBE400000000007CFD0100E20B0020000000008A
:10FBF4000D27020040070200ECFD0100E80B002085
:10FC0400A80A0020C429020000000000DC0702004A
:10FC1400EC0B00204C7A002074260200040702003A
:10FC2400B0FD0100E60B0020700A002071280200DC
:10FC34007C070200C8FD0100EA0B0020CC0A00206A
:10FC440031ED010051ED01000000000037CF01004B
:10FC5400F4FB0100F3E90100619F010051ED010093
:10FC6400F199010051ED01000000000037CF0100BF
:10FC7400C195010051ED01000000000037CF0100E3
:10FC84000000000037CF01000000000037CF010062
:10FC94000000000037CF01000000000037CF010052
:10FCA4000000000037CF0100E07900207D6F0100E3
:10FCB4000000000037CF01000000000037CF010032
:10FCC4000000000037CF010000000000B17F0100F8
:10FCD4000000000037CF01000000000037CF010012
:10FCE4000000000037CF01000000000037CF010002
:10FCF4000000000037CF01000000000037CF0100F2
:10FD04000000000037CF010000000000FD8B01005F
:10FD14000000000037CF01000000000037CF0100D1
:10FD24000000000037CF01000000000037CF0100C1
:10FD34000000000037CF01000000000037CF0100B1
:10FD44000000000037CF01000000000037CF0100A1
:10FD54000000000037CF01000000000037CF010091
:10FD64000000000037CF01000000000037CF010081
:08FD74000000000037CF010080
:10FD7C0099E6010000000000B56E01000D6E010057
:10FD8C0075700100A1E60100AFE60100C7E60100B5
:10FD9C00D3E60100DFE60100F1710100F9E6010094
:04FDAC000000000053
:10FDB0003D740100000000001D7301000000000000
:08FDC000000000008574010041
:08FDC800317901000FEB01008D
:10FDD000896A010009E6010069E6010000000000EF
:0CFDE000A7E5010000000000000000008A
:10FDEC000000000000000000000000000000000007
:10FDFC000000000000000000BFE701005D7601007C
:10FE0C00B1E701007DE90100E5E701000DE8010023
:10FE1C0041E8010051E801007FE801008BE8010096
:10FE2C0051E801006FE8010097E80100A5E8010026
:0CFE3C00B3E80100E9E80100EDE8010076
:10FE48000500000055470100000000000600000002
:10FE5800A16901000000000004000000814C0100BD
:04FE68000000000096
:10FE6C00A1EC000011EC00000000000000000000FC
:08FE7C0000000000000000007E
:10FE8400C40502000400000014060200070000007C
:08FE9400280202000900000031
:10FE9C008E1D02000300000062240200030000001B
:10FEAC003A13020003000000A5200200030000002A
:10FEBC004113020003000000E625020003000000CD
:10FECC00AF1B020003000000FF1C02000300000037
:10FEDC002822020003000000E129020003000000B8
:10FEEC00CF290200030000001326020003000000CB
:10FEFC00950C0200030000003526020003000000F0
:10FF0C00702602000300000081260200030000009E
:10FF1C00AE0C020003000000B20C02000300000053
:10FF2C00EA0D0200030000000D2A0200030000008D
:10FF3C0042120200030000009E12020003000000A7
:10FF4C00A612020003000000122B020003000000A6
:10FF5C00B5120200030000007E280200030000001E
:08FF6C001B2702000300000046
:10FF7400480302009C770020C90D02000100000024
:10FF84008C030200A8090020D90D02000100000022
:10FFA0000000000003000000A0000000F0000000BE
:10FFB00000000000050300000024F400000007001A
:10FFC00000000000B41A0200B91A0200BD1A0200B3
:10FFD000C11A0200C51A0200C91A0200CD1A020095
:10FFE000D11A0200D51A0200D91A0200DD1A020045
:10FFF000E11A0200E51A0200E91A0200ED1A0200F5
:020000022000DC
:10000000152B020000010000F401FA0096006400C4
:100010004B0032001E0014000A000500020001001F
:1000200001000100000101000001000100000100C9
:100030000100000001000B0002000A000500090099
:100040000A000800140007001E0006003200050028
:100050004B0004006400030096000200FA00010057
:10006000F4010000020301000C0802170D01010257
:10007000090901010602091818030101090903030E
:1000800005030201230202240910040405050B0BD9
:10009000040B2B1B1B151A1A1C021D1613050149F4
:1000A0000D150508061B0F02020801010000FEFEE7
:1000B000FEFEFEFEFEFEFEFEFEFEFEFEFEFEFE1648
:1000C000FEFEFEFEFEFEFEFEFEFEFEFEFEFEFE2628
:1000D000FEFEFEFEFEFEFEFEFEFEFEFEFEFEFEFE40
:1000E000FEFEEAEAA301B103BF05EF024906A30938
:1000F000C505F50B25120E021C045A03B406300682
:10010000600C000001000000101100400000000021
:100110000000000000000000000000000406080AC3
:100120000C0E10121416181C1E20222426282A2C0D
:100130002E30323436383A3C3E40424446484A4CEF
:100140004E021A5000003408E80300002CA6E0A17B
:10015000000000002800000018000000000000005F
:10016000141E000030110000000000007017000095
:10017000A00F00000000DC05E80300000000000004
:10018000141E00003011000000010302D8ECF0F44E
:10019000F8FC000203040506070800000000000048
:1001A000000000000000000000000000000001014D
:1001B000010102020202030303030404040405050F
:1001C0000505060606080900000000000000000002
:1001D0000000000000000000000000010101010219
:1001E00002020203030303040404040505050506D3
:1001F000060708090A0B0C0D060808010206001084
:100200000200FA000000000069E4000075E400004C
:1002100079E4000081E4000085E4000000000000B3
:100220000338FDD87047000030080200B3E3010036
:10023000000000005D0B0200000001002C0802001D
:10024000A5E401000000000090090020000001006A
:100250004C0B020000000000000000000000000045
:1002600000000000280802003DE40100E55E0100F6
:10027000780900200000030024080200A5E4010022
:100280000000000070090020000001002A0B02009D
:10029000000000000000000000000000000000005E
:1002A000200802003DE40100E55E0100580900203D
:1002B000000003001C080200A5E40100000000008B
:1002C00050090020000001003B0B0200000000006C
:1002D00031EC0000000000000000020001010000FD
:1002E000DC0B002007100000CC0B0020090A0000E6
:1002F0001F0B020000A0014000060000481C002067
:1003000000010000A1CC010043CC0100020000006C
:100310003DCE0100000000000000000000000000D1
:1003200000000000A90D0200B10D02000000000055
:100330000000000000000000B90D0200BD0D020029
:10034000C10D0200C50D0200710401006504010029
:10035000950401004D040100000000005904010053
:1003600000000000F1040100A47700203E7B002083
:10037000100000007C030200B47700207905010022
:10038000D47700204E7B002001000000FBCE01004E
:10039000F1CE0100BFCE0100B3CE0100000000008D
:1003A000A7CE010000000000C004002000000000F3
:1003B00000000B0602000000BC0302000000000069
:1003C0008F12020024000207000000209712020092
:1003D0001E000B11B511010000000000BBCF010091
:1003E000D4030200EC0302000001000050A1002031
:1003F000D4030200FC0302002E00000090AC002099
:10040000D40302000C0402000201000070AD0020C1
:10041000F11A02000F1B02002A1B02003A1B020005
:10042000471B0200501B0200571B02005E1B02000C
:10043000651B02006D1B0200471B0200751B0200BA
:10044000871B02009C1B02000E030000FD2C010014
:100450000F040000C92C01001A0100002115010041
:100460000504000039150100130100003D1B0100C7
:10047000FF0100008D1901003E0100006D1901000F
:100480000504000085150100100100002D16010073
:10049000011200004D2C01000A1E0000DFD30100F4
:1004A00003090000311C0100040B000015170100B6
:1004B000060A000009210100070A0000FD150100DD
:1004C0000C050000C9150100D4030200D404020089
:1004D0004700000090AE00202420020031200200DE
:1004E00051200200452002005C200200732002001F
:1004F00083200200A523020097200200D4030200FB
:10050000080502000000000058AF0020D4030200DC
:10051000180502000001000080AF002009D9010089
:100520000BD90100000000000000000000000000E6
:100530003D4A010000000000000000000000000033
:100540000000000002020100B5E101000404010006
:100550008559010006060100C55801000804010084
:10056000B15701000A0201009DE101000C040100E5
:1005700085E101000E040100855601002004010000
:10058000E955010010040100F954010012020100B4
:1005900039E10100160401002DDB01001801010002
:1005A0006BDE01001E00040003E2010052020000A5
:1005B0005FE10100D4030200C00502000201000057
:1005C000F8B2002048080200B3E301000000000078
:1005D000440802000000010040080200A5E40100F8
:1005E00000000000380A0020000001003808020066
:1005F00000000000000000000000000000000000FB
:10060000340802003DE40100E55E0100400A0020DC
:100610000000030074080200B3E3010000000000C2
:1006200070080200000001006C080200A5E401004F
:1006300000000000680A00200000010064080200B9
:10064000EBE30100000000000000000000000100DA
:1006500060080200A5E4010000000000600A00201C
:10066000000001005808020015E40100000000002D
:10067000000000000000010054080200A5E4010091
:1006800000000000580A0020000001004C08020091
:10069000DD5D01000000000000000000000001001E
:1006A000000000000000000000000000000000004A
:1006B0000000000055E501000000000000000000FF
:1006C0000000000000000000ED690100BD690100AC
:1006D00000000000696B0100E96A010029260200A0
:1006E000C56A010089E601002F260200FFFFFFFF17
:1006F000000000500000000000000000006000400A
:100700000000000000300040000000000000000079
:10071000000000000000980100000101E5720100E6
:1007200024070200003000403007020001000000F2
:1007300038070200020000001900000C1A00000B2C
:1007400000200040010000000000000060070200DF
:100750000000000F00000000F37B0020F27B00206F
:10076000002000406C070200010000007407020036
:1007700002000000060000000800000100400040E8
:100780000000000000000000000000000000000069
:10079000000000000000000000FF00010100000058
:1007A000C5EA0100FF000000B807020000000000D9
:1007B000000000000000000000400040C4070200EC
:1007C00001000000CC070200040000000F00000739
:1007D000100000080E0000090700000AA1810100B6
:1007E00087EB0100B5EB0100006000400000000055
:1007F000C32A0200D12A0200E52A0200F42A0200DC
:10080000002B0200FCFA0100FCFA01005CFB010075
:100810006CFB0100A4FB0100A4FB01000000032805
:10082000000002290000032800000229000003281C
:1008300000000028000002290000052A0000052A07
:100840000000032800000118000000280000042A0E
:100850000000042A000003280000012A0000012AE9
:10086000000003280000002A0000002A00000328DE
:1008700000000018000000284C696E656565652061
:100880002533750068656C6C6F0044657669636537
:10089000206E6F742072656164790A005156474179
:1008A0002077696E202830783033353029203D207C
:1008B0003078253032580A0042494E5F52444F5535
:1008C000545F59202830783033383129203D20308A
:1008D00078253032580A00494D475F4D4F44455FF7
:1008E00053454C202830783130303629203D203097
:1008F00078253032580A00656E61626C6564006468
:10090000697361626C6564004E6F746966696361E6
:1009100074696F6E732025730A0055706461746585
:1009200064204D54553A2054583A2025642052589A
:100930003A2025642062797465730A005258207247
:1009400065636569766564202564206279746573E2
:10095000202D2D3E00456E61626C696E67205374D8
:100960007265616D2E2E0A0044697361626C696E56
:10097000672053747265616D2E2E0A00426C756596
:10098000746F6F746820696E6974206661696C6544
:10099000642028657272202564290A00496D672049
:1009A000496E666F206E6F74696679206174747227
:1009B0006962757465206E6F7420666F756E642150
:1009C0000A00536B697070696E67206E6F74696698
:1009D00069636174696F6E2073696E636520636F0C
:1009E0006E6E656374696F6E206973206E6F74201C
:1009F0007965742065737461626C69736865640AF3
:100A000000496D6720496E666F726D6174696F6E23
:100A1000204E6F74696679206661696C65643A205E
:100A200025640A004D54552073657474696E6720FF
:100A3000666F722054783A202564210A004E6F2098
:100A400061637469766520636F6E6E656374696F48
:100A50006E0A005478204E6F746966792061747450
:100A6000726962757465206E6F7420666F756E644E
:100A7000210A00417474656D7074696E6720746F2B
:100A80002073656E6420706B74206F662073697AC2
:100A900065205B25645D20616E64206669727374F5
:100AA0002064617461205B25645D004E6F7469662B
:100AB00079206661696C65643A20256400416C6C3C
:100AC000206368756E6B732073656E740A00536BD8
:100AD000697070696E67206E6F74696669636174AE
:100AE000696F6E2073696E63652055415454204DC3
:100AF0005455206973206E6F742073756666696340
:100B000069656E742E52657175697265643A202547
:100B1000642C2041637475616C3A2025640A006975
:100B20006E736563745F63616D00023ECADC240E00
:100B3000E5A9E093F3A3B50400406E023ECADC24AD
:100B40000EE5A9E093F3A3B50200406E023ECADCB5
:100B5000240EE5A9E093F3A3B50300406E023ECA5C
:100B6000DC240EE5A9E093F3A3B50100406E4750E5
:100B7000494F544520696E6974206572726F722006
:100B800025640A004750494F544520636F6E6669DB
:100B900067206572726F722025640A0054696D6562
:100BA0007220696E6974206572726F722025640A02
:100BB0000050504920616C6C6F63206572726F72D7
:100BC0002025640A00484D303142305F434C4B3A97
:100BD00020436C6F636B206F757470757420656E45
:100BE00061626C6564206F6E2050302E2530326457
:100BF0000A0028756E7369676E65642920636861F1
:100C000072202A207573656420666F722025257016
:100C100020617267756D656E742E2049742773208C
:100C20007265636F6D6D656E64656420746F2063BB
:100C300061737420697420746F20766F6964202A50
:100C40002062656361757365206974206D61792028
:100C50006361757365206D69736265686176696F3C
:100C60007220696E206365727461696E20636F6EB5
:100C700066696775726174696F6E732E2053747242
:100C8000696E673A2225732220617267756D656E01
:100C9000743A25640063627072696E74665F706195
:100CA000636B616765006C6F6767696E67006C6F87
:100CB00067006C6F675F6D676D74004D657373617E
:100CC0006765202822257322292064726F70706561
:100CD000642062656361757365206974206578635B
:100CE000656564732073697A65206C696D697461E8
:100CF00074696F6E2028257529004D6573736167CF
:100D0000652064726F7070656420626563617573DD
:100D10006520697420657863656564732073697AFA
:100D200065206C696D69746174696F6E2028257522
:100D300029000D0A001B5B306D00257320005B2528
:100D400030386C755D20005B253032753A253032C5
:100D5000753A253032752E253033752C2530337594
:100D60005D200025732F003C25733E200025733A3B
:100D70002000253032782000202020007C002563D0
:100D800000206D657373616765732064726F7070A6
:100D90006564202D2D2D0D0A1B5B306D001B5B3112
:100DA0003B33316D2D2D2D20001B5B313B33316DDD
:100DB000001B5B313B33336D006572720077726EDE
:100DC00000696E6600646267006C6F675F626163F2
:100DD0006B656E645F727474006C6F675F626163F1
:100DE0006B656E645F75617274006C6F675F7561CF
:100DF0007274002A2A2A20426F6F74696E67206E0F
:100E0000524620436F6E6E6563742053444B2076C8
:100E1000332E302E322D38396261313239346163EC
:100E20003962202A2A2A0A002A2A2A205573696E42
:100E300067205A6570687972204F532076342E30BF
:100E40002E39392D66373931633439663439326396
:100E5000202A2A2A0A0072302F61313A2020307865
:100E600025303878202072312F61323A20203078B6
:100E700025303878202072322F61333A20203078A4
:100E8000253038780072332F61343A2020307825AD
:100E9000303878207231322F69703A20203078252E
:100EA000303878207231342F6C723A202030782517
:100EB0003038780020787073723A202030782530EE
:100EC0003878004661756C74696E6720696E73745A
:100ED00072756374696F6E206164647265737320E8
:100EE000287231352F7063293A20307825303878D0
:100EF00000556E68616E646C6564204952516E3AAB
:100F0000202564002A2A2A2A2A204D5055204641AD
:100F1000554C54202A2A2A2A2A002020537461631F
:100F20006B696E67206572726F722028636F6E74D2
:100F30006578742061726561206D696768742062EC
:100F400065206E6F742076616C69642900202055DD
:100F50006E737461636B696E67206572726F720085
:100F60002020446174612041636365737320566976
:100F70006F6C6174696F6E0020204D4D46415220A8
:100F8000416464726573733A2030782578002020BC
:100F9000496E737472756374696F6E204163636523
:100FA00073732056696F6C6174696F6E0020204600
:100FB0006C6F6174696E672D706F696E74206C61FF
:100FC0007A792073746174652070726573657276C6
:100FD0006174696F6E206572726F72002A2A2A2A04
:100FE0002A205553414745204641554C54202A2A32
:100FF0002A2A2A0020204469766973696F6E20626C
:1010000079207A65726F002020556E616C69676E79
:101010006564206D656D6F727920616363657373BC
:101020000020204E6F20636F70726F636573736F63
:101030007220696E737472756374696F6E730020C9
:1010400020496C6C6567616C206C6F6164206F6611
:10105000204558435F52455455524E20696E746F77
:10106000205043002020496C6C6567616C207573CB
:1010700065206F662074686520455053520020201B
:10108000417474656D707420746F20657865637544
:10109000746520756E646566696E656420696E733B
:1010A0007472756374696F6E002A2A2A2A2A204294
:1010B0005553204641554C54202A2A2A2A2A0020DA
:1010C00020537461636B696E67206572726F720082
:1010D00020205072656369736520646174612062C9
:1010E0007573206572726F72002020424641522053
:1010F000416464726573733A20307825780020204B
:10110000496D707265636973652064617461206202
:101110007573206572726F72002020496E7374724D
:10112000756374696F6E20627573206572726F7279
:1011300000526573657276656420457863657074E6
:10114000696F6E20280053707572696F757320691E
:101150006E74657272757074202849525120005364
:101160005053454C20696E20746872656164206D2F
:101170006F646520646F6573206E6F7420696E64A0
:10118000696361746520505350002A2A2A2A2A2054
:1011900048415244204641554C54202A2A2A2A2AA2
:1011A000002020427573206661756C74206F6E207C
:1011B000766563746F72207461626C65207265611C
:1011C000640020204465627567206576656E740052
:1011D00020204661756C7420657363616C6174696D
:1011E0006F6E20287365652062656C6F77290041FA
:1011F0005243485F455843455054207769746820EE
:10120000726561736F6E2025780A002A2A2A2A2ABD
:10121000204465627567206D6F6E69746F7220651A
:101220007863657074696F6E202A2A2A2A2A002A38
:101230002A2A2A2A20257320256429202A2A2A2AB4
:101240002A006D7075004661696C656420746F20BA
:10125000616C6C6F63617465206E6577204D5055CD
:1012600020726567696F6E2025750A00506172747F
:101270006974696F6E2025753A2073616E6974799F
:1012800020636865636B206661696C65642E004647
:101290004C4153485F30005352414D5F30006E6502
:1012A000745F627566006E65745F6275665F736910
:1012B0006D706C6500736F630000FFFFFFFFFFFF41
:1012C00000000000000000FFFFFFFFFFFF00000024
:1012D0000000007075626C69630072616E646F6D0E
:1012E000007075626C69632D69640072616E646F71
:1012F0006D2D696400253032583A253032583A2530
:101300003032583A253032583A253032583A253062
:10131000325820282573290030313233343536379E
:1013200038396162636465660002FB349B5F80004C
:101330000080001000000000000062745F627566AB
:101340000062745F6461746100446174612062755D
:1013500066666572206F766572666C6F7720286CA2
:10136000696E6B2074797065203078253032782969
:1013700000556E61626C6520746F206C6F6F6B201E
:10138000757020636F6E6E20776974682068616E77
:10139000646C6520257500556E61626C6520746F04
:1013A000206C6F6F6B757020636F6E6E20666F724E
:1013B0002068616E646C65202575004861726477F1
:1013C000617265206572726F722C20686172647739
:1013D00061726520636F64653A20256400436F7510
:1013E0006C64206E6F74207375626D6974207278FE
:1013F0005F776F726B3A20256400556E61626C6591
:1014000020746F20616C6C6F636174652062756617
:1014100066657200556E68616E646C656420657601
:10142000656E7420307825303278206C656E20250A
:10143000753A202573004E6F2070656E64696E6783
:10144000207065726970686572616C20636F6E6E82
:10145000656374696F6E00556E6578706563746559
:10146000642073746174757320307825303278206D
:10147000257300546F6F20736D616C6C2028257587
:1014800020627974657329206576656E74203078E2
:101490002530327800496E76616C69642048434992
:1014A0002041434C207061636B65742073697A65D9
:1014B00020282575290041434C2064617461206C0B
:1014C000656E677468206D69736D61746368202848
:1014D000257520213D2025752900556E61626C65BA
:1014E00020746F2066696E6420636F6E6E20666F75
:1014F000722068616E646C6520257500496E7661A6
:101500006C696420484349206576656E7420736970
:101510007A65202825752900574553545F544F504C
:101520004449522F7A65706879722F7375627379A6
:10153000732F626C7565746F6F74682F686F737446
:101540002F6863695F636F72652E630062745F6802
:1015500063695F6576745F6765745F666C61677306
:10156000286864722D3E657674292026202831551E
:101570004C203C3C202831292900415353455254EA
:10158000494F4E204641494C205B25735D20402049
:1015900025733A25640A00556E6B6E6F776E206274
:1015A0007566207479706520257500556E68616ECA
:1015B000646C65642076656E646F722D737065630C
:1015C00069666963206576656E74203078253032EF
:1015D00078206C656E2025753A202573004E6F20AB
:1015E000636F6D6D616E642073656E7420666F72DB
:1015F00020636D6420636F6D706C65746520307856
:1016000025303478004F70436F6465203078253082
:10161000347820636F6D706C6574656420696E73D7
:1016200074656164206F66206578706563746564B5
:101630002030782530347800657674206E756D5FC3
:1016400068616E646C657320283D25752920746F70
:101650006F206C6172676520282575203E202575F6
:1016600029004E6F20636F6E6E656374696F6E2024
:10167000666F722068616E646C652025750070610C
:10168000636B65747320636F756E74206D69736D21
:101690006174636800696E74657276616C20657848
:1016A0006365656473207468652076616C69642085
:1016B00072616E676520307825303478006C617413
:1016C000656E637920657863656564732074686509
:1016D0002076616C69642072616E676520307825C0
:1016E00030347800737570765F74696D656F7574EA
:1016F0002065786365656473207468652076616C25
:1017000069642072616E6765203078253034780016
:10171000756E6B6E6F776E006576745F666C616771
:10172000732026202831554C203C3C202830292984
:1017300000496E76616C6964206275662074797008
:1017400065202575005B305D004964656E746974C1
:101750007925733A202573004964656E746974793C
:101760005B25645D3A202573004843493A2076653D
:101770007273696F6E202573202830782530327897
:1017800029207265766973696F6E20307825303450
:10179000782C206D616E7566616374757265722058
:1017A000307825303478004C4D503A20766572738D
:1017B000696F6E20257320283078253032782920F3
:1017C0007375627665722030782530347800556EF6
:1017D00061626C6520746F2073656E6420746F2085
:1017E000647269766572202865727220256429000A
:1017F000556E636C65617265642070656E64696EB8
:10180000672073656E745F636D64007375636365F1
:1018100073730009636F6D6D616E64206F70636F29
:101820006465203078253034782074696D656F7573
:10183000740A00657272203D3D20300009436F6ECE
:1018400074726F6C6C657220756E726573706F6EFA
:10185000736976652C20636F6D6D616E64206F70A7
:10186000636F6465203078253034782074696D6545
:101870006F75742077697468206572722025640A18
:10188000006F70636F646520307825303478207382
:101890007461747573203078253032782025730098
:1018A0004661696C656420746F20726561642044D0
:1018B0004C45206D61782064617461206C656E0018
:1018C00074785F6F637465747320657863656564AD
:1018D00073207468652076616C69642072616E673C
:1018E000652025750074785F74696D65206578637F
:1018F00065656473207468652076616C6964207224
:10190000616E6765202575004E6F6E2D4C45206316
:10191000617061626C6520636F6E74726F6C6C6570
:1019200072206465746563746564210041434C20D2
:1019300042522F4544522062756666657273206E6E
:101940006F7420696E697469616C697A65640056A8
:10195000656E646F722048434920657874656E73C4
:10196000696F6E73206E6F7420617661696C61625D
:101970006C6500485720506C6174666F726D3A2038
:101980002573202830782530347829004857205690
:10199000617269616E743A20257320283078253091
:1019A000347829004669726D776172653A20257333
:1019B0002028307825303278292056657273696F77
:1019C0006E2025752E2575204275696C642025755D
:1019D000004661696C656420746F207265616420E3
:1019E000737570706F727465642076656E646F7263
:1019F00020636F6D6D616E6473004661696C656430
:101A000020746F207265616420737570706F7274DA
:101A100065642076656E646F7220666561747572A8
:101A20006573004843492064726976657220697362
:101A3000206E6F74207265616479004254205258A0
:101A40002057510048434920647269766572206FBF
:101A500070656E206661696C6564202825642900C4
:101A60004E6F2070656E64696E6720636F6E6E20C6
:101A7000666F72207065657220257300556E6578FB
:101A800070656374656420484F53545F4E554D5FD5
:101A9000434F4D504C455445445F5041434B455492
:101AA000532C20737461747573203078253032782C
:101AB00020257300312E306200312E3100312E325C
:101AC00000322E3000322E3100332E3000342E30D2
:101AD00000342E3100342E3200352E3000352E31B8
:101AE00000352E3200352E3300352E3400362E30A0
:101AF000005374616E6461726420426C7565746F2A
:101B00006F746820636F6E74726F6C6C65720056D0
:101B1000656E646F722073706563696669632063C4
:101B20006F6E74726F6C6C6572004669726D77616E
:101B30007265206C6F6164657200526573637565D0
:101B400020696D6167650072657365727665640012
:101B50006E5246353178006E5246353278006E52FC
:101B600046353378006E524635344878006E52461A
:101B700035344C7800496E74656C20436F72706F19
:101B8000726174696F6E004E6F7264696320536591
:101B90006D69636F6E647563746F72004E58502088
:101BA00053656D69636F6E647563746F7273006201
:101BB000745F6863695F636F726500636D6420645E
:101BC0006973616C6C6F776564004F6E6C7920721D
:101BD000616E646F6D2073746174696320696465FC
:101BE0006E746974792061646472657373207375AF
:101BF00070706F7274656400496E76616C69642000
:101C0000696E70757420706172616D657465727350
:101C1000004661696C656420746F207265616420A0
:101C20007075626C696320616464726573730052DD
:101C300065616420537461746963204164647265F2
:101C40007373657320636F6D6D616E64206E6F7466
:101C500020617661696C61626C65004661696C65E2
:101C60006420746F207265616420737461746963A9
:101C700020616464726573736573004E6F207374C2
:101C80006174696320616464726573736573207342
:101C9000746F72656420696E20636F6E74726F6C0E
:101CA0006C65720043616E27742073657420626FE7
:101CB0007468204944454E544954592026204E52B8
:101CC000504100556E61626C6520746F20736574BD
:101CD000206964656E7469747920616464726573E7
:101CE0007300556E61626C6520746F20736574209B
:101CF00072616E646F6D20616464726573730062FB
:101D0000745F696400546F6F206269672061647654
:101D10006572746973696E672064617461004661FD
:101D2000696C656420746F207374617274206164DF
:101D30007665727469736572004661696C656420CA
:101D4000746F2073746F7020616476657274697348
:101D5000696E673A20256400436F6E74726F6C6C15
:101D600065722063616E6E6F7420726573756D6548
:101D700020636F6E6E65637461626C65206164766A
:101D80006572746973696E6720282564290062741E
:101D90005F616476004661696C65642072656164A8
:101DA0002072656D6F746520666561747572657308
:101DB0002028256429004661696C6564204C452013
:101DC00053657420504859202825642900466169CC
:101DD0006C656420746F2073657420646174612085
:101DE0006C656E202825642900556E6578706563E2
:101DF000746564206669727374204C3243415020CC
:101E00006672616D6500556E6578706563746564B2
:101E1000204C3243415020636F6E74696E7561745B
:101E2000696F6E004E6F7420656E6F756768206213
:101E3000756666657220737061636520666F7220D7
:101E40004C32434150206461746100556E65787076
:101E500065637465642041434C20666C6167732040
:101E600028307825303278290041434C206C656E4B
:101E7000206D69736D6174636820282575203E208C
:101E80002575290028756E6B6E6F776E29006E6F51
:101E9000207472616E736974696F6E2025730049D6
:101EA0006E76616C69642028257529206F6C64202A
:101EB000737461746500636F6E6E202570206661B7
:101EC000696C656420746F2065737461626C6973FA
:101ED000682E205246206E6F6973653F006E6F203A
:101EE00076616C6964202825752920737461746596
:101EF000207761732073657400696E636F6D706124
:101F00007469626C652068616E646C65202575007B
:101F100054696D656F75742064697363617264657B
:101F2000642E204E6F20626C6F636B696E67206950
:101F30006E2073797377712E00556E61626C652027
:101F4000746F20616C6C6F63617465206275666686
:101F500065722077697468696E2074696D656F7544
:101F60007400636F6E6E2025703A206E6F7420636C
:101F70006F6E6E656374656400466174616C2065A4
:101F800072726F7220282564292E20446973636F52
:101F90006E6E656374696E6720257000466F756E9E
:101FA000642076616C696420636F6E6E656374692A
:101FB0006F6E202825702920776974682061646419
:101FC0007265737320257320696E202573207374E6
:101FD000617465200053656E64204C452070617209
:101FE000616D20757064617465206661696C6564FB
:101FF0002028657272202564290053656E64206173
:1020000075746F204C4520706172616D207570642D
:10201000617465206661696C656420286572722050
:1020200025642900646973636F6E6E65637465640B
:1020300000646973636F6E6E6563742D636F6D709A
:102040006C657465007363616E2D6265666F7265A1
:102050002D696E6974696174696E6700696E69746F
:10206000696174696E672D66696C7465722D6C693F
:102070007374006164762D636F6E6E656374616264
:102080006C65006164762D6469722D636F6E6E6598
:10209000637461626C6500646973636F6E6E65631F
:1020A00074696E670062745F636F6E6E00556E6177
:1020B000626C6520746F20616C6C6F636174652065
:1020C00062756666657220666F72206F7020307868
:1020D00025303278004E6F20617661696C61626CE8
:1020E00065204C3243415020636F6E7465787420D4
:1020F000666F7220636F6E6E202570004578706584
:102100006374696E6720757020746F202564207277
:102110006566732C20676F7420256400616C72659E
:1021200061647920686176652076696577206F6ED5
:10213000202570004C32434150206C656E677468F6
:10214000206D69736D617463682028257520213DB9
:102150002025752900496E76616C69642069646583
:102160006E742076616C756520696E204C32434137
:10217000502050445500546F6F20736D616C6C207B
:102180004C4520636F6E6E20706172616D207273BA
:10219000700052656A656374696E6720756E6B6E58
:1021A0006F776E204C324341502050445520636F6E
:1021B00064652030782530327800546F6F20736D5D
:1021C000616C6C204C32434150207369676E616CC6
:1021D000696E672050445500546F6F20736D616CB9
:1021E0006C204C3243415020504455207265636549
:1021F000697665640049676E6F72696E6720646115
:10220000746120666F7220756E6B6E6F776E2063DF
:1022100068616E6E656C20494420307825303478D2
:1022200000636F6E6669670062745F6C3263617031
:10223000004E6F20617661696C61626C652041546B
:102240005420636F6E7465787420666F7220636FBC
:102250006E6E202570004E6F20617661696C616240
:102260006C6520415454206368616E6E656C206615
:102270006F7220636F6E6E20257000415454204DA4
:1022800054552065786365656465642C206D6178BC
:102290002025752C2077616E74656420257A750081
:1022A000556E61626C6520746F2063726561746540
:1022B00020555549443A2073697A652025750055A3
:1022C0006E61626C6520746F206372656174652055
:1022D000555549443A2073697A6520256400415474
:1022E00054206368616E6E656C206E6F7420636F3E
:1022F0006E6E6563746564004572726F72207369F7
:10230000676E696E6720646174610052616E206F50
:102310007574206F66205458206275666665727306
:10232000206F7220636F6E74657874732E00476F30
:1023300074206572722025642C206E6F7420636196
:102340006C6C696E672041545420636200546F6F57
:1023500020736D616C6C20415454205044552072A0
:102360006563656976656400556E68616E646C6569
:10237000642041545420636F6465203078253032E6
:102380007800496E76616C6964206C656E202575F5
:1023900020666F7220636F64652030782530327854
:1023A000004E6F7420636F6E6E65637465640055D4
:1023B0006E61626C6520746F2066696E64204154A2
:1023C00054206368616E6E656C004E6F20415454FA
:1023D000206368616E6E656C20666F72204D545587
:1023E00020257A75004E6F20554154542063686152
:1023F0006E6E656C20666F756E6420696E20257048
:10240000004E6F2070656E64696E672041545420E1
:1024100072657175657374004154542054696D651B
:102420006F757420666F7220646576696365202518
:10243000732E20446973636F6E6E656374696E6793
:102440002E2E2E00446973636F6E6E656374696E21
:1024500067206661696C6564202865727220256456
:10246000290062745F61747400756E61626C65202E
:10247000746F20736176652053433A206E6F20633A
:102480006667206C6566740076616C75655F6C6567
:102490006E206F662025752070726F7669646564A2
:1024A00020666F72204E554C4C2076616C7565002D
:1024B0004E6F20737061636520746F2073746F7248
:1024C0006520434343206366670052656164206D65
:1024D0006574686F64206E6F742073657400466164
:1024E000696C656420746F20726561642061747426
:1024F00072696275746520257020286572722025C6
:102500007A642900496E76616C6964207265616441
:10251000206C656E6774683A20257A64004C696E99
:102520006B206973206E6F7420656E6372797074AE
:10253000656400446576696365206973206E6F7415
:10254000207375627363726962656420746F2063BF
:1025500068617261637465726973746963004E6F58
:102560002062756666657220617661696C61626C75
:102570006520746F2073656E6420696E64696361A1
:1025800074696F6E00434343202570206E6F742082
:102590007772697461626C6500534320726573746D
:1025A0006F726520696E6469636174696F6E20661D
:1025B00061696C6564004E6F2062756666657220A5
:1025C000617661696C61626C6520746F2073656E01
:1025D00064206E6F74696669636174696F6E00620E
:1025E000742F6363630062745F67617474004E6F7D
:1025F00020617661696C61626C6520534D50206387
:102600006F6E7465787420666F7220636F6E6E20D3
:1026100025700062745F736D7000636C6F636B4054
:102620003430303030303030006866636C6B006CB2
:1026300066636C6B00636C6F636B5F636F6E747269
:102640006F6C0072616E646F6D4034303030643096
:10265000303000656E74726F70795F62745F6863AA
:1026600069006770696F403530303030303030008D
:102670006932630069326340343030303330303097
:10268000006932635F6E7266785F747769004661D5
:10269000696C656420746F20696E697469616C6926
:1026A0007A65206465766963653A20257300756EE6
:1026B000737570706F727465642073706565640003
:1026C00031302D62697420493243204164647220A4
:1026D00064657669636573206E6F742073757070BE
:1026E0006F72746564000001020304050607466109
:1026F000696C656420746F20616C6C6F63617465D4
:1027000020505049204368616E6E656C007561729F
:102710007440343030303230303000756172745F64
:102720006E7266785F75617274650048616C662DC3
:102730006475706C6578206E6F7420737570706F3F
:1027400072746564004D6173746572206D6F6465A9
:10275000206973206E6F7420737570706F7274656A
:1027600064206F6E202573004C6F6F706261636B25
:10277000206D6F6465206973206E6F7420737570AF
:10278000706F7274656400576F72642073697A6544
:1027900073206F74686572207468616E20382062DF
:1027A00069747320617265206E6F74207375707028
:1027B0006F7274656400435320636F6E74726F6C44
:1027C00020766961204750494F206973206E6F74ED
:1027D00020737570706F72746564005363617474F4
:1027E00065726564206275666665727320617265E4
:1027F000206E6F7420737570706F72746564004F13
:102800006E6C792062756666657273206C6F6361A9
:1028100074656420696E2052414D20617265207399
:102820007570706F7274656400496E76616C69646E
:10283000206275666665722073697A65733A205402
:10284000782025642F52782025640054696D656FC7
:1028500075742077616974696E6720666F72207481
:1028600072616E7366657220636F6D706C657465FE
:102870000073706940343030303430303000737061
:10288000695F6E7266785F7370697300536F667408
:1028900044657669636520436F6E74726F6C6C6516
:1028A00072204153534552543A2025732C202564FD
:1028B00000536F667444657669636520436F6E7478
:1028C000726F6C6C6572206275696C6420726576DB
:1028D0006973696F6E3A2000456E74726F7079206B
:1028E000736F7572636520646576696365206E6FCA
:1028F00074207265616479004661696C6564207456
:102900006F2072656769737465722072616E6420EE
:10291000736F75726365202825642900416C6C6FA4
:102920006361746564206D656D6F727920746F6F7B
:10293000206C6F773A202575203C20257500457660
:10294000656E742062756666657220746F6F2073A1
:102950006D616C6C2E202575203E20257500556E0E
:102960006578706563746564206D73675F747970F2
:10297000653A2025752E20546869732069662D6597
:102980006C7365206E656564732061206E657720C9
:102990006272616E636800556E6B6E6F776E206554
:1029A00072726F72207768656E2070726F636573E4
:1029B00073696E6720686369206D6573736167650D
:1029C0002025640062745F6863695F7364630062FA
:1029D000745F7364635F6863695F6472697665726C
:1029E0000062745F7364635F63727970746F004D2B
:1029F00050534C204153534552543A2025732C20B8
:102A00002564004D50534C20576F726B006D7073EE
:102A10006C5F696E69740000000000010000000135
:102A200001000001010101000000005465726D69A0
:102A30006E616C00000000000000545452205245AA
:102A4000474745530048616C74696E67207379731A
:102A500074656D00556E6B6E6F776E206572726F68
:102A600072003E3E3E205A4550485952204641543D
:102A7000414C204552524F522025643A2025732064
:102A80006F6E20435055202564004661756C74209C
:102A9000647572696E6720696E74657272757074A0
:102AA0002068616E646C696E670A004375727265B6
:102AB0006E74207468726561643A20257020282540
:102AC00073290043505520657863657074696F6E93
:102AD00000556E68616E646C656420696E74657221
:102AE0007275707400537461636B206F76657266E3
:102AF0006C6F77004B65726E656C206F6F70730042
:102B00004B65726E656C2070616E6963006D616902
:102B10006E006F7300737973776F726B7100899AAF
:102B2000508A95019C58FC39D2C11004EE0264CE43
:102B300025BE00FFFFFFFF1F00647261676F6F6EAD
:102B40002F6C6962732F7363686564756C696E6757
:102B50002F7372632F72656D5F68616C5F65766558
:102B60006E745F74696D65722E6300286E756C6C8F
:0C2B700029002A666C6F61742A000000C6
:102B8400FFFFFFFFFF1F00001F0000000000000008
:102B94005D40000000000000FFFFFFFF1FFF00007A
:102BA400BAABBABA10101010000000000080004048
:102BB40000000000000000000C0000000000000005
:102BC40000FF7F0000000000000000000000000083
:102BD400FD290000000000002BCB000000000000D5
:102BE40009CB000000000000152A000000000000CE
:102BF4004BCB0000000000000000000000000000BB
:102C040000000000000000000000000000000000C0
:102C140000000000000000000000000000000000B0
:102C240000000000000000000000000000000000A0
:102C34000000000000000000000000000000000090
:102C44000000000000000000000000000000000080
:102C54000000000000000000000000000000000070
:102C64000000000000000000000000000000000060
:102C74000000000000000000000000000000000050
:102C84000000000000000000000000000000000040
:102C94000000000000000000000000000000000030
:102CA4000000000000000000000000000000000020
:102CB4000000000000000000000000000000000010
:102CC4000000000000000000000000000000000000
:102CD40000000000000000000000000000000000F0
:102CE40000000000000000000000000000000000E0
:102CF40000000000000000000000000000000000D0
:102D040000000000000000000000000000000000BF
:102D140000000000000000000000000000000000AF
:102D2400000000000000000000000000000000009F
:102D3400000000000000000000000000000000008F
:102D4400000000000000000000000000000000007F
:102D5400000000000000000000000000000000006F
:102D6400000000000000000000000000000000005F
:102D7400000000000000000000000000000000004F
:102D8400000000000000000000000000000000003F
:102D9400000000000000000000000000000000002F
:102DA400000000000000000000000000000000001F
:102DB400000000000000000000000000000000000F
:102DC40000000000000000000000000000000000FF
:102DD40000000000000000000000000000000000EF
:102DE40000000000000000000000000000000000DF
:102DF40000000000000000000000000000000000CF
:102E040000000000000000000000000000000000BE
:102E140000000000000000000000000000000000AE
:102E2400000000000000000000000000000000009E
:102E340000000000000000000000000080070020E7
:102E440019E300001FE3000021E3000047E3000052
:102E540025E3000051E300002BE300005DE30000E4
:102E640031E3000063E300003DE3000041E30000C0
:102E740033E3000039E300004DE3000057E30000B2
:102E8400000000000000000000000000000000003E
:102E9400000000000000000000000000000000002E
:102EA400000000000000000000000000000000001E
:102EB400000000000000000000000000000000000E
:102EC40000000000000000000000000000000000FE
:102ED40000000000000000000000000000000000EE
:102EE40000000000000000000000000000000000DE
:102EF40000000000000000000000000000000000CE
:102F040000000000000000000000000000000000BD
:102F140000000000000000000000000000000000AD
:102F2400000000000000000000000000000000009D
:102F3400000000000000000000000000000000008D
:102F44000000000000000000B9290100000000009A
:102F5400000000000000000000000000000000006D
:102F6400000000000000000000000000000000005D
:102F7400000000000000000000000000000000004D
:102F8400000000000000000000000000000000003D
:102F9400000000000000000000000000000000002D
:102FA400000000000000000000000000000000001D
:102FB400000000000000000000000000000000000D
:102FC40000000000000000000000000000000000FD
:102FD40000000000000000000000000000000000ED
:102FE40000000000000000000000000008FC0100D8
:102FF40030FC010000512502070100000000000020
:10300400000000000000000005EC000000000000CB
:103014003B0B020000000C00000000000000000058
:1030240000000000E5EB00000000000000000000CC
:103034002A0B020000001000000000000000000045
:1030440000000000E5EB00000000000000000000AC
:103054004C0B020000001000006000400000000063
:1030640077C5010063CC0100740302000000000076
:1030740000000000B1CF01000000000000000000CB
:1030840000000000AFD401000000000000000000B8
:1030940000000000391801000000000000000000DA
:1030A40000000000014001000000000000000000DA
:1030B40000000000A1390100000000000000000031
:1030C400000A0020000A00200000000000000000A8
:1030D400894B01002D5B010000000000000000008E
:1030E400000000006152010077E00100A3DF01004D
:1030F4007D4B0100000000003C080200000020009D
:1031040000000000000000000000000000000000BB
:103114005FE301000000000050080200000002000C
:103124005C080200000002006808020000000200BF
:1031340000000000740A0020740A0020010000004E
:1031440001000000840A0020840A00208C0A002068
:103154008C0A002000000000010000009C0A0020EE
:103164009C0A002000000000B80A002000000000B3
:10317400000000000000000000000000000000004B
:10318400F47B00202000000000000000000000008C
:10319400000000000000000000000000DC0A002025
:1031A400DC0A00200000000001000000EC0A0020FE
:1031B400EC0A0020F40A0020F40A002000000000B9
:1031C40001000000040B0020040B0020000000009C
:1031D40000000000000000000000000000000000EB
:1031E40000000000000000000000000000000000DB
:1031F4000000000030FC0100380B0020380B0020D8
:103204000000000001000000480B0020480B0020D3
:1032140000000000000000000000000000000000AA
:10322400000000000000000000000000000000009A
:10323400000000000000000000000000000000008A
:10324400000000000000000000000000000000007A
:10325400000000000000000000000000000000006A
:103264000000000000000000000000000800000052
:10327400FF0000000000000001000000000000004A
:10328400FFFF0100C40B0020C40B00203ECADC2455
:0E3294000EE5A9E093F3A3B50100406E060518
:1032A200000000000000000000000000000000001C
:1032B400000000000000000000000000000000000A
:1032C40000000000000000000000000000000000FA
:1032D40000000000000000000000000000000000EA
:1032E40000000000000000000000000000000000DA
:0432F40000000000D6
:1032F800340C0020340C002078B6002000000000B8
:10330800010000002C00000000000000500C00200C
:10331800500C002060870020000000000100000021
:10332800B0000000000000006C0C00206C0C0020B5
:10333800A4B60020000000000300000010000000F8
:043348000000000081
:10334C00880C0020880C0020000000000000000009
:04335C000E0000005F
:103360009C0C00209C0C00200000000001000000CC
:10337000AC0C0020AC0C0020B40C0020B40C0020DD
:1033800000000000FFFFFFFFC40C0020C40C002061
:103390000000000000000000D40C0020D40C00202D
:0833A000DC0C0020DC0C002015
:1033A8000000000000000000EC0C0020EC0C0020E5
:1033B800F40C0020F40C00200300030010000000AF
:1033C800000000000C05020080B200200000000090
:1033D80000000000180D0020180D0020200D00200E
:1033E800200D0020030003001000000051510100CF
:1033F800B405020000B60020000000000000000034
:10340800440D0020440D00204C0D00204C0D0020E0
:10341800030003000100000000000000F0030200A8
:103428001CAD00200000000000000000700D00200E
:10343800700D0020780D0020780D0020010001009B
:103448001000000051380100FC04020058AF0020B1
:1034580000000000000000009C0D00209C0D0020D2
:10346800A40D0020A40D00200200020001000000AD
:1034780000000000C804020020AF00200000000087
:1034880000000000C80D0020C80D0020D00D00204D
:10349800D00D00200A000A0006000000891401006F
:1034A800E003020050AB0020000000000000000014
:1034B800F40D0020F40D0020FC0D0020FC0D002070
:1034C80001000100010000000000000000040200EB
:0434D80074AE0020AE
:0434DC0015E015E002
:0400000310000B31AD
:00000001FF
